wallet,label,quality,depth,liquidation,age,activity,volume,utilization,handP,events,closed,open
0xE89B5163d6D7eF4aB3726b8f87ADE0ceDAC25A67,1,0.594865,0.002582,0.004297,0.855358,0.137931,0.072356,0,0.534737,8,2,0
0x67f0Ee84300386cf224d60bc3D1bE35213255086,1,0.6,0,0,0.869415,0.056603,0,0.001996,0.530333,3,0,2
0x8F9127cAcAF2727004B47B81ea7F77fd75294a8F,1,0.563765,0.018917,0.031135,0.885475,0.107142,0,0,0.49553,6,2,0
0x45847bb240f378667caAe2AD55d4E2d01F1Aee6F,1,0.481345,0.068859,0.109729,0.579713,0.305555,0.047619,0.143101,0.339088,22,1,4
0x67FE71a3d3528127f856e5e6FdaC955281404bF0,1,0.6,0,0,0.869303,0.038461,0,0.001996,0.528727,2,0,2
0x1dc9e47e76469Ef960524b48d064408a02d82882,1,0.6,0,0,0.867618,0.019607,0,0.000999,0.526803,1,0,1
0x980B13db84D36780BF37C3d0a7772b2B0f56556B,1,0.6,0,0,0.726586,0.166666,0.011662,0,0.509084,10,0,0
0x022DEC3a4E53167d55379Ff00FBC8640892DF447,0,0.606405,0.004858,0,0.869291,0.090909,0,0,0.54016,5,2,0
0xE8AC72f4F16CC601a426106Aa9C6079D4b840013,0,0.6,0,0,0.669849,0.074074,0.012052,0,0.488255,4,0,0
0x7f5ff301328391930fFfbb1a781CAB47f5Ec48C4,0,0.6,0,0,0.045868,0.019607,0,0.000999,0.347,1,0,1
0x58207AdeB45a442f3f15811526FEd0d3f6f5C640,0,0.590565,0.004769,0.007924,0.869124,0.342105,0.432527,0,0.581451,26,2,0
0x2f4436674bC74eaE8910e1471394c72AEb464b72,0,0.6,0,0,0.50273,0.038461,0.028937,0,0.449189,2,0,0
0x1B9eFC107d3cBC3D56060dF25b20e203732A1FB0,0,0.548867,0.027188,0.044506,0.77594,0.122807,0.132847,0,0.46601,7,1,0
0x220e1e6FEcE87cBd03F87c40F45AfbbB3237b393,0,0.6,0,0,0.479943,0.137931,0.339933,0.720826,0.408752,8,0,1
0xBA618F295EfF5fB2EC398C05f4535f034678EdD7,0,0.909824,0.507567,0,0.415533,0.509803,0.917409,0.395038,0.843797,52,1,1
0xCEEc00500Ec676dAd7158E0239e2d2A5520e0D9D,1,0.328254,0.730733,0.760431,0.678146,0.568965,0.937862,0,0.191695,66,5,0
0x62F07dC8E51527D08F134522a5012042f4676E7a,1,0.6,0,0,0.869365,0.056603,0,0.001996,0.530322,3,0,2
0x54D134F54F0EFaeb6D2E4738921396EF5067FDA4,1,0.511542,0.109216,0.125907,0.61917,0.253731,0.02477,0.001937,0.378837,17,3,1
0x5Abbd341B785A963892341bc74bA75EE069122f0,1,0.563503,0.056854,0.058471,0.832827,0.295774,0.044342,0.05473,0.492948,21,5,1
0x891F6a8DF7673D24783F856eeD248F5745a3d866,1,0.196677,0.413463,0.533899,0.890305,0.152542,0.711632,0.423178,0.131609,9,3,1
0xDE7a1d1b1a36499C60e330Ea94359Fdef1B7bd3c,1,0.6,0,0,0.676434,0.074074,0.045437,0,0.492656,4,0,0
0x0790a07D94fC204E6ADe56632DA898fAd5c6e334,1,0.037906,0.816462,0.881151,0.815674,0.375,0.973229,0,0.075696,30,3,0
0xE78b4b5F420e1bc5f9C7bb9FD4Ee0CB585E14f8a,1,0.080603,0.65907,0.763141,0.718276,0.333333,0.854853,0,0.082631,25,2,0
0x7153A6b52d974fCbB53d6E4E09BD376ae8D1D50f,1,0.6,0,0,0.869365,0.019607,0,0.000999,0.527195,1,0,1
0x9F74dDC00bE5435D234842040bA1a6F63ae82442,1,0.550483,0.062764,0.069707,0.815146,0.635036,0.350649,0,0.535072,87,4,0
0x4509603cbBbF7BCFbFFEe97e9d7224DCCf14F5A3,1,0.6,0,0,0.695033,0.107142,0.843857,0.908983,0.47871,6,0,1
0x882284F95171EFbf2e2Ac68B51b25D65e94e4D48,1,0.962969,0.746227,0,0.72712,0.793388,0.985173,0.697094,0.920537,192,5,2
0xb248f5bB73D0f54E955b2554138f1f2A1159E569,1,0.6,0,0,0.869328,0.019607,0,0.000999,0.527187,1,0,1
0xF9D8a39C4ABCF3255ba526876Db702369CBbD759,1,0.6,0,0,0.878284,0.019607,0,0.000999,0.529196,1,0,1
0xa5B40E4c4C7BB818026Fe5A51271eA613705D4DC,1,0.6,0,0,0.426484,0.107142,0.036794,0.122036,0.426878,6,0,1
0x52Da0fD1457678f7E2228999e7d3fFC0bAdF2dfb,1,0.092411,0.622329,0.733073,0.5815,0.122807,0.901177,0,0.074502,7,1,0
0x4A5DE58B78480ec6bD9534697c1cEc98c51bBB04,1,0.6,0,0,0.872528,0.019607,0,0.000999,0.527905,1,0,1
0xacC4a41633B679e5AC09f80990d8008Ae12814c8,1,0.173584,0.424281,0.55122,0.587115,0.090909,0.615325,0,0.104279,5,1,0
0x20E11Cf2268c8Db0cc4098c39F5951ECa18Fc3a1,1,0.6,0,0,0.679898,0.019607,0,0.000999,0.484598,1,0,1
0x55763022fa63dF1934a0F07f6b4F5eADD5eAF4DE,1,0.6,0,0,0.873611,0.019607,0.003785,0.018645,0.526719,1,0,1
0x2EBf519Ab4D9C29C3fDC758d0279fda7651fe135,1,0.594688,0.002672,0.004445,0.873523,0.056603,0,0.000999,0.525103,3,1,1
0x15408EDC2D5D4337e2C492A0B786C3975093bE22,1,0.598703,0.000649,0.001081,0.867373,0.038461,0,0,0.526968,2,1,0
0xe75861feB2684620dFFF5925713648289b9B9055,1,0.6,0,0,0.492245,0.038461,0.003189,0,0.444628,2,0,0
0xe3529291B52fbbF19B8AC767195F024E3d2D1496,1,0.6,0,0,0.495102,0.038461,0.051413,0,0.449436,2,0,0
0xF5fD94dE0509f5212b90a897Ac11a6A96376A79c,1,0.312183,0.268196,0.360628,0.785403,0.315068,0.770484,0,0.249144,23,2,0
0x0471cFE0868723f42bf167F7820F570FF8eb4776,1,0.6,0,0,0.877228,0.019607,0,0.000999,0.528959,1,0,1
0x42CeF44C4B73A0DFd5f8c3eaf34c833adDB32cb6,1,0.432769,0.103883,0.161924,0.601737,0.137931,0.069594,0.136442,0.280603,8,1,1
0x3042B40398206b43C6AEBA595fEaB8375b66e939,1,0.595245,0.00239,0.003977,0.775382,0.122807,0.011075,0,0.510561,7,1,0
0x1a8D340A41599bCd5737eeE8752afFa78Fa993a7,1,0.459985,0.853806,0.841931,0.842516,0.753694,0.990562,0.387651,0.270236,153,4,1
0x3B6AeE126473eCF13b83B530a518a649EAe95644,1,0.6,0,0,0.211284,0.53271,0.997223,0,0.511405,57,0,0
0xaf0B5f833DDE334F2025c65Ff4919039Fbe0BFa5,1,0.6,0,0,0.503234,0.038461,0.034376,0,0.449771,2,0,0
0xa31E78358C267Cc1041A68fbC7EE7ede04e82ee2,1,0.6,0,0,0.86932,0.056603,0,0.001996,0.530312,3,0,2
0x2D7a7ff4Cd77ac2B86CF47E87908CAf88aCF4142,1,0.6,0,0,0.406456,0.056603,0.056247,0.129677,0.419078,3,0,1
0x12659375dd68E99bbfa326390fe3Eb5f2778B72b,1,0.6,0,0,0.799386,0.166666,0.124649,0,0.535292,10,0,0
0x8421f3EaAbc4151cf0A8E80586990f05D162db33,1,0.6,0,0,0.267654,0.122807,0.218261,0.511957,0.371797,7,0,1
0x48fd1f7f10b1B3b4c742Cb1c3408FA9110DC6c88,1,0.6,0,0,0.511729,0.074074,0.094366,0,0.459964,4,0,0
0x6E9833371dd95Ec2f3e05a57208e67A96D8591D7,1,0.6,0,0,0.801317,0.090909,0.056781,0.132697,0.509948,5,0,1
0x7D58e4139Ee8B83C6a8ad703b479A22303a0773E,1,0.6,0,0,0.878439,0.019607,0.000199,0.000999,0.529248,1,0,1
0x67002ad6c55FcAC1526909dB1483732c8c696f78,1,0.6,0,0,0.873246,0.019607,0.000199,0.000999,0.528083,1,0,1
0x613E0379CDbAC8f56C86D9fE92D722615EdF36Ad,1,0.6,0,0,0.768378,0.21875,0.254843,0,0.544208,14,0,0
0x4D63313fc683BCb39d75A53Fa9409e2732360B9b,1,0.6,0,0,0.830299,0.019607,0,0.000999,0.518424,1,0,1
0x7A0484544dBAB22C3c6262A35d729dC9d7c006bA,1,0.843355,0.317902,0,0.803111,0.444444,0.951065,0.73998,0.806471,40,4,1
0x93614117cC5655873967783b184C93cd7AD74bB3,1,0.370852,0.504668,0.541898,0.825785,0.853372,0.860467,0.224313,0.286424,291,4,2
0xe0C0B494071eBbC0856C75004c8bD7FAb0c5Ee70,1,0.6,0,0,0.630895,0.166666,0.020568,0,0.488337,10,0,0
0x2A6768c228f276898B2Bc8648A5Ed59A6D57b3a8,1,0.205064,0.537771,0.634888,0.749225,0.137931,0.82139,0,0.131778,8,2,0
0xE44e1edB967c0B5CBE08356D2F31751DE61F3E83,1,0.6,0,0,0.778853,0.107142,0.041594,0,0.518247,6,0,0
0x14f2042Df73EFbfAC9cF6C3cDFc6d269429f153c,1,0.6,0,0,0.878448,0.038461,0,0.000999,0.530876,2,0,1
0xFF42A476DC28d2CdAb279cF9Bb52C3bC6ce1407C,1,0.6,0,0,0.867631,0.038461,0,0.000999,0.528451,2,0,1
0x2C82237F00BA7fe67f89e6207BA5B899DAD38A5b,1,0.6,0,0,0.68028,0.038461,0,0.001996,0.486233,2,0,2
0x92bbF680E4C1557e888a5f51bcD02749a2Df6F3B,1,0.596027,0.001995,0.003321,0.874584,0.122807,0.000599,0.001996,0.532644,7,1,2
0x2F75e6B13A675b89BD5D18392c883d337e216e0C,1,0.6,0,0,0.767883,0.137931,0.019992,0,0.516585,8,0,0
0xE32f2f479f92786db4189BAd0eE441eab62F67CC,1,0.348855,0.358266,0.422445,0.862263,0.744897,0.594517,0,0.294954,146,4,0
0x973a114582Ac70ee5Ec845Eee0f7292d9ce7F3bD,1,0.731589,0.134926,0.003962,0.754546,0.230769,0.686284,0,0.712231,15,2,0
0xbC0c4Fc7747d75c24d5fB9A2360Db31DB73AcBc8,1,0.6,0,0,0.864607,0.019607,0,0.000999,0.526128,1,0,1
0xEB9A62158E87353b09D4C23e7841Fd7Ad6Dd3C9d,1,0.6,0,0,0.499502,0.038461,0.058912,0,0.451066,2,0,0
0xe6416d487bC7E90EB65eC3d9EC6fF5A75e01e649,1,0.063333,0.717681,0.809044,0.684148,0.152542,0.949694,0,0.071336,9,1,0
0x27Ef4B37399Ae2B1b9371fA7e80D928b23385541,1,0.6,0,0,0.878372,0.019607,0,0.000999,0.529215,1,0,1
0x7Ec50CD5ca92C6ec6695B7aDA587B436c67Ec2F4,1,0.6,0,0,0.886872,0.019607,0.000199,0.000999,0.531138,1,0,1
0x9606b69E4d92DeFdd98C6567C3ACD6b2CC62bFb1,1,0.6,0,0,0.511112,0.166666,0.595828,0.87308,0.424982,10,0,1
0x56791fed32d352f14F94B4659FD9E13E10b61bf7,1,0.523198,0.042179,0.068377,0.785271,0.137931,0.083745,0,0.434287,8,2,0
0xACB5Ab905fe42a283F8F8Ef59C1856884BD769f0,1,0.594865,0.002582,0.004297,0.850896,0.137931,0.079359,0,0.534348,8,2,0
0x0761E8442D44711D6AA708d04F47268bF4e69a0C,1,0.6,0,0,0.576505,0.019607,0.857138,0.96774,0.439947,1,0,1
0x4Fd7654d872935593C6eE115287c10253D3735f5,1,0.638859,0.031271,0,0.708799,0.056603,0.072011,0.121757,0.529772,3,1,1
0xD4F5fBbecC330db0b2668E583073ED12f883EB80,1,0.173709,0.77315,0.830702,0.562624,0.848024,0.980022,0.525156,0.094256,279,3,1
0x49d7fe957aBF04270835C420f3034674160c5145,1,0.6,0,0,0.878455,0.038461,0,0.000999,0.530878,2,0,1
0xF2EF0BBF051f6eD4099874059C5e5311D9Fb5D7E,1,0.6,0,0,0.772462,0.193548,0.154405,0,0.534196,12,0,0
0xdc313ac7998a303d11aCaFF5c43624f3B1b8A61A,1,0.217948,0.344641,0.467084,0.696459,0.39759,0.486442,0.137187,0.143367,33,1,1
0x9c0d11292990c27512C3Cb2b9B71d0544bDE06C3,1,0.6,0,0,0.724335,0.090909,0.280161,0.591503,0.466345,5,0,2
0xEda2c289b0f307473F39959b0B0ec295381119B6,1,0.6,0,0,0.497128,0.038461,0.017102,0,0.446917,2,0,0
0xA8FdBc57C41fEaa30eBEe9af94E688F7764f23E2,1,0.598703,0.000649,0.001081,0.884612,0.038461,0,0,0.530834,2,1,0
0x25E0CC59482DDC8f18715b46854EeCEdccD192c5,1,0.598698,0.000651,0.001085,0.884668,0.038461,0,0,0.530841,2,1,0
0xA63E718032149b6a897ba8439bb063ddA2B6245d,1,0.6,0,0,0.77863,0.074074,0.055712,0,0.516541,4,0,0
0xc9e024e9000bbf51c114425c52DcF56310941Fa3,1,0.775997,0.190747,0,0.729121,0.21875,0.277247,0.312152,0.697644,14,2,2
0x9ed0284D5f8C981AaD7e801Cb0CD58780c3c8E18,1,0.6,0,0,0.886224,0.122807,0.186727,0.000999,0.556146,7,0,1
0x4fC402d011EfdB468a2AC5d1bD17F76041F95b98,1,0.6,0,0,0.710905,0.056603,0.761882,0.874984,0.474097,3,0,1
0xF57340E40B46E5871cC11b01d6510244aBfcC06a,1,0.6,0,0,0.498818,0.074074,0.074588,0,0.455362,4,0,0
0x40d1617F094dc5F26ee7aa8b862f6316335cA9E3,1,0.6,0,0,0.671686,0.107142,0.082905,0,0.497759,6,0,0
0xF156d027042843143b5C609D1bf5186A783CAd54,1,0.6,0,0,0.878373,0.019607,0,0.000999,0.529216,1,0,1
0x8A4671e78DA04f2258bAdb3391994188390950d0,1,0.657567,0.048012,0,0.802367,0.264705,0.681589,0.734523,0.580823,18,2,2
0xEfA7Aa0dC31017e059B7731C47C4493904905A35,1,0.6,0,0,0.804983,0.038461,0.180193,0,0.530216,2,0,0
0xB8e551536AfEEAd0e108a0B464180Ad5236D28B6,1,0.6,0,0,0.879107,0.056603,0,0.000999,0.532605,3,0,1
0x6969A1d94F4E7DDC1cf1CaF73174921D9028DF2F,1,0.6,0,0,0.860176,0.019607,0,0.000999,0.525133,1,0,1
0x066AABbfFeDAc1b70c0a651db8186c78Cd98096e,1,0.6,0,0,0.869359,0.038461,0,0.001996,0.528739,2,0,2
0x0eACe202e00B2e4b39e90D0c5d724E453c872405,1,0.545273,0.029229,0.047784,0.743234,0.074074,0.042879,0,0.442377,4,1,0
0x5c1FEb5A679F9659d8DE58Fc768B8246BEA7d6B1,1,0.6,0,0,0.878373,0.019607,0,0.000999,0.529216,1,0,1
0x8BDFf39E5C642e650b4206d93854Da60C2dec0d8,1,0.6,0,0,0.718877,0.166666,0.072528,0,0.512673,10,0,0
0x738775d7a1A8F8D32ecf3c7a5a08b46d2DFed6e8,1,0.6,0,0,0.34046,0.038461,0.050151,0,0.415185,2,0,0
0x1761042B43590A755478D1325b6424885e6ab8B5,1,0.582435,0.008966,0.014854,0.869392,0.090909,0,0.000999,0.512671,5,1,1
0xf2931400A2E42d15919644b884424CEC166006Fd,1,0.6,0,0,0.716699,0.056603,0.001796,0,0.496368,3,0,0
0x7b94BD93DC0c77E9459c652324Dfa44b87e2a61E,1,0.6,0,0,0.878519,0.019607,0,0.000999,0.529248,1,0,1
0xb52333Ea16949c7629E6bdE56773c6F363B48fC2,1,0.6,0,0,0.324268,0.019607,0.000799,0.003984,0.405498,1,0,1
0x2C142D508f6D5DB3FbbBAC50513dC5C68C6981ff,1,0.6,0,0,0.426675,0.137931,0.550763,0.848461,0.402675,8,0,1
0x3438Ec146a452913CDf1375561e6CA49A51eE494,1,0.6,0,0,0.86041,0.038461,0.015166,0,0.528254,2,0,0
0x70CDE4F1AA4C53e89Cc91DE029c1AA3320cE46A7,1,0.487702,0.064614,0.103243,0.724188,0.038461,0.128768,0,0.374377,2,1,0
0xF3449E4c65D1E3c3Fe756CFD8C06c4E7567083C1,1,0.523198,0.042179,0.068377,0.785278,0.137931,0.089087,0,0.434748,8,2,0
0x922cd90673733CA60e0A056Fd4deE4D8ADA35e05,1,0.595245,0.00239,0.003977,0.776661,0.122807,0.12679,0,0.520963,7,1,0
0xBcD457eE781f0E129d79091F4291005331c564E4,1,0.6,0,0,0.398291,0.019607,0.009704,0.046711,0.41825,1,0,1
0xA3AaAF38030114067Ff4317433DcCa1573A802e5,1,0.6,0,0,0.878176,0.107142,0.182605,0,0.552745,6,0,0
0x704A05D05183551156546a63e0c44Ecf683F82f7,1,0.6,0,0,0.631342,0.038461,0.001996,0,0.475612,2,0,0
0x56543712b57c142b4525EA3174b48e240a97b396,1,0.6,0,0,0.869066,0.019607,0,0.000999,0.527128,1,0,1
0x82c353F7e711206e45c903783B10D91573136E1C,1,0.6,0,0,0.071438,0.019607,0.000799,0.003984,0.352024,1,0,1
0x9B6325490E423F7bD65A680d179690DB5CCe9b29,1,0.6,0,0,0.878424,0.019607,0.000199,0.000999,0.529245,1,0,1
0x4575Ab97AFA4a7b67395aAf3cb306784B0BEBe04,1,0.600142,0.000106,0,0.870222,0.056603,0,0.000998,0.530761,3,1,1
0xbEFf465e0973692148eC86779070F101c14034e9,1,0.6,0,0,0.145781,0.479166,0.961597,0.920267,0.398281,46,0,1
0x96F3Fc268adB0a5aDe2582b61A443E5D62c1BeFA,1,0.600124,0.000093,0,0.876896,0.056603,0,0.000998,0.532239,3,1,1
0xED1A2aCA2E8C4A3C5a16CAD00C4f007B9e8f7f01,1,0.6,0,0,0.865189,0.019607,0,0.000999,0.526258,1,0,1
0x4B86a6D2c2C5E8bff8D3f3129C2eC4059821989b,1,0.341609,0.198068,0.285827,0.89108,0.438202,0.839645,0.030011,0.319668,39,3,1
0xEF1ca304Ca893D15a5fdde174C806f779BaB7485,1,0.6,0,0,0.873035,0.019607,0,0.000999,0.528019,1,0,1
0x9D6973898247765c6F4e8F3a195b421f2C3f386e,1,0.6,0,0,0.869067,0.019607,0,0.000999,0.527128,1,0,1
0x71Fb48f6d9b023B095Efb392a1Da359c873A0d46,1,0.6,0,0,0.878899,0.019607,0,0.000999,0.529334,1,0,1
0x06D6fc0359289589249e219463E7E2C3e4F26b7a,1,0.6,0,0,0.878373,0.019607,0,0.000999,0.529216,1,0,1
0xE6bea3bD747e81F725c2bA26C0566B2A794FEF54,1,0.553485,0.479505,0.414808,0.724381,0.691358,0.72429,0.0354,0.462389,112,6,1
0xC67f492aBc91fC2aE106610dB5C0096cC544374A,1,0.6,0,0,0.781134,0.074074,0.081894,0,0.519392,4,0,0
0x8B7aC7da01fF680487D20d1EEA13247C910cF3f0,1,0.6,0,0,0.769592,0.166666,0.070286,0,0.523873,10,0,0
0xc83654F54f139732C6C04991d527045869eDeeCf,1,0.6,0,0,0.665179,0.074074,0.003587,0,0.486464,4,0,0
0x12FEa79122404634A03Df7Ce08e984E6C128FC21,1,0.6,0,0,0.85951,0.019607,0,0.000999,0.524984,1,0,1
0x861bA5d2AFd78D91b7503F19b70aD97BF30Fbf00,1,0.6,0,0,0.77253,0.137931,0.054641,0,0.520657,8,0,0
0x151b20313f2759A499766dEBff5E0e4F8c768824,1,0.461701,0.082452,0.130261,0.726741,0.305555,0.054284,0,0.360306,22,2,0
0x930bb3e6E9E0094E6adC587ce63FaD5c3856E59f,1,0.6,0,0,0.869333,0.038461,0,0.001996,0.528733,2,0,2
0xF66E602eE8C33300A2ee45E14c10B20872E97d45,1,0.6,0,0,0.869391,0.019607,0,0.000999,0.527201,1,0,1
0x4E4C4D1C233251d84F4Dcc2C3547f8248e108f3f,1,0.84949,0.332127,0,0.731506,0.565217,0.728865,0.059219,0.837225,65,2,1
0x91044BAe08C5F27AAdD8E5ba1534D915B88F34eE,1,0.6,0,0,0.773307,0.038461,0,0.001996,0.507158,2,0,2
0xe5DEc95e016d3394E2CB2DDB93b1aAB9B5A8905E,1,0.6,0,0,0.860478,0.038461,0.004182,0,0.527311,2,0,0
0x42fcBe5EBc153BfCfd03B0BdDDB079286F2EDD1e,1,0.6,0,0,0.718575,0.074074,0.004182,0,0.498527,4,0,0
0xbDc71EEd90a084e174071fcb850108160A8CD1F4,1,0.6,0,0,0.7644,0.074074,0.012638,0,0.509575,4,0,0
0xFaB509Fa9E36F7311DD2Dc940F472554Da1bAF2e,1,0.6,0,0,0.837266,0.230769,0.511957,0.832242,0.500149,15,0,2
0xbBced90FAaC4490bf5e958aa45b06C43D2Aa1048,1,0.855781,0.347289,0,0.822523,0.382716,0.989689,0,0.859432,31,2,0
0x4fd76D202214B800803736CD296374cB0cDEaDD0,1,0.6,0,0,0.602515,0.019607,0.002195,0.01088,0.466437,1,0,1
0x167C63274Ac6BC7DF50bdfA414dDa2108C88feAc,1,0.6,0,0,0.86929,0.056603,0,0.001996,0.530305,3,0,2
0xF5f039908f4D6cED725AD4cd9beE1Aec7bbF5A0C,1,0.6,0,0,0.886403,0.019607,0.000199,0.000999,0.531033,1,0,1
0x7b3d2ec86F73A358ab94d6AA2B61c463D395F945,1,0.082981,0.651465,0.757002,0.361533,0.333333,0.915231,0.777728,0.047224,25,1,1
0xBC9c7D14055ce54BBd8fd5F4873dBf54B055b961,1,0.583743,0.008285,0.013733,0.885735,0.090909,0.041594,0,0.521631,5,1,0
0x546585BAbEb0fBbB88f6C717f1D0c73a9d5e9B86,1,0.6,0,0,0.602952,0.038461,0.056603,0,0.474006,2,0,0
0xe68a1467BCb2AC973dbDC8C15B7640a8bdfB1799,1,0.6,0,0,0.876959,0.019607,0,0.000999,0.528899,1,0,1
0x900a38a281cC4E331F3b48F3D7ee1F28310e1380,1,0.6,0,0,0.576046,0.315068,0.172048,0.306999,0.471565,23,0,2
0xCeBd30b23D182dBd17022E9111236bf2d070926E,1,0.591924,0.004075,0.006774,0.869399,0.074074,0,0.000999,0.522441,4,1,1
0xE67Ca13B761B662485176A9cE3197383F786D792,1,0.6,0,0,0.884997,0.107142,0.073902,0.000999,0.544745,6,0,1
0x6a04A8f552666AF8C5c47E4463850E62446c6196,1,0.6,0,0,0.812925,0.242424,0.102978,0,0.543024,16,0,0
0x4841F0B35eBF245174269ae12B23075e1b6d8df3,1,0.55022,0.026424,0.043278,0.885033,0.074074,0.002394,0.000999,0.476375,4,1,1
0xBdD1549205936d3A875Cc72223f6c06f56199273,1,0.6,0,0,0.546378,0.107142,0.003785,0,0.462711,6,0,0
0x4F7c671Ee1B7655Dbafb17766fcD93b43840a5a5,1,0.293664,0.58227,0.642102,0.525457,0.137931,0.807662,0,0.145677,8,2,0
0xc627fc8eFBd6A3bf739b0E45D5CcfFd0a97e1C46,1,0.6,0,0,0.869078,0.019607,0,0.000999,0.527131,1,0,1
0x9d23DE5540A3a1dFbF24D391A9427b2BE3797C8c,1,0.6,0,0,0.884599,0.074074,0,0.001996,0.535257,4,0,2
0xb2B21eBE6D7534Dc1e5a5F8c13CC8c7e95c9e179,1,0.6,0,0,0.772766,0.166666,0.081894,0,0.525598,10,0,0
0x6e44aACEFf87C1B438c429E9A10a53AE7805E54B,1,0.6,0,0,0.87004,0.074074,0.048162,0,0.536389,4,0,0
0x81ae2Ab2Da4Dd1D05D4A074F32266E7E7AADe14B,1,0.6,0,0,0.876934,0.056603,0,0.001996,0.532019,3,0,2
0xbe00263B04DfDdB37Df887063dc9eEB44878eb10,1,0.6,0,0,0.885513,0.074074,0,0.001996,0.535462,4,0,2
0x166d83B6fFb9A7A7A5bdEdc391aaA8531EC0530C,1,0.6,0,0,0.8694,0.038461,0,0.001996,0.528748,2,0,2
0x6d5D5d4625B6e9711560e72c75CcCD53416C722e,1,0.6,0,0,0.800275,0.038461,0.02591,0,0.515689,2,0,0
0xEb51FFe7b3c0078991ff9b95B4E409DCBaEa42c4,1,0.251668,0.293398,0.408998,0.287393,0.056603,0.333244,0,0.110905,3,1,0
0xa6e96DBB6B7d2c12062E70d3dEc87C4FE23f961f,1,0.6,0,0,0.869022,0.038461,0,0.001996,0.528664,2,0,2
0xc2ff68B78Fb73E4655eB84c0471d5996b3C00607,1,0.6,0,0,0.245051,0.038461,0.007739,0.006951,0.390297,2,0,1
0xa2e74c99EC6507FfD22Fb7A5B4248EA9fC82d00a,1,0.6,0,0,0.203107,0.019607,0.098936,0.354422,0.35492,1,0,1
0x6bA82C40d6A9877A6B57d4F60E51599a21DD4B61,1,0.6,0,0,0.872914,0.019607,0,0.000999,0.527992,1,0,1
0xeE474afC815d419e99f127cd385dAA93eb453a20,1,0.6,0,0,0.851085,0.019607,0.000199,0.000999,0.52311,1,0,1
0x83b80555e4e9c5F5c39EBCbeAAd3222BFA26DbBA,1,0.6,0,0,0.503418,0.074074,0.165554,0,0.464298,4,0,0
0x366Dc101aeDfdc1e6d1799F5A79FFd9E79394e1d,1,0.6,0,0,0.582409,0.107142,0.161777,0.400838,0.444716,6,0,1
0x2b5b22e8C9444a64e85546f7F161eA382e06F825,1,0.613711,0.010536,0,0.879178,0.166666,0.044707,0.001895,0.560219,10,1,2
0x19125E34336F85495fB968CC7B04304d2E7fd6E1,1,0.579258,0.010627,0.017588,0.761305,0.122807,0.023437,0.023437,0.487178,7,1,1
0xf30566c683f53eC182d253ceae17AE29cB69A35b,1,0.6,0,0,0.61665,0.038461,0.288458,0.669639,0.430835,2,0,1
0x8de9d26E6a6E3D6ED4D6ee1f16154D0b7C2D0d26,1,0.563765,0.018917,0.031135,0.885435,0.107142,0,0,0.495521,6,2,0
0xCF40F3B85e0D339Bc845043937D03D096EdEAa6c,1,0.6,0,0,0.587015,0.019607,0,0.000999,0.463758,1,0,1
0x9079447dD49450920dA4e7731C17625A2Cf662D2,1,0.6,0,0,0.860177,0.074074,0.006951,0,0.53059,4,0,0
0x2A051d878C09499554924B5ef492D3ED247e7805,1,0.23343,0.320239,0.439831,0.725053,0.390243,0.421564,0,0.161977,32,2,0
0x820CD3B6E4fCb5ac2F10738bfF5B8C242b41EC95,1,0.6,0,0,0.872525,0.019607,0,0.000999,0.527904,1,0,1
0x5EF43E50DeeE9Bc4215804Aa77C371778B7d08eC,1,0.788855,0.211562,0,0.69109,0.137931,0.74491,0.615098,0.707713,8,1,1
0xC4eCE72842df5b456780a30dFA21E798c4233e92,1,0.6,0,0,0.493499,0.038461,0.079698,0,0.451529,2,0,0
0x895938F36DC23b386702aB95e482f7925871AEf1,1,0.402892,0.127985,0.196539,0.560871,0.090909,0.076127,0.051233,0.247385,5,1,1
0xB44c79C6706c10842b177470564E73C9Da5Cd378,1,0.84284,0.316732,0,0.724687,0.468085,0.834847,0.437514,0.808776,44,1,1
0x4E4A22D6B195da0bEF7a5b18bDEf64c59104211f,1,0.608672,0.006604,0,0.64138,0.983509,0.999285,0.000992,0.651845,2982,1,1
0x0C59F6cE3A719797c1411B59Ef93690AC4D2B9E3,1,0.6,0,0,0.77928,0.137931,0.10778,0,0.526811,8,0,0
0xABB2A24F48DC313B74D3CF91c30E1f9D033033db,1,0.6,0,0,0.643311,0.152542,0.12816,0.371464,0.462233,9,0,2
0xF16678A0f3A1A0bD3ac6b386c547Ec933494B12B,1,0.6,0,0,0.868905,0.056603,0,0.002991,0.53012,3,0,3
0xFc3ba01C29B74D3388B2302b914e3C8328959B61,1,0.571644,0.014662,0.024201,0.858911,0.315068,0.581974,0,0.567678,23,6,0
0x8fB6f6E2b391f15cBa2f797c6583411992b17e39,1,0.596255,0.00188,0.00313,0.869252,0.107142,0,0.000999,0.530399,6,2,1
0x2d04C4167975C00D245Baa28071E411b60e201AB,1,0.865433,0.37176,0,0.720134,0.264705,0.92393,0.618291,0.812981,18,1,1
0x883fB88598149c0BA3FdD763A0dafa755289Ab2B,1,0.538721,0.032998,0.053812,0.785266,0.137931,0.093546,0,0.453795,8,1,0
0x89f907989E588617132d38Dd33B26872a8e6bC89,1,0.6,0,0,0.721241,0.253731,0.239196,0.548124,0.480608,17,0,1
0x043aBa1B57AD8BD7516A6Aaa5FFb92e3fE0FBe0c,1,0.204631,0.36694,0.491366,0.844293,0.152542,0.824616,0.848024,0.120994,9,1,1
0x931f3847b1CB979a32AB65899f3e3F176206978d,1,0.6,0,0,0.82362,0.230769,0.78438,0.921544,0.511983,15,0,2
0x7a86C44e1B41c6C37fF783E8f6B2f6c68AB251f4,1,0.605897,0.004468,0,0.869376,0.090909,0,0.000998,0.53955,5,1,1
0xF6493FDAb90Da16d0321c3e664d7AFCA55255bd6,1,0.6,0,0,0.506551,0.019607,0.001597,0.007936,0.445257,1,0,1
0x900bf8563512848bE7DdcAA79783eA36434fc745,1,0.6,0,0,0.864186,0.019607,0,0.000999,0.526033,1,0,1
0xc63Cd52121e13d03Fc26ED6d0728CFb0c0672Bf8,1,0.405091,0.205502,0.261401,0.817415,0.206349,0.748503,0.053933,0.338968,13,2,1
0xA2F48845A6a41408E04bAc7d3da13fe6256d2960,1,0.6,0,0,0.633276,0.038461,0.006556,0,0.476444,2,0,0
0x6df85c5819E9161Fca859bC07fE5137C8e508db9,1,0.6,0,0,0.714728,0.038461,0.000799,0,0.49425,2,0,0
0xe5e5954286ae86624740fd6B3387d8ad4017b0c8,1,0.595245,0.00239,0.003977,0.762003,0.090909,0.053209,0,0.508447,5,1,0
0x7f2Aa0F92A655DeDfD884652D72091dC5baa555F,1,0.6,0,0,0.480886,0.019607,0.011662,0.055712,0.435722,1,0,1
0x98365d190bB3BF721B3Dc67e41784b4e4b3F8EE3,1,0.204459,0.442957,0.555973,0.864839,0.333333,0.67585,0.506515,0.131649,25,3,1
0x59e62507abA69188E62A63D45445C26304ccB06c,1,0.6,0,0,0.86735,0.019607,0,0.000999,0.526743,1,0,1
0x564C15d5597731271F885C116E6c6904695EE1f5,1,0.387064,0.749895,0.76016,0.721586,0.561403,0.969308,0.000207,0.235438,64,5,1
0x29d6d1C63089a1F67B0049E54289b9BADE31270F,1,0.6,0,0,0.610318,0.019607,0.030819,0.137187,0.458114,1,0,1
0x9ca72F593C0Ce17A292341cabc71c3Ab10213FA6,1,0.6,0,0,0.878373,0.019607,0,0.000999,0.529216,1,0,1
0xC1FaD8f866e6d17105c2c92999595b31a5115457,1,0.6,0,0,0.869431,0.019607,0,0.000999,0.52721,1,0,1
0xc8362056BeefED531bCAc289D7823F38e12D8237,1,0.6,0,0,0.867343,0.019607,0,0.000999,0.526742,1,0,1
0x1e427BFb035672912b61d15804064176f12b0867,1,0.6,0,0,0.507953,0.038461,0.076809,0,0.454503,2,0,0
0x0d121F1d8449228Fb44B2E75DB597E3B98cCE653,1,0.6,0,0,0.500653,0.038461,0.115357,0,0.456219,2,0,0
0x6E100a3d94eF3C96676aD42f0C28bB2FF99600c0,1,0.594688,0.002672,0.004445,0.879198,0.090909,0,0.000999,0.529369,5,1,1
0x0Aa30A5Dd83AEBa89Fad85f2B02EB6bfbC81D8c9,1,0.590583,0.00476,0.007909,0.796456,0.137931,0.063845,0,0.515725,8,2,0
0x65e03f159B217DE08aF9dE2392fE564f3D7f3be5,1,0.6,0,0,0.867454,0.019607,0,0.000999,0.526767,1,0,1
0x82b5a2f57AD331420c278a507152e1A9F37E9fDA,1,0.664,0.054054,0,0.749333,0.242424,0.610561,0.620133,0.579314,16,1,2
0xD5F051d341B8Da33D57b788Fa3AC59fB8B0dba3e,1,0.6,0,0,0.86518,0.019607,0,0.000999,0.526256,1,0,1
0x219D185D1A6b57Fc8140644c14098Bc6F1096D19,1,0.6,0,0,0.869416,0.056603,0,0.001996,0.530334,3,0,2
0x60049796b48490babb4B6Ef9820BdDC70cfD80E6,1,0.834759,0.298842,0,0.86942,0.180327,0.599903,0.000363,0.819821,11,2,2
0xC1C79C6378e5A72895C8eA15fc6Dd59fFddc8dee,1,0.742411,0.142263,0,0.839153,0.230769,0.63154,0.142897,0.723231,15,3,1
0xE982256BdeE9f44D2e971778Fe0f1D8279207dE8,1,0.6,0,0,0.643977,0.038461,0.016522,0,0.479717,2,0,0
0x98a769898170076C334ba5D1E156028AeFd9DEF8,1,0.6,0,0,0.876851,0.056603,0,0.001996,0.532,3,0,2
0xd24f5143605F79DF9D73E9b9b5969eD201B721A7,1,0.101095,0.656042,0.756511,0.798563,0.358974,0.941027,0,0.098247,28,2,0
0x7F4d37e69635B730cdaf583e6751A6E561cD787f,1,0.6,0,0,0.822471,0.019607,0,0.000999,0.516665,1,0,1
0x96C31E7413E6CE1eB8dcaC3213bdaA63669D62C3,1,0.75085,0.153717,0,0.651217,0.324324,0.112215,0.061823,0.671881,24,4,1
0x0760e0C364Cf0496850942f31664Fb16FbAFc98d,1,0.6,0,0,0.390023,0.038461,0.004578,0.023437,0.419875,2,0,1
0x1b858731cf2d0B1033768c49476e31B4f985ca75,1,0.606836,0.005189,0,0.880218,0.074074,0.000199,0.001994,0.541408,4,1,2
0x418f528E2CB2dD97E797CDfAf3e04E67e9aBE3aC,1,0.6,0,0,0.886996,0.056603,0.113475,0.000999,0.544239,3,0,1
0x332eE8310fDbcAbB11757028eeC791ADfe938cc8,1,0.6,0,0,0.437539,0.019607,0.001796,0.008919,0.429893,1,0,1
0x299d78A4FF3411Ae32af6B81BCB6D361F4941897,1,0.6,0,0,0.577686,0.107142,0.008919,0,0.470171,6,0,0
0xf712e4Ca4134e4674B1061D4e5f78eb78ed5A44e,1,0.597991,0.001006,0.001676,0.886765,0.107142,0,0.000999,0.536362,6,1,1
0x3Cc1a0627d1E9A2d6Cfb588174803a180ECdBbDf,1,0.6,0,0,0.634541,0.137931,0.011857,0,0.485882,8,0,0
0x0a1C95276799C289C000C65983b43691A4Fb52F6,1,0.6,0,0,0.629271,0.137931,0.006359,0,0.484217,8,0,0
0xfbAb2266ff38160a0AE1fd20B43270C3e62ca2ab,1,0.30518,0.224695,0.325702,0.703426,0.333333,0.28602,0,0.209443,25,1,0
0xd01E2DE73Ade124a0C60A92880907d0eBeE698E7,1,0.6,0,0,0.865111,0.019607,0,0.000999,0.526241,1,0,1
0x0A1df7B0e97b7Fd6ab5C41d076B9fbcE56Da983e,1,0.648311,0.039579,0,0.765561,0.074074,0.195882,0,0.576771,4,1,0
0x6274A8b507870ECd92843960b3D59dD11dF2A6C4,1,0.6,0,0,0.868905,0.019607,0,0.000999,0.527092,1,0,1
0xf0C2b5dE64752D88bfDE57ecD086FBa23E52c1e0,1,0.6,0,0,0.869358,0.038461,0,0.001996,0.528739,2,0,2
0x47ea9e812f39bc26F95Cbf1fc36230558492133d,1,0.585976,0.007128,0.011824,0.870907,0.122807,0,0,0.5201,7,3,0
0x1C8f46f03A59feaa6B5B403cc062066022e36943,1,0.183227,0.405606,0.532122,0.824187,0.180327,0.53471,0,0.132634,11,3,0
0x78dBa93b247Cb2Ff5C8Bcea9d4A8E3862D7802f7,1,0.6,0,0,0.693666,0.090909,0,0.000999,0.49393,5,0,1
0x1da874e66DA569fD115aF26e30f223f0024DEe22,1,0.6,0,0,0.620911,0.038461,0.020184,0.094202,0.465472,2,0,1
0x85230658d56DC84ce3D93402580CA321231d91B1,1,0.6,0,0,0.867629,0.019607,0,0.000999,0.526806,1,0,1
0x2C5038ea8d3De7130C3F58E40729E49782a9d5B0,1,0.360916,0.165784,0.248808,0.773862,0.137931,0.059266,0,0.247693,8,2,0
0x48b65cb3Df037e2E723beb49C69f5bf996Ab508b,1,0.852428,0.339133,0,0.789489,0.776785,0.907151,0,0.866292,174,2,0
0x8f29ac7Bd8B1E522E9c6E834C57cD6f713A5204B,1,0.600145,0.000109,0,0.869411,0.090909,0,0.000998,0.533572,5,1,1
0x944f6FE16455125Fc65f7f4377e5F3b398D3E0Ce,1,0.6,0,0,0.872539,0.019607,0,0.000999,0.527907,1,0,1
0x2a9356aCD8aB4e7aBE20b7e59F7119eD776E871d,1,0.6,0,0,0.874578,0.038461,0.010097,0.000999,0.530889,2,0,1
0x01a572d8C46FEFbcea3EbB81E8a548444CB9F5e4,1,0.575418,0.012653,0.020912,0.830853,0.193548,0.158674,0,0.518606,12,2,0
0xa59d6Bf256Ce8fb1f2C07e613f19DE6DBDbADfC5,1,0.6,0,0,0.878373,0.019607,0,0.000999,0.529216,1,0,1
0x4D6EbDef5F0DF4A47f6b4Fd1Ceb976BDa4e9ccFd,1,0.6,0,0,0.091532,0.019607,0.028937,0.129677,0.346944,1,0,1
0xaca58d2e1069e5AdAd9EB4B7c8834f31168Df022,1,0.595245,0.00239,0.003977,0.77329,0.122807,0.019607,0,0.510837,7,1,0
0x0B8710c20F36386f80Acf8849cD8B6d14c34EaA4,1,0.463578,0.081122,0.128266,0.193672,0.074074,0.01826,0,0.242695,4,1,0
0x9947a16b2CB41cD65c85e52636ECB9a81DA9C279,1,0.335329,0.354438,0.425469,0.774677,0.342105,0.569485,0.631013,0.196466,26,2,1
0x2967CA89c96792E938D8475D81Fc66c8180490e0,1,0.563765,0.018917,0.031135,0.885513,0.107142,0,0,0.495539,6,2,0
0x782dF99676f014b6fD6000626073c78DbA205D2E,1,0.557811,0.077485,0.076635,0.751544,0.75,0.931843,0,0.586983,150,2,0
0x6D978a9774a52a2bF0407925383252D3Db8e2CDe,1,0.6,0,0,0.724354,0.137931,0.037721,0.022482,0.5061,8,0,1
0xF3a9cB81F6CE98f8f0eaD7f8cD3ff1Cd284F43DB,1,0.6,0,0,0.772209,0.137931,0.018645,0,0.51744,8,0,0
0xB09318c53F971e23d2E79A9D6166fBeEE9763274,1,0.6,0,0,0.849064,0.107142,0.053926,0,0.535074,6,0,0
0xFfB9d1A977CA64B65f58A143b0bAF191b01C6aF2,1,0.6,0,0,0.628854,0.038461,0.000399,0,0.474914,2,0,0
0xA172d783fc38efE8135E6A3aeaab5c4932Cf2623,1,0.6,0,0,0.869378,0.074074,0.000599,0.001996,0.5319,4,0,2
0xeC39830978bC0d82C278947b43eaBfE5aba7e6C4,1,0.453341,0.745795,0.733073,0.714563,0.230769,0.959715,0.277781,0.242853,15,3,1
0x7aebaf1932a693FD3DdBA674cC24c8C683422717,1,0.73968,0.138652,0,0.803063,0.358974,0.579337,0.513014,0.688514,28,3,1
0x792c8E0D5DaD6008b0afb1c5A4565B160a965485,1,0.582435,0.008966,0.014854,0.885507,0.107142,0,0.000999,0.517713,6,1,1
0x12c6eB61Af5AA74699309a760f0EaBd16175BE26,1,0.601531,0.001151,0,0.876889,0.122807,0.015554,0.00277,0.540637,7,1,3
0xe5665e1aec8eB5D097aFd53772F7a7E0A5428E94,1,0.6,0,0,0.719626,0.122807,0.725184,0.920911,0.474048,7,0,1
0x4aCAefa1bca3f771B519e0F3515B317E5C8FEedf,1,0.755102,0.159663,0,0.729304,0.152542,0.494745,0.716503,0.650266,9,1,1
0x41537A2242072e01ed6B450a396903E168946c70,1,0.40888,0.122981,0.189437,0.561027,0.038461,0.056425,0,0.252351,2,1,0
0x3FC027c59c19F53AC7B3CD552FdCD183771A8ac3,1,0.6,0,0,0.724141,0.074074,0.035121,0,0.502486,4,0,0
0x6E3b1A07817E34DE86b4BD5261b44CEBC0596873,1,0.6,0,0,0.867359,0.019607,0,0.000999,0.526745,1,0,1
0x29957911977DEa48dF5AE99487A823e0CA8b82d3,1,0.6,0,0,0.864458,0.056603,0,0.002991,0.529123,3,0,3
0x221E87BDbEcD9a330344d3Af7852A2bc503AceD6,1,0.6,0,0,0.66981,0.019607,0,0.000999,0.482331,1,0,1
0xBD5A76F59Df49527E47dF66D7D7B5590a237871D,1,0.6,0,0,0.415162,0.166666,0.96951,0.993749,0.424045,10,0,1
0x3FF6FC07d39514394C3e7CfD3730982390dc5b68,1,0.6,0,0,0.830231,0.019607,0.000399,0.001996,0.518344,1,0,1
0x346696ef81F6BC9Fa875FC160A5159ffF94f7380,1,0.6,0,0,0.769816,0.074074,0.009704,0,0.510537,4,0,0
0xAEa51B7e1773f70104C55E1cbB7C04eF5Cab5236,1,0.595245,0.00239,0.003977,0.879166,0.090909,0,0.000999,0.530018,5,1,1
0xCABd3D6100ead94ad27E0caF775Ae214C4FD74B3,1,0.6,0,0,0.872528,0.019607,0,0.000999,0.527905,1,0,1
0x57CaF918a5982D91658c5819393840708FC351f3,1,0.6,0,0,0.869262,0.019607,0,0.000999,0.527172,1,0,1
0xb68F259E6D451dc0023fdD748eDD583197Ded091,1,0.6,0,0,0.575839,0.056603,0.035121,0.155405,0.452196,3,0,1
0xbaDC13B99D7ce48d4A94d175b7c46faa4d55DD6C,1,0.600142,0.000106,0,0.869346,0.038461,0,0,0.529083,2,1,0
0xf652F5Fe6a9BBD134ee069bE313bDb7B37B33dB7,1,0.07864,0.665426,0.768239,0.54459,0.107142,0.855832,0,0.065771,6,2,0
0xdCAd95C9894d80fB30817F59e7619Fd9128f64d1,1,0.6,0,0,0.87917,0.019607,0,0.000999,0.529394,1,0,1
0x96E6cC9Be32faA5ab65E3bD9F81661361a875A63,1,0.6,0,0,0.778901,0.137931,0.090909,0,0.525254,8,0,0
0x70117716Ca91655ebBC46971BE55913B47964569,1,0.805119,0.239984,0,0.568711,0.358974,0.597034,0.590505,0.710661,28,2,1
0xC55555e874445d904626bD2c4D920E883894A61C,1,0.6,0,0,0.87533,0.038461,0,0.000999,0.530177,2,0,1
0x9cB016669C235CCebcD2fbbffA2D8d3a2247b02c,1,0.315749,0.313944,0.399034,0.818257,0.242424,0.532491,0,0.229469,16,4,0
0x4FdC806590cA623d63e7EAE39ad2168c8B929cF5,1,0.6,0,0,0.720262,0.107142,0.279953,0.660902,0.459927,6,0,1
0x200e61f6394bc6a87b85EB54ba5716e3415033c7,1,0.601152,0.000866,0,0.871507,0.107142,0,0.000998,0.536501,6,1,1
0xf6c512DB3Bc31498ACDDcf30F1a6360BB9A26E3E,1,0.6,0,0,0.481427,0.038461,0.023055,0,0.443941,2,0,0
0x1C0aB205c275e72528cb41D25db6db29eE8cCcfd,1,0.6,0,0,0.872539,0.019607,0,0.000999,0.527907,1,0,1
0xA23c083cfb3fc7dF878ca268fcaC70c73Bfcc434,1,0.6,0,0,0.650848,0.056603,0.00537,0.028182,0.479058,3,0,1
0x6EaD5b1EaddC3F2B72116228F66ca0347962FC87,1,0.582435,0.008966,0.014854,0.885515,0.090909,0,0.000999,0.516296,5,1,1
0xB286a69751Da07dF31Eb2F9962BEc077F351b0b1,1,0.27966,0.255752,0.364163,0.708257,0.122807,0.722145,0.799959,0.15365,7,1,1
0xfb4E4162e55c40BCaf344b58Dce64FFF9792C595,1,0.127697,0.525971,0.649036,0.698357,0.193548,0.782239,0,0.097523,12,1,0
0x7c30a300F27Aa1DFcF9A796703A36279939fF8d7,1,0.6,0,0,0.64481,0.193548,0.681913,0.904012,0.461362,12,0,1
0xD3717876b9312Bb28c58647C4Ce2F7B5E49530Fd,1,0.299525,0.281322,0.377812,0.776197,0.166666,0.295079,0,0.198146,10,2,0
0x53C700A6c08965E34D2DAE7abCFeae081488aCf8,1,0.454147,0.08788,0.138361,0.800936,0.193548,0.070459,0,0.359168,12,2,0
0xCe8C74b6e53B05a361CC9ac08bc711eDE3B06ee1,1,0.6,0,0,0.613606,0.019607,0.002195,0.01088,0.468922,1,0,1
0xcb692efEBBa17Af1404cC6AEbE5b85DbB8cB8bF1,1,0.6,0,0,0.245685,0.090909,0.199102,0.554565,0.359116,5,0,2
0x2BBaD4d9668ab7E1cc55365aC471E0bE21Cb2909,1,0.563765,0.018917,0.031135,0.885436,0.107142,0,0,0.495521,6,2,0
0xb56207641d40855c9B5e6a0610d565D502590390,1,0.598703,0.000649,0.001081,0.867373,0.038461,0,0,0.526968,2,1,0
0x6D179b9D2f7868b1B3cc2cd5B3E93EB0eb9d1174,1,0.563765,0.018917,0.031135,0.88555,0.107142,0,0,0.495547,6,2,0
0x4b0163c213f02be6F954E1AE1122d1Dd7cB8ed8c,1,0.6,0,0,0.88574,0.074074,0,0.001996,0.535513,4,0,2
0xE33A7A2a0f06a2B079095a7365de4E466E235e37,1,0.6,0,0,0.888727,0.122807,0.548451,0,0.587779,7,0,0
0x61C867415416E394AfAa51F37E911aaE79f79698,1,0.597462,0.001272,0.002119,0.88868,0.056603,0.001398,0,0.531989,3,1,0
0x6ed04fc8Ca4704c2B4D2525Bae02c6f6B00d584F,1,0.6,0,0,0.77394,0.193548,0.099747,0,0.529764,12,0,0
0x541980dd1DB4123185d6B632e9D6A09F77c1e4FA,1,0.6,0,0,0.543075,0.253731,0.853809,0,0.548944,17,0,0
0xBbaf4C45B13F167754cc28b33a251a7694B7e458,1,0.6,0,0,0.885478,0.074074,0,0.001996,0.535454,4,0,2
0x80C3F794a03B66867c4F2E8fB6a183c64d167E0f,1,0.221296,0.33923,0.461103,0.735337,0.107142,0.467858,0.332888,0.127882,6,1,1
0x8B1375845CE5E6C1e1b72c6aF5718F58b38F253D,1,0.6,0,0,0.879126,0.038461,0,0.001996,0.530929,2,0,2
0x3bEECA0732ec2e321792664229B331c731f7d880,1,0.587522,0.006331,0.010507,0.885026,0.090909,0.020759,0,0.524128,5,1,0
0x08ec658BAfc8Fe03408F3b3eB433B3B3bA433cA0,1,0.6,0,0,0.486954,0.074074,0.004578,0.020568,0.444618,4,0,1
0x9d9219436ac5D88a5A6c2501b4dD5ecC302E81B6,1,0.6,0,0,0.771967,0.107142,0.052312,0,0.517637,6,0,0
0xE38eE87236e2AC7BE933e25e77B90E1d204019Fb,1,0.6,0,0,0.796221,0.242424,0.736286,0,0.593667,16,0,0
0xF41dE32eDd31D223Dedc8bF585eCDD2CC1C65Fe9,1,0.6,0,0,0.391571,0.019607,0.001796,0.008919,0.419784,1,0,1
0x792a176cc200ae72d38490d4900DAa8e5a424e79,1,0.6,0,0,0.87843,0.019607,0.000199,0.000999,0.529246,1,0,1
0x5Bba8bA4816cee9B13b183d2Cf60fE7757DA6Ab7,1,0.595245,0.00239,0.003977,0.769303,0.152542,0.097146,0,0.519318,9,1,0
0xbDCc568B8ccdD531883FfC0e22585279Ccf3bA13,1,0.6,0,0,0.572651,0.206349,0.284385,0.579301,0.444091,13,0,1
0xCB5A193b0c21e07bFC1ff9b444E69AA87B15cf20,1,0.6,0,0,0.865247,0.019607,0,0.000999,0.526271,1,0,1
0x238643d4106c7c6206f8Dc31acb59Cd24C979D12,1,0.58108,0.01096,0.016906,0.881111,0.462365,0.037165,0,0.549235,43,4,0
0x49D9dA08a95929769d9581ea2857243Fc8c0b948,1,0.912161,0.516005,0,0.624075,0.206349,0.868559,0.270245,0.860507,13,3,1
0xd5EcAc4B4B9F860E53a59B339969D3F93960C79D,1,0.582435,0.008966,0.014854,0.885475,0.090909,0,0.000999,0.516287,5,1,1
0xb9F68D887c3c10B34aBBC3f6F8ef97B319525b26,1,0.391535,0.528747,0.553982,0.727097,0.489795,0.743458,0,0.266189,48,5,0
0xa14A65AB3469e94dFfe99bc7D4aB2dc21b71D198,1,0.581423,0.009494,0.015724,0.876855,0.090909,0,0.000999,0.513147,5,1,1
0xDCf7D71Cd6634Ebd58698F060566DFc89e27d5b9,1,0.581423,0.009494,0.015724,0.813769,0.242424,0.614851,0,0.56573,16,4,0
0xCFba368D6777a5b74F00393E968c839A86B1eB06,1,0.457883,0.085181,0.13434,0.730461,0.166666,0.175597,0,0.355233,10,2,0
0x366DC14697AD74F01D8F91596D98594ccE885661,1,0.6,0,0,0.354821,0.038461,0.035679,0,0.417095,2,0,0
0x12278CA3C8E4Cc238eBf7AbCFDE0076431E21Ed6,1,0.380372,0.147645,0.224025,0.768002,0.166666,0.115983,0.000999,0.272177,10,1,1
0x77d8782aE1883fBc8E9995b4733aF7b64093ADae,1,0.603139,0.002367,0,0.871905,0.090909,0.050873,0.000788,0.541689,5,2,1
0x2213d0798910b3a7900B772de6813F06c56B0074,1,0.6,0,0,0.684252,0.038461,0,0.001996,0.487126,2,0,2
0xA89c534e54140b3c3626c680d1090aec43B761C7,1,0.595245,0.00239,0.003977,0.811605,0.180327,0.123114,0,0.533499,11,1,0
0x5A0d12c1060690567d6e820B4b7F8FA2CBe77099,1,0.458829,0.641379,0.627378,0.623748,0.295774,0.881991,0,0.277771,21,3,0
0xB90cB7b06923AF7c9Ac4e8EfB2408FE7B1A33BaD,1,0.6,0,0,0.279575,0.090909,0.006556,0.029126,0.399892,5,0,1
0xa6b2360644fc71A6f1dbd15341677d07a60387BA,1,0.6,0,0,0.874115,0.019607,0.000199,0.000999,0.528278,1,0,1
0x3d94BbC25148d81303D73F9920Fa28eaD6011bAA,1,0.251897,0.293073,0.408619,0.158961,0.122807,0.396208,0,0.104273,7,1,0
0xD84Af6b703752f8c20683Ec93296D127Ef6AB5B3,1,0.597797,0.001103,0.001838,0.772328,0.090909,0.883172,0.118942,0.573966,5,1,1
0x7730246C2C714FdeC597aF98f480A616918225fC,1,0.6,0,0,0.879134,0.056603,0,0.001996,0.532512,3,0,2
0xF8f6C244975d489e3e4d278f191ba4295898A7BD,1,0.6,0,0,0.876872,0.056603,0,0.001996,0.532005,3,0,2
0x473d69F7448042317D37805b1bB745197400D82E,1,0.6,0,0,0.661109,0.090909,0.053926,0.198717,0.471582,5,0,1
0xE55f2Ba876C4B36c847F5BA8231f36E7490faEF1,1,0.6,0,0,0.860437,0.038461,0.014972,0,0.528243,2,0,0
0x66d9a2E2Aaba784Bad0C5571ad1adEb3F83f0cA9,1,0.6,0,0,0.503116,0.090909,0.655124,0.714367,0.437374,5,0,1
0xd6694A23fF7FDb8016996a38143d30a36786CD53,1,0.6,0,0,0.479386,0.038461,0.039938,0,0.444947,2,0,0
0xC362d27b82BDDD0610c17AC19b081cc2142FC48A,1,0.6,0,0,0.638443,0.122807,0.016135,0.080882,0.477734,7,0,1
0x6CbA56563dD5BbD35fb424A2AFebA60389D840fd,1,0.6,0,0,0.870487,0.019607,0,0.000999,0.527447,1,0,1
0xEb71fF22FfEb46e2CBB09f51e5814339acFE002A,1,0.690897,0.081068,0,0.787325,0.180327,0.745805,0.243011,0.657414,11,1,1
0xa7C1fFDd40705b56785B31D48FF355e7B6F0336D,1,0.6,0,0,0.886713,0.019607,0.000599,0.002991,0.530939,1,0,1
0xe3705140656B41e30477455dD28B7d56e3053493,1,0.6,0,0,0.626949,0.019607,0.025151,0.11426,0.463619,1,0,1
0x5C061A559E36a24781eA28de14C314aA31b8F474,1,0.491476,0.062127,0.099428,0.47489,0.038461,0.013612,0,0.318777,2,1,0
0x527a52C52f101c767B2cC9d6954E8BDC4125542A,1,0.6,0,0,0.874581,0.038461,0.010097,0.000999,0.53089,2,0,1
0x26B34538229D11453Ff02471BFb20A9aAa6F412C,1,0.6,0,0,0.751265,0.21875,0.016522,0,0.51961,14,0,0
0xB1dE3F070aF462d55F0d49506670d81F4E0CFF0b,1,0.6,0,0,0.88446,0.019607,0,0.000999,0.53058,1,0,1
0x603f4961766f1c3b055084796ACEc993aF140B4F,1,0.85423,0.343494,0,0.601713,0.180327,0.568705,0.01961,0.798337,11,1,1
0xd84372781EB98443e4EE9014aE377FA6efa186cB,1,0.595245,0.00239,0.003977,0.869398,0.074074,0,0.000999,0.526359,4,1,1
0x103FECDDFdC32ED0AB9FD0a2CbE3A91Ac8269e9C,1,0.616283,0.01257,0,0.823027,0.107142,0.211853,0,0.559915,6,1,0
0xEDa950331946343F576836EC3eb0aA2A52F09252,1,0.6,0,0,0.860809,0.038461,0.01088,0,0.52797,2,0,0
0x31115Bc06cF75611C9498E7D10e18f3F3Fe48Db7,1,0.545145,0.110745,0.108605,0.686992,0.253731,0.070631,0.036881,0.431221,17,2,1
0x2ef521329Fbd0C9a61832Dcd869b617ddA06977a,1,0.6,0,0,0.888909,0.193548,0.707465,0,0.607155,12,0,0
0xA27c3C3a3f85fC593bCDE7933ceb64040099be90,1,0.6,0,0,0.878508,0.019607,0.000199,0.000999,0.529264,1,0,1
0x55996aB2705fFbF8f1F08EB208a8e309F529f554,1,0.462577,0.620283,0.605036,0.809734,0.565217,0.948129,0.545692,0.300205,65,6,2
0x7E7c1B442314F504486A5219B21f9b5c08a08661,1,0.6,0,0,0.870786,0.038461,0.001597,0.008919,0.528508,2,0,1
0x482Be22B91C8a4A7C30C14ffa9f4EcA78b718e9F,1,0.197205,0.379942,0.505257,0.859473,0.180327,0.561172,0,0.147338,11,1,0
0x7dC5B4aabc9EefC36F53098C11a5a20256DeD83D,1,0.715451,0.108512,0,0.688556,0.122807,0.224204,0,0.639146,7,1,0
0x7E5B822Cd36d968dd8b5e8baf786929421db4CE0,1,0.6,0,0,0.18051,0.019607,0.106983,0.374609,0.349082,1,0,1
0x2C48A579668F76dBF59c20B9273DA9083be65F52,1,0.266986,0.272299,0.384104,0.268088,0.090909,0.23254,0,0.115491,5,1,0
0x66f809f98bcAf169C5512cAA8fbDf7d5710723B9,1,0.6,0,0,0.701669,0.056603,0.082232,0.199359,0.480099,3,0,1
0x65E53a9803ca4212d2B9b75FecdbC1b77748576a,1,0.416258,0.116937,0.180801,0.761488,0.056603,0.411695,0,0.323706,3,1,0
0x529ccAFA5aC0d18E7402244859AF8664BA736919,1,0.6,0,0,0.864667,0.019607,0,0.000999,0.526141,1,0,1
0x671Be1DE3c172BB5c1bF2663C8BD4Db518fDD2c9,1,0.6,0,0,0.680322,0.107142,0.050332,0.115044,0.485352,6,0,1
0xA68c7Ea8c01496dddF91220f499249588F0402c2,1,0.6,0,0,0.878373,0.019607,0,0.000999,0.529216,1,0,1
0x80E7905A4D8cE6774965E8C09a2AA5f288E6F775,1,0.437085,0.852306,0.846048,0.795429,0.62406,0.979024,0,0.26579,83,3,0
0xAeE60ec0460E4A2e04a85945b1927d00b77D1527,1,0.209595,0.713616,0.776675,0.734118,0.367088,0.941499,0,0.129856,29,3,0
0xe24f48680a17bF0060b79b1902708d4F7083b31C,1,0.169665,0.594302,0.691587,0.728442,0.615384,0.89673,0,0.130362,80,3,0
0x9C033aB16863cA0a8E9ddB30877AdCBa549A3368,1,0.6,0,0,0.502479,0.038461,0.055356,0,0.451421,2,0,0
0x54EeB90C0C8b3A999afDeC2259243f8C939d5D66,1,0.6,0,0,0.370633,0.019607,0.807684,0.954543,0.392052,1,0,1
0x8CB40CF1374C69d51B6145f0EEE9fC30F96FAd2f,1,0.595245,0.00239,0.003977,0.77057,0.090909,0.15839,0,0.519569,5,1,0
0x74b68f007288b6198420C0D74F89709EC5Ecf3F1,1,0.6,0,0,0.769395,0.193548,0.070113,0,0.526159,12,0,0
0x196e17EA79a5167e735225aD0d131EE4a3445e92,1,0.6,0,0,0.780811,0.019607,0.065245,0.25871,0.487239,1,0,1
0xcBA5c0e50CB41428D1f0c163f659848D71B0ac96,1,0.6,0,0,0.755175,0.107142,0.007345,0,0.50993,6,0,0
0xb9bfbBD7CD2971E6Df86B53557cba07edB6bC064,1,0.9663,0.765304,0,0.72472,0.738219,0.993351,0.494464,0.92741,141,4,1
0x2474FBc98a43514d33c78fC753FaD230334df539,1,0.6,0,0,0.434583,0.038461,0.013612,0.061913,0.426679,2,0,1
0xFDc9658CF46F60502d3F4bf4fe2BF354a3c38645,1,0.6,0,0,0.884635,0.056603,0,0.001996,0.533744,3,0,2
0x0220cEecBE84E49808A09CF2560b5BD13c09d48B,1,0.587282,0.006454,0.010711,0.870609,0.074074,0,0.000999,0.517222,4,1,1
0x45c9B776693EBAd20e529999382A69fce2501Dd4,1,0.6,0,0,0.873093,0.038461,0,0.000999,0.529676,2,0,1
0xfAA5d382dAD990392dE55568A2198348A317E321,1,0.6,0,0,0.771908,0.137931,0.050332,0,0.520141,8,0,0
0xf46AF63E4DD391Fc09949FFeEA29A4b982357f4d,1,0.400848,0.129714,0.198983,0.62038,0.090909,0.061913,0,0.258423,5,1,0
0x505aC59c9d67BDA7E0c0E70C199687F3e543C1B0,1,0.6,0,0,0.86379,0.019607,0,0.000999,0.525945,1,0,1
0xaabeb67828Ce0cfB4416B47f1Fe3D514642B4289,1,0.6,0,0,0.465974,0.275362,0.113946,0.317871,0.437452,19,0,1
0xf7528311DBc8965e6b3E84c04FD2018Ba37e84d0,1,0.6,0,0,0.173091,0.019607,0.608119,0.885831,0.340999,1,0,1
0x24b4e1D35FB5c28C95F93b52B32fe5ce64b277B5,1,0.247179,0.299825,0.416464,0.420966,0.056603,0.333155,0,0.120599,3,1,0
0x94285fcfe60709BC70Eac54f6AA795AB86B8041B,1,0.6,0,0,0.484757,0.038461,0.034749,0,0.445692,2,0,0
0x9bbB2dcCb960c0C2eCc2eDC5428e6772D32b538E,1,0.05373,0.753087,0.835617,0.827659,0.659863,0.966982,0,0.090515,97,1,0
0xA26a93A4a504A75a8824C20a11292408b5595044,1,0.6,0,0,0.863134,0.242424,0,0.003984,0.544897,16,0,4
0x538CbAdb41386BF5f0faDe4e690eAfC36C48D304,1,0.6,0,0,0.683768,0.074074,0.031383,0,0.493076,4,0,0
0x6ea24f3cDDDF5B88F90B73A2d7df7ad9C0f9BEC4,1,0.596584,0.003388,0.003977,0.884627,0.090909,0,0,0.532731,5,2,0
0x4e4D21D62Da7a71dB30561f4de5585A85D3EcdcC,1,0.6,0,0,0.747043,0.122807,0,0.006951,0.508134,7,0,7
0x60C6c28e10eE895037260D653eF8A22A9Cae6f3C,1,0.631724,0.04799,0.014854,0.869418,0.122807,0.0261,0.000881,0.569429,7,2,1
0xF3F4A7B82DC2D303bb3Ef31059cf5EB7A51e6C53,1,0.6,0,0,0.387461,0.019607,0.090743,0.332888,0.395126,1,0,1
0x9b2Eca1BcB1595E32E0C8AE9AF743cd419adf73E,1,0.6,0,0,0.873045,0.019607,0,0.000999,0.528021,1,0,1
0xAD5271AD8764953EDC00302d52bA019caA0EB9Ce,1,0.595245,0.00239,0.003977,0.718392,0.122807,0.05962,0,0.501988,7,1,0
0xc8b1AaB063Da09A2C75c586d5b3bF26d822E8CE8,1,0.6,0,0,0.885558,0.074074,0,0.001996,0.535472,4,0,2
0x0690adC3DeA3dD819064c60f9EeCC22E60991f2c,1,0.584183,0.008057,0.013356,0.884673,0.056603,0.000199,0.000999,0.5152,3,1,1
0x3A14C0c4411e6a273289832fA31B85ca58e45Cc2,1,0.140678,0.51762,0.638531,0.816735,0.6875,0.894712,0.738244,0.104934,110,3,1
0xa8B0A45E2588A5df6Df6Bf30a43C06AF341802E7,1,0.480458,0.210005,0.224779,0.811296,0.180327,0.622327,0,0.410269,11,2,0
0x3E6A5C4Bee75C615b39f86e6a0Cf8F66EcdE7FF9,1,0.597763,0.00112,0.001866,0.821827,0.137931,0.06068,0,0.529616,8,1,0
0x03260268a14347313dC5256EC3ACe6B2DEB0f2bA,1,0.597676,0.001164,0.00194,0.860046,0.038461,0.000799,0,0.524184,2,1,0
0x199851f54dBB32D7aF36099De3759A53c4f88B77,1,0.604171,0.003151,0,0.867938,0.038461,0,0,0.532964,2,1,0
0xC15831016166476B93Ce74e826cb590077b8ce82,1,0.595245,0.00239,0.003977,0.767585,0.206349,0.063319,0,0.520678,13,1,0
0x6091f43Aa028641CDa9237b3e6A0b341D3E20508,1,0.6,0,0,0.581492,0.019607,0.009704,0.046711,0.458824,1,0,1
0x1903561aA82947a3d35c930988e41D7d2adA66BB,1,0.6,0,0,0.759411,0.122807,0.827538,0.959993,0.488026,7,0,1
0x87Fb205AC3107533bB5Dd4920E01fe1111745cD1,1,0.595245,0.00239,0.003977,0.756568,0.122807,0.049248,0,0.509668,7,1,0
0xf26e9ED6FAe2C8366c2863cD98620BFE4D0295fc,1,0.593556,0.003246,0.005398,0.879213,0.107142,0.00833,0,0.53028,6,2,0
0x6bf0Fc128ED70642d16eFca9f64e3F2c338607b4,1,0.717003,0.110347,0,0.699055,0.242424,0.778907,0.602326,0.641882,16,1,1
0x8538B9A09d080B753ed0C47A9c43557B2C7B331c,1,0.556994,0.752083,0.693379,0.640439,0.695121,0.957923,0.448782,0.339114,114,8,1
0x20d2A56e09ba7D7938d7Ba61D18a8B649D5223D5,1,0.6,0,0,0.068643,0.253731,0.488752,0.749874,0.341122,17,0,1
0xBC8fB68154B4E409f7Bd28EcAD6670A322B2BC96,1,0.6,0,0,0.524907,0.038461,0.547429,0.858135,0.414407,2,0,1
0x90C0Bf8D71369d21F8ADDF0Da33D21DcB0B1C384,1,0.344149,0.795127,0.813789,0.884167,0.839228,0.996796,0.65169,0.197305,261,11,3
0x5fC5fEdaC2f68e2f96b11A1aa004bC98C8555103,1,0.599517,0.000241,0.000402,0.886696,0.038461,0.00537,0,0.532725,2,1,0
0x585653F5E1475E1C0f0BbaA05682a257f6663A32,1,0.6,0,0,0.354324,0.038461,0.11316,0.389871,0.38604,2,0,1
0xD70aD6a5863A1B27a8DC0fb97C9C0ffc750BC00c,1,0.605808,0.0044,0,0.874557,0.038461,0.000199,0,0.53617,2,1,0
0x2Ff098226b9494AcA0eDb7A6410e728D24aE2D4A,1,0.6,0,0,0.864579,0.019607,0,0.000999,0.526122,1,0,1
0x5315D1C25af0125948265362A531F23Be5648442,1,0.6,0,0,0.775746,0.166666,0.02477,0,0.52128,10,0,0
0x6637b4b8fc4102135340509e294beeeBf4793FA7,1,0.6,0,0,0.884669,0.056603,0,0.001996,0.533752,3,0,2
0x1463EB999FA790Ff5065695C026D135F38357fAF,1,0.473145,0.288607,0.295607,0.677976,0.285714,0.598361,0,0.363613,20,3,0
0xEE9FF931a7ee15f39A00EbF30cD1aF4835Ca1e40,1,0.448064,0.312189,0.33043,0.821641,0.816176,0.945393,0,0.434518,222,7,0
0xc22B721B9821D2Cc6B615907Eff421fF533D0473,1,0.6,0,0,0.718232,0.056603,0.452774,0.805409,0.455749,3,0,1
0xf2714ff8265f1DdB52BC363Cf84B4c2910511199,1,0.147646,0.47893,0.605036,0.636918,0.509803,0.739976,0,0.112309,52,1,0
0xcadE4Bc28B3FE8688f2452ed1cEe2687E944ef27,1,0.595245,0.00239,0.003977,0.869052,0.056603,0,0.000999,0.524756,3,1,1
0x85B7d6CDAE4AAfE29c12c99EBe47d1De40eB6d1C,1,0.142796,0.489934,0.615515,0.707696,0.230769,0.72929,0,0.10588,15,1,0
0x2336f8c3E69c09d79d342EaF93F9d6aC9a10ceFE,1,0.6,0,0,0.776989,0.074074,0.07766,0,0.518091,4,0,0
0xAD90F0Fd90aE3402d96DC8a7E1117E3Bac3C5B93,1,0.585958,0.007137,0.011839,0.774275,0.253731,0.188838,0,0.526302,17,3,0
0xbc35FA8dC01E5E64B4bDBed22Df8Cf581c147659,1,0.6,0,0,0.879173,0.074074,0,0.002991,0.533943,4,0,3
0x7ABC8584EC575b5Ff1b0A0C3Fb3C1b56b1138c8a,1,0.6,0,0,0.756124,0.137931,0.020568,0,0.513992,8,0,0
0x93bDd1D1d668f8405B9898c46c59915e03266396,1,0.039248,0.810827,0.877204,0.804376,0.350649,0.969035,0,0.074798,27,4,0
0x39a769621e04cbc37721a2343997F81B02b5f724,1,0.786814,0.208166,0,0.806284,0.122807,0.354588,0,0.746714,7,2,0
0x0FC32471Cf7D169753b2C0680247668B1CbF1B84,1,0.6,0,0,0.769531,0.107142,0.014584,0,0.513791,6,0,0
0x45c6F3e7bD5a414fbE99791d197f956AFedBAdf6,1,0.6,0,0,0.694389,0.107142,0.037536,0,0.498897,6,0,0
0xF942b06c4837834DeE0111690a9C0D43A0EA6bec,1,0.6,0,0,0.869137,0.019607,0,0.000999,0.527144,1,0,1
0xfe9F4e4Fc884fBAb008947c09c6BD7ECaB1D9510,1,0.61128,0.00863,0,0.873204,0.074074,0.000799,0.001988,0.544533,4,1,2
0x27Be1c2Df79540a1577f5533531e0FE08E04BF53,1,0.6,0,0,0.879155,0.038461,0,0.001996,0.530935,2,0,2
0xA7d3288a2d1508329B62bD5FFe18Ad88F408a315,1,0.6,0,0,0.548808,0.019607,0.004578,0.022482,0.453486,1,0,1
0x0062c9c11360705E4b716Bc8930eDCaF33F51236,1,0.6,0,0,0.579621,0.107142,0.006556,0,0.470399,6,0,0
0xc64eb0b2f295D841dA02183eB07b8860578CB6c7,1,0.6,0,0,0.869359,0.019607,0,0.000999,0.527194,1,0,1
0x30A4442EFf70cCa6f6Bf6a6089786511980A8d00,1,0.7561,0.876324,0.736999,0.683597,0.565217,0.990378,0.284126,0.522132,65,5,1
0x649C92A98B8c163de6bba53EFfD55ad2d89553B7,1,0.6,0,0,0.726795,0.038461,0.009508,0.046711,0.493056,2,0,1
0x198c3291730be2D2e72297fA5670e658Ba86FaF4,1,0.6064,0.004854,0,0.885714,0.206349,0.404336,0,0.588476,13,2,0
0x572372831A9d6B2E3ee8fa284505599e6125Fea9,1,0.154259,0.907001,0.9332,0.810023,0.989675,0.999479,0,0.126932,4793,58,0
0x26C1b40de26ABe54E3c8c5Ed8888200368478Af6,1,0.6,0,0,0.686355,0.074074,0.133298,0.021526,0.500422,4,0,1
0x3410E59212080a08958940c59c67c366c3F74D48,1,0.595263,0.002381,0.003962,0.88461,0.056603,0,0,0.528368,3,1,0
0x1A4aad8f44893e645b381472205C1006F14487Bf,1,0.6,0,0,0.535529,0.038461,0.038461,0.16736,0.440768,2,0,1
0x4A43BeAb9A7c7aB50AaCC21a1fA20854E42BBc24,1,0.598488,0.000757,0.001261,0.827891,0.358974,0,0.001996,0.545575,28,1,2
0x0050c38a0038C1426030974B690b56e90be2bbdc,1,0.6,0,0,0.612325,0.107142,0.012052,0,0.478217,6,0,0
0xAF203256CbDF694B5677005b8cA388578Dc3723D,1,0.675357,0.428821,0.269293,0.855747,0.568965,0.595207,0.149253,0.630969,66,10,1
0xf2834d659649222F378C0c11D7b460ac16AE566b,1,0.6,0,0,0.697488,0.074074,0.043611,0.176954,0.479549,4,0,1
0x780d1AD5D26113A92F7124560606c830b1ceaf6e,1,0.563765,0.018917,0.031135,0.885477,0.107142,0,0,0.49553,6,2,0
0x168f33c300A2068F0D8C8f88DD31996026616292,1,0.6,0,0,0.723252,0.074074,0.073731,0,0.505663,4,0,0
0x8C1fdFC151f3697a8E49C1913c60DBBb1Fe15575,1,0.59814,0.001359,0.001838,0.873361,0.090909,0,0,0.532175,5,3,0
0xf8518329db738481b7eB3fb0C7D65C2a55828Bd3,1,0.595245,0.00239,0.003977,0.874398,0.074074,0.000399,0,0.527615,4,1,0
0xc0bE549CD74Fb96172090392165A70b67d5C1de4,1,0.6,0,0,0.867628,0.019607,0,0.000999,0.526806,1,0,1
0x9AE6733681f9DA825d9f91FA8e0aD3Bf0c10C37E,1,0.102454,0.629256,0.73599,0.837897,0.333333,0.911637,0.538476,0.083691,25,3,1
0xcF7073ceE91DD9BDbe070dD0ACe2501992308366,1,0.594688,0.002672,0.004445,0.873523,0.056603,0,0.000999,0.525103,3,1,1
0x2F1052294de963cfAD24D719c674d15964eD9989,1,0.617441,0.013492,0,0.794837,0.166666,0.07885,0.140835,0.534519,10,1,1
0x1973A3FB1bE74aD2B570E05AFD26627995f49787,1,0.6,0,0,0.618019,0.019607,0.019415,0.090081,0.463526,1,0,1
0x7b5996d45CBa00b3A6A225038724eD27C3c5acc0,1,0.766434,0.176123,0,0.741332,0.193548,0.360532,0.416853,0.684803,12,2,1
0x3893931FBDadB25d8628BD9C769492F34C9Fda82,1,0.6,0,0,0.608543,0.019607,0.008526,0.041227,0.465318,1,0,1
0xC15E222aA241518c52cc8700e720E3e8F599E66a,1,0.6,0,0,0.719836,0.019607,0.001198,0.005964,0.493188,1,0,1
0x10E4B3fEBD96E9fdAb153a62C56A564B6DD6248e,1,0.6,0,0,0.873178,0.019607,0.000199,0.000999,0.528068,1,0,1
0x289b272CE3F77DE152143Bd1b46EE48F024A3792,1,0.597676,0.001164,0.00194,0.861619,0.038461,0.000799,0,0.524537,2,1,0
0x40f5c4E8D0E3872779dBa2eB012802cD0C775C42,1,0.6,0,0,0.878516,0.019607,0.000199,0.000999,0.529265,1,0,1
0x7f9081f59241e0c937fE8E1be2489C4f033C1fcb,1,0.6,0,0,0.870783,0.019607,0,0.000999,0.527513,1,0,1
0x5ef39271F500B713400D6A2da96B72A52cc7765B,1,0.582435,0.008966,0.014854,0.779786,0.122807,0.103942,0,0.504498,7,1,0
0x5e0F7D27f438fBE401e44218fFd5b6189C8c1FC6,1,0.732458,0.744536,0.552238,0.626805,0.773755,0.888762,0.344581,0.570555,171,10,1
0x35Ea57a72A545f8eC3dec28834a2b43DC0097D14,1,0.600083,0.000062,0,0.885193,0.038461,0.000399,0,0.532608,2,1,0
0x8549f0798A538112e29Adbb8e82D24f59c625eb0,1,0.6,0,0,0.632938,0.038461,0.004578,0,0.476195,2,0,0
0xC1B195eb8595Ed8eF5C8B8cc6f27dd5D394E5fca,1,0.6,0,0,0.543094,0.019607,0.009704,0.046711,0.450256,1,0,1
0xE2551E8cab4b905a3Ec291ED59D1abe66b001D0e,1,0.6,0,0,0.464731,0.019607,0.038276,0.165971,0.423635,1,0,1
0xCc44Ff5B06A6ab656E7C6E970A77d74356cDF04c,1,0.6,0,0,0.86936,0.056603,0,0.001996,0.530321,3,0,2
0xf60A6888Edf91e5b955255885b8cBC08A21E19FF,1,0.6,0,0,0.658176,0.074074,0.264381,0.578592,0.450014,4,0,1
0x06fE505a512a6d947803B82FF74E8bf1Bbd4E16A,1,0.6,0,0,0.87837,0.019607,0,0.000999,0.529215,1,0,1
0x900328c10dBF57Df58F9abA8f3093D650e937D02,1,0.259054,0.335355,0.44245,0.558944,0.579831,0.420424,0.097408,0.158257,69,3,1
0x40ea3e663B7B434DAe0Bcc482F2173fDB955b54e,1,0.6,0,0,0.638571,0.019607,0.016328,0.076638,0.469199,1,0,1
0x7a0B7C6BD041a3557743426135153a4a9D8e6EB6,1,0.079008,0.770835,0.844326,0.852545,0.64539,0.98322,0,0.099478,91,4,0
0x2bB9F760473cd2695301ab8cf06931d61f0BD4d3,1,0.180345,0.4111,0.537779,0.841176,0.411764,0.688337,0.165971,0.14052,35,2,1
0xef0Dad5578f373B902Ee16E7D944D9e10Aa3fF09,1,0.030435,0.848808,0.903445,0.564486,0.242424,0.99448,0,0.056939,16,1,0
0xe72110B77A96D301E4bbFe06F6472784b28aa3f2,1,0.6,0,0,0.875011,0.019607,0.000199,0.000999,0.528479,1,0,1
0x052B41067E6A2a2A28baB8BECEe8a4480a18C992,1,0.776997,0.192317,0,0.720115,0.206349,0.764639,0.445191,0.720365,13,1,1
0x73460Fe0cb1E3E636E03E143c79A2A062cC17ed9,1,0.142402,0.534024,0.651186,0.722907,0.549549,0.714073,0.442584,0.097324,61,4,1
0x270a2e955f940D9264B7c13559BB5AbF2EA98abE,1,0.6,0,0,0.014457,0.038461,0.0099,0.047619,0.338697,2,0,1
0x319977E961A5b86638508DCdB87c4E9d0311Ee1A,1,0.563765,0.018917,0.031135,0.885475,0.107142,0,0,0.49553,6,2,0
0xef4eccA80d3C1C40B3Ee060DAd6541DE50210f43,1,0.1903,0.39242,0.51841,0.638369,0.152542,0.743194,0.849804,0.092739,9,1,2
0x7471cC21F84b2eeb1bA3560ed6afc60a833b5DEC,1,0.979722,0.848895,0,0.731782,0.710982,0.998866,0.573634,0.935006,123,3,1
0x77C929C69C0Ef9D2DB23A463e3f02b048AC86A20,1,0.6,0,0,0.560929,0.056603,0.666599,0.909082,0.429064,3,0,1
0x84f2f700Ba1d650Dc66Db1591a819933DB4D2d3b,1,0.6,0,0,0.374391,0.038461,0,0,0.418342,2,0,0
0x14624b11dB55d61616dBb0d302dF1a3A97676862,1,0.6,0,0,0.618141,0.137931,0.006754,0,0.48175,8,0,0
0x65954be6eB302DE7a47805dE167AbCB815A185d4,1,0.916986,0.533916,0,0.765005,0.704142,0.970235,0,0.909123,119,7,0
0xa1086Bc4f3dB8cF5bbC032220d8C3255038FE608,1,0.6,0,0,0.869068,0.019607,0,0.000999,0.527129,1,0,1
0x983Bd09815948D887B84f982b0Cb269383C93cAe,1,0.581423,0.009494,0.015724,0.88548,0.090909,0,0.000999,0.515086,5,1,1
0x28bEcC0EeC396a0b882E7A68028B25078B91ba85,1,0.6,0,0,0.886851,0.019607,0.000199,0.000999,0.531134,1,0,1
0x39eA25C016a3E90E8E72dBBE215a1Ab62429f66F,1,0.157787,0.473621,0.597441,0.884652,0.637681,0.759719,0,0.14837,88,5,0
0x48a0096B26fe285138b294aFe0Eb1DD705071dcA,1,0.6,0,0,0.879179,0.056603,0,0.001996,0.532522,3,0,2
0x1544C9e273469022531bF924F204c00Dc9bb689F,1,0.6,0,0,0.670402,0.038461,0.007148,0,0.484836,2,0,0
0x06E75d5484E924DAed57798298fD99bE41C04C09,1,0.6,0,0,0.502971,0.056603,0.57731,0.805787,0.418784,3,0,1
0xDC1f7409006a1DAEC85652F1597026648317C9d5,1,0.6,0,0,0.636922,0.019607,0.038276,0.165971,0.46185,1,0,1
0x99E60Db1B6b171c2D8aD2D052eA4ea3265538533,1,0.594865,0.002582,0.004297,0.851132,0.166666,0.083073,0,0.537225,10,2,0
0x1180814Ef4DD32106b9De7F3C172795cEA3C3D6E,1,0.095874,0.826433,0.881334,0.865341,0.333333,0.981811,0,0.093537,25,6,0
0x2DF8B7740804eDc398226d3Cc9402740810c468c,1,0.6,0,0,0.86747,0.019607,0,0.000999,0.52677,1,0,1
0x97d696499238Eceaa27475B8b8f8a14dc48EE4f9,1,0.6,0,0,0.871606,0.019607,0,0.000999,0.527698,1,0,1
0x76326080e0292029574D7C33020e463Ba0F690bf,1,0.6,0,0,0.63504,0.038461,0.009116,0,0.477063,2,0,0
0x9647793D5f9917098c66e7F629e28469F44Cb9Af,1,0.169277,0.474136,0.594107,0.853757,0.431818,0.885933,0,0.147164,38,7,0
0x81eAdbA0d88c322e3Ad2B05907132cAbCCC99996,1,0.576957,0.011839,0.019578,0.773672,0.275362,0.07902,0,0.507771,19,5,0
0xA3c4e489d3985e14d0F091B92837B926281D0ECb,1,0.6,0,0,0.849075,0.107142,0.058025,0,0.535433,6,0,0
0xe86C723301c72168BeFe4e370EC99C848BC161D7,1,0.6,0,0,0.548022,0.019607,0.004182,0.020568,0.453465,1,0,1
0xc2CC9B8d0DB3D4CE02bc8e0DCE8200A9B58a84af,1,0.421216,0.112951,0.175069,0.478869,0.122807,0.174781,0.354422,0.237383,7,1,1
0x35a07424bb2Eb3EA9d2794804aDB5D95a97fabF5,1,0.6,0,0,0.779228,0.166666,0.0261,0,0.522178,10,0,0
0xb6467Cb1fbA7652abC0EAac03D0A30389ea4cE1B,1,0.595245,0.00239,0.003977,0.771663,0.090909,0.084919,0,0.513393,5,1,0
0x8cd94E3f27028fb4296B96Df100BA7ed852c643E,1,0.6,0,0,0.878427,0.019607,0.000199,0.000999,0.529245,1,0,1
0x33dE294b1646ED609524Af3b4e83cd10D7457cd4,1,0.595245,0.00239,0.003977,0.874429,0.074074,0.000399,0,0.527622,4,1,0
0xA7c41f54aD4C964b838bF8ceBd86910E7598894B,1,0.591924,0.004075,0.006774,0.869249,0.056603,0,0.000999,0.520881,3,1,1
0x5552fa6113cBCF21c0ac5E70D658c5B1D353599A,1,0.726363,0.121681,0,0.68172,0.193548,0.228871,0.20093,0.637277,12,2,1
0x82E7bFB8229130C26F82471Db89326F76f6BFA23,1,0.77834,0.194438,0,0.236904,0.206349,0.078001,0.067348,0.605695,13,3,1
0x4A4Edc7B6b036879aA724bCea37ED36B665E55A8,1,0.6,0,0,0.48159,0.038461,0.037165,0,0.445196,2,0,0
0x557C531b51E8f38e1E6AD5291AAe1775aA3C97A7,1,0.6,0,0,0.878837,0.038461,0,0.000999,0.530963,2,0,1
0x6B9Ecfe49da6142fE1fa95cE5fe95dA6a2A5B543,1,0.6,0,0,0.782048,0.056603,0.048344,0.203821,0.494762,3,0,1
0x8eC153B3064BFeCf539c8a4e0C196a4e2b681843,1,0.6,0,0,0.771858,0.107142,0.03232,0,0.515865,6,0,0
0x1B8d636b9823f3998D2772464Ce1E067e01d3c76,1,0.6,0,0,0.799135,0.166666,0.017874,0,0.525929,10,0,0
0x457F1953e536fA543B14D7CA9da9A4F33Be4222F,1,0.6,0,0,0.480021,0.038461,0.034935,0,0.444655,2,0,0
0xc0323f45085650214009b1180b7D5B06a0D07f75,1,0.600279,0.000209,0,0.8737,0.122807,0.000199,0.000998,0.537466,7,2,1
0x2122b6D09aEcBb56d56D94478ebeFeFb659a6b0B,1,0.300311,0.230401,0.332872,0.759863,0.324324,0.343918,0,0.216329,24,1,0
0xf093210DA74a3FCc6aA5CF611C43429Fc812BBba,1,0.600141,0.000106,0,0.86925,0.074074,0,0.000998,0.532065,4,1,1
0x1dD557CF0E71419a18600A6F29c20fc126BAA36c,1,0.607982,0.006071,0,0.87668,0.038461,0.000199,0,0.538915,2,1,0
0x41FEf86A8a0A0c7429f299c9FE0a6070eA6A23Fc,1,0.600708,0.000531,0,0.88684,0.056603,0.001796,0,0.535328,3,1,0
0xB22E28612bc721Fa3a3aD6c6dA1A5ca6Ee03D839,1,0.591287,0.0044,0.007313,0.874282,0.074074,0.001198,0.001996,0.52279,4,1,1
0x271cEfCFF0d63c7C1F213570D8A8a367722aFd2e,1,0.509248,0.050748,0.081813,0.772863,0.206349,0.020759,0,0.415305,13,2,0
0x9d4229b45906eBdEbC04e1a0e788d70a3b670aE8,1,0.6,0,0,0.881929,0.056603,0.029126,0.000999,0.535773,3,0,1
0xc85B2D3A256Cd6c60016a1147A42C080cCb07cf6,1,0.618073,0.013997,0,0.876874,0.090909,0,0,0.554046,5,2,0
0x898f46F42435197d1863DB598a292Fd210282843,1,0.542297,0.178788,0.163131,0.728373,0.431818,0.335194,0,0.466955,38,4,0
0x5A7fa8E08463478a1C1D078508Fa208edD2baEd8,1,0.174981,0.421523,0.548423,0.64277,0.152542,0.671786,0.499749,0.095274,9,1,1
0xFa336C62D378A82bfC150Da3d87cb6600F177429,1,0.6,0,0,0.876871,0.056603,0,0.001996,0.532005,3,0,2
0x8bEAa3bc881aA5CA48b424Af1C22bb2ECDEaCA71,1,0.6,0,0,0.283996,0.074074,0.006951,0.014778,0.400843,4,0,1
0x79afab146a464313b29b84f62379e75c85376DA0,1,0.601704,0.001282,0,0.870163,0.074074,0.023055,0,0.536002,4,1,0
0x36109a141917f69A62eaD4F9E9fa72C34f35C90D,1,0.494467,0.135828,0.156258,0.715914,0.206349,0.146466,0.020308,0.380433,13,2,1
0x417bE5F6BBb4ab60AA0708e311149fd2b7f04CAB,1,0.6,0,0,0.090003,0.295774,0.529057,0.620637,0.363881,21,0,1
0x389836EdF639d94c43D708aa5a88d47D8886ABEe,1,0.6,0,0,0.869143,0.019607,0,0.000999,0.527146,1,0,1
0x2273F5B2481385774b943101C20efc4800bF0785,1,0.634868,0.02785,0,0.688072,0.107142,0.0392,0.069542,0.527584,6,1,1
0x7A9b8ba150Ea81B4F767a54A39a2329525bB7cF7,1,0.557569,0.685638,0.619698,0.841075,0.790794,0.996818,0.200736,0.441932,189,6,1
0x9847d5919a67D1E3B808b06F2293396b19eC701a,1,0.6,0,0,0.8786,0.019607,0.000199,0.000999,0.529284,1,0,1
0xc00Fe6e278ffb30248744BB3007c1f1Ff78F1073,1,0.856499,0.349058,0,0.455967,0.253731,0.471235,0.375094,0.751875,17,3,1
0x2169554b9396A012aDa028d0Cc441B237caB1075,1,0.6,0,0,0.878469,0.019607,0,0.000999,0.529237,1,0,1
0x6C572a9B4cc493E18c7b32366C8552e025f6fF25,1,0.6,0,0,0.504662,0.074074,0.444259,0.749937,0.414751,4,0,1
0xDCeD828E70deCb3B612BDe1031D253408DF848c6,1,0.582435,0.008966,0.014854,0.869657,0.038461,0,0,0.508243,2,1,0
0x9509bEe1FAa311eE23B8d9074ff1b07ebc5F13B8,1,0.590565,0.004769,0.007924,0.869379,0.107142,0,0,0.523818,6,2,0
0xfFc58aE9B148D8042F137A03d7D4b4263fe8097C,1,0.624846,0.019481,0,0.788785,0.090909,0.004975,0,0.541975,5,1,0
0x5441FC2dafF6Cc6702C6C3d4e81329837501Ae8b,1,0.6,0,0,0.88128,0.038461,0.005766,0,0.532113,2,0,0
0x83B71aAC923F15b3732Fa0CA059e17c9e1bbD4Ca,1,0.597797,0.001103,0.001838,0.882603,0.074074,0.002792,0.000999,0.532566,4,1,1
0xeB29472Ef6f17b82839E5FE7c740aA5B93FC599D,1,0.595612,0.002205,0.00367,0.86496,0.107142,0,0.000999,0.52868,6,2,1
0x324520B035195d9017a142E949fAe7077C5996c5,1,0.6,0,0,0.874075,0.019607,0,0.000999,0.528252,1,0,1
0xd5323721E501BCd52EF290DC00D29c19640b6681,1,0.6,0,0,0.424175,0.206349,0.157398,0.485861,0.409683,13,0,2
0x8B7Bc899706cC14670D79D9A20b669c5AC10BCBD,1,0.6,0,0,0.481348,0.107142,0.046529,0.175597,0.434568,6,0,1
0xB9702296c4C6AF3fB62e9523Dc08E5A451c12a0c,1,0.300241,0.719846,0.758836,0.829953,0.757281,0.988578,0.108908,0.203922,156,7,1
0x181ad5E6c7B5C07FA6538EA371446B54f3478d70,1,0.600399,0.0003,0,0.864952,0.074074,0.000199,0,0.531488,4,2,0
0x1d51f23A36281a7e459AbA9De302a5CCF458F261,1,0.597991,0.001006,0.001676,0.869077,0.038461,0,0,0.526512,2,1,0
0x5115DaD03662dd8A60Ba91bEE2BFb83c5c5163EB,1,0.581423,0.009494,0.015724,0.885571,0.090909,0,0.000999,0.515106,5,1,1
0x6A75B891C1c8F524F5DE44cB76A9A4CE9f26Cb7D,1,0.6,0,0,0.707362,0.122807,0.226125,0.499749,0.469751,7,0,1
0xD52a8044Cf45b670c7e287103f3502DD14A58721,1,0.6,0,0,0.878198,0.019607,0.000199,0.000999,0.529194,1,0,1
0x07faA0594E8FF9cD431Ba1e3aEBc1976C1dfc1eb,1,0.604468,0.003377,0,0.869124,0.074074,0.003587,0.00196,0.536757,4,1,2
0x091344243e6aA84059e6E6DD205057c53c801290,1,0.6,0,0,0.657064,0.038461,0.013612,0.043977,0.478013,2,0,1
0xb66E2ea6d7a226fbEC677B0A932E15b0C828795e,1,0.6,0,0,0.886852,0.038461,0.000399,0.000999,0.532794,2,0,1
0xDc53AE6151246B6d44Fc2330523ab4534A8e1F92,1,0.598476,0.000762,0.00127,0.870058,0.074074,0,0.000999,0.53031,4,1,1
0x0Ab49FcBdcf3D8d369D0C9E7Cd620e668c98C296,1,0.476445,0.399011,0.390657,0.820494,0.813432,0.797439,0,0.432878,218,12,0
0x0FE9D25D9a53A34Fc383c34905140840490ae552,1,0.579553,0.70916,0.632198,0.704221,0.324324,0.916508,0,0.401518,24,5,0
0xDD56B812730F5Efc9D05b119BDeD55bdD770E773,1,0.765472,0.17469,0,0.727307,0.6,0.56427,0.26558,0.737389,75,2,2
0xab533568dCA001b3EB734FfcBD35D7B3b62C2E97,1,0.6,0,0,0.579914,0.038461,0.037721,0,0.467194,2,0,0
0x8647aF787cEB1F8d601FA3bf07aCa87C97074B5a,1,0.6,0,0,0.868917,0.019607,0,0.000999,0.527095,1,0,1
0x2599Dd1E3F38De5183ef1aF8E4601dc3430e2140,1,0.581002,0.009713,0.016085,0.885768,0.107142,0.003587,0,0.516483,6,1,0
0x3144080A8D140EC09fa459dC25748998DE3Df245,1,0.266463,0.511926,0.591682,0.77608,0.333333,0.740852,0,0.175701,25,2,0
0x845fd21aCb957aAf02Fb6333c1225A3b6641010e,1,0.6192,0.020946,0.003962,0.777676,0.242424,0.035307,0,0.548715,16,3,0
0xEfAAA5F6B0f8DeccdF54Ad2aDAd23585502586A4,1,0.641755,0.033785,0,0.799389,0.242424,0.775391,0.770847,0.565835,16,1,1
0x7Eef42034507D87664DD38e0E827f599BDa573D8,1,0.576836,0.011903,0.019683,0.772518,0.39759,0.728246,0,0.574315,33,5,0
0xE576035fd9BC0C5ace1385148E435F4d09eABD2A,1,0.549098,0.528804,0.464906,0.880393,0.358974,0.868673,0,0.464519,28,4,0
0xcFe865EF7D4Dc4D2b07e31Eca3506E1Ef7727b01,1,0.59683,0.00159,0.002648,0.870798,0.074074,0,0.001996,0.52844,4,1,2
0xDD26860b40A91EFaE7B6445477e4ff25c4b94298,1,0.590565,0.004769,0.007924,0.767157,0.137931,0.033255,0,0.506439,8,2,0
0x5410d09BE697e57Cd7C4FfA83759abeD3219E020,1,0.960591,0.732977,0,0.14199,0.038461,0.941175,0,0.8696,2,1,0
0x32cb9292243C8C00a1c2D1F3f7DE8aca8f8815Af,1,0.117357,0.672502,0.765373,0.774731,0.671052,0.940554,0,0.111169,102,2,0
0xA4B3220D47a867a4CBeec95369eD2D1C362fD47e,1,0.6,0,0,0.817175,0.107142,0.06838,0,0.529189,6,0,0
0x85c253066296A0C6320FbD3C52380E2D063A9A5b,1,0.6,0,0,0.420685,0.137931,0.669574,0.874953,0.408847,8,0,1
0xCD4CDE04D8E5671b7daC23136704f42B33Dd66F4,1,0.129805,0.79412,0.853571,0.80903,0.342105,0.984068,0,0.101628,26,5,0
0x334436bf0B04117313534Be5C2E6552d4F5749DE,1,0.864931,0.370451,0,0.809912,0.787234,0.973646,0,0.880228,185,1,0
0xF72Ad45609f3DFA55f88c7dA479DC5Fc67f1CdF6,1,0.252742,0.671919,0.731493,0.556484,0.572649,0.782533,0,0.136525,67,5,0
0x8BD19eA0DA57988464C14539c9eCc78030AF2574,1,0.6,0,0,0.599952,0.166666,0.013806,0,0.480791,10,0,0
0x8ED1955C014e4833937544676a78C533B398755c,1,0.82948,0.287613,0,0.199357,0.275362,0.512052,0.55856,0.659221,19,1,1
0x3Fbb53A46bed6A014d7Ae76A51CEddFb4E97e99E,1,0.6,0,0,0.679905,0.056603,0,0.001996,0.487735,3,0,2
0x00aD1b8C0BA667F262a71B5c111FA57894cD3CEC,1,0.6,0,0,0.718344,0.305555,0.79757,0.951028,0.493049,22,0,1
0x92258B26C32328a9722694ad341279C3288A275a,1,0.6,0,0,0.878573,0.019607,0.001198,0.005964,0.52887,1,0,1
0x2c8c79854eCDCA62e924f85C49061b9a97393b0B,1,0.6,0,0,0.674296,0.074074,0.012248,0,0.489272,4,0,0
0x49C2F38C9A99d02984F9DA22536e30622Ad908E7,1,0.98331,0.873257,0,0.804271,0.910554,0.998501,0,0.9558,509,15,0
0xD92f7C7A303C13B095617F1619E04c32600A558F,1,0.090866,0.626995,0.736949,0.584181,0.193548,0.891999,0,0.075543,12,1,0
0xE20eB97B2DEe92e24F0e8D29595bcc712741619D,1,0.6,0,0,0.812365,0.074074,0.675155,0,0.577704,4,0,0
0xD5589B82113fD3cf4993743d03bde11ec3380Ffe,1,0.152406,0.478312,0.603016,0.845764,0.342105,0.728585,0.440892,0.109217,26,3,2
0xcfCDe15d5a99716c82493Aa2B1771100813925B0,1,0.6,0,0,0.878373,0.019607,0,0.000999,0.529216,1,0,1
0x3252acc3bb1b0B4B22042718f0deBedfaf57aD76,1,0.6,0,0,0.873098,0.090909,0.114574,0,0.54431,5,0,0
0x147661B066BC7E53d0b3391BD2A20a43A55b7260,1,0.594688,0.002672,0.004445,0.867508,0.038461,0,0,0.522269,2,1,0
0xACB23862cDEE126950D3f39d3EE1af6123A27135,1,0.6,0,0,0.623222,0.180327,0.193418,0.382334,0.464753,11,0,1
0x10dc89e1a87b2D99f6be00b6d62320bF7a6D8CC4,1,0.581317,0.009549,0.015815,0.783885,0.418604,0.772913,0,0.587595,36,4,0
0x8d43F23fB5b1E52D6c2A49Fb2F303f81230F30aA,1,0.6,0,0,0.872528,0.019607,0,0.000999,0.527905,1,0,1
0x4bF5479148a3b4b26b8995Fc1dCed16075F9b816,1,0.6,0,0,0.874261,0.019607,0,0.000999,0.528294,1,0,1
0xF48D95e3e69A960C82652bBD2C4Da31d9A69ca85,1,0.651853,0.042771,0,0.740437,0.230769,0.023818,0,0.573716,15,3,0
0x674cb93Ce397C47a315bCb216e9f0A85B01616BB,1,0.468872,0.082381,0.126665,0.806204,0.553571,0.240467,0.218195,0.399962,62,3,5
0xAaa8D3BFc242221575AD7947195A155a7a85289a,1,0.6,0,0,0.602325,0.074074,0.046347,0,0.476078,4,0,0
0x88D7AB755c10ff85Bd5a5024b340DF0e9e084A9B,1,0.563652,0.244583,0.20232,0.755476,0.253731,0.66305,0.028044,0.4963,17,3,1
0x122b4dd62DA2DcfE83e48382681Bd2bb6DAc1B55,1,0.390229,0.698246,0.710692,0.554423,0.382716,0.965513,0,0.210738,31,2,0
0x5Fe587feAA9ABB3D9ef30Ec8016181E729FDBE8E,1,0.6,0,0,0.508573,0.074074,0.062968,0,0.456531,4,0,0
0x15bcC179D2fA1C0c1Ea687e0570c22B2F2193306,1,0.6,0,0,0.88565,0.074074,0,0.001996,0.535493,4,0,2
0x8a3EBF637ae473EEE3B56D7293B0D8c0311A96A5,1,0.594688,0.002672,0.004445,0.873459,0.056603,0,0.000999,0.525089,3,1,1
0x39E9a08cD775815FedB57D691f2a2f3ba26d59Ec,1,0.6,0,0,0.226639,0.038461,0.118321,0.401913,0.358492,2,0,1
0x6df76A4186CF6605839C55Ec247cdD59b4CFF508,1,0.6,0,0,0.884585,0.056603,0,0.001996,0.533733,3,0,2
0x6b5263B4b91f9cbA2D01Ed8fAf08ED8A0D40f2f6,1,0.657586,0.04803,0,0.683514,0.107142,0.090578,0.150776,0.547547,6,1,1
0xa74D06ed48af62B8351212a3Ba3D07aA917C0877,1,0.6,0,0,0.865206,0.019607,0,0.000999,0.526262,1,0,1
0x727E869a9b139249eb2Ce14700e7CA3Fe766f9CA,1,0.6,0,0,0.866596,0.019607,0,0.000999,0.526574,1,0,1
0x07Ce929745Ee5059381C400C2428F794DcABdEDe,1,0.6,0,0,0.886934,0.019607,0.000199,0.000999,0.531152,1,0,1
0x9c68a6315C76746de52c39147883B8406B514eec,1,0.6,0,0,0.683375,0.806201,0.994823,0.976795,0.543558,208,0,1
0xB90FEAd3D6F4D85850fD36014F0cE775d74Cf071,1,0.469567,0.459457,0.449538,0.693581,0.358974,0.668413,0.303839,0.308612,28,2,1
0x902D01Bc18c04613FF4d470C6b1f30BBb4813251,1,0.6,0,0,0.873035,0.019607,0,0.000999,0.528019,1,0,1
0xE6De456251181aC6DAB0526973A29455dd4B1736,1,0.6,0,0,0.768322,0.107142,0.169021,0,0.52701,6,0,0
0xF9d6316977B5FE1c1ea326f3A4DF016C7b1C9825,1,0.6,0,0,0.865262,0.019607,0,0.000999,0.526275,1,0,1
0x106E5F12BDC985829598F48CF26cB315bBf355e6,1,0.315772,0.30756,0.393437,0.802494,0.305555,0.488909,0.350072,0.205485,22,3,1
0xbDf83493B48AED03283B15491699FD54329bB54F,1,0.598703,0.000649,0.001081,0.871165,0.038461,0,0,0.527819,2,1,0
0x6Efe0608271700ba866381Cf6b419AFBC2Da5E14,1,0.6,0,0,0.885067,0.019607,0.005173,0.025341,0.528742,1,0,1
0x0FbAb9215e1F5F903B1Bf41D3302005DCa67C522,1,0.6,0,0,0.502762,0.230769,0.16833,0.221183,0.456039,15,0,2
0x74dF2FE610566D9027ff745EE09A2A1f8Ba4A0f6,1,0.631918,0.025354,0,0.851128,0.253731,0.85521,0.891759,0.562801,17,2,2
0x6F32AA5A6198329c16e438512F992a0548C856f9,1,0.563765,0.018917,0.031135,0.884632,0.090909,0,0,0.49392,5,2,0
0x6b90B54E147e09B0FBf0482B0C266f3Fc5B37460,1,0.6,0,0,0.564999,0.738219,0.980866,0.899426,0.517594,141,0,1
0x4c4562d95FAc224B91D3a042e210FC77319752C1,1,0.6,0,0,0.885471,0.074074,0,0.001996,0.535452,4,0,2
0xb20227817339AE73fa04ACd30Cf12878523FCEc9,1,0.6,0,0,0.875674,0.019607,0.000199,0.000999,0.528628,1,0,1
0x22febE242b6D74328BeDD10E2B9c9Dd7EDa40B12,1,0.6,0,0,0.760301,0.264705,0.358316,0.613451,0.494238,18,0,1
0x9929AB8F657235B54c97fa05C16cC17Dc422d4B0,1,0.6,0,0,0.584757,0.193548,0.014778,0,0.47981,12,0,0
0x366C46A82CF123128830F99029f74e383D56CC26,1,0.6,0,0,0.666675,0.019607,0.003785,0.018645,0.480195,1,0,1
0x4408E04e4D8AEb7EdbC0bc0aE66028762FDF29e5,1,0.6,0,0,0.152177,0.019607,0.001796,0.008919,0.368394,1,0,1
0x33B63583bCaA0b2F533c2dc8C6659De63F73eAC1,1,0.418643,0.115013,0.178037,0.379911,0.090909,0.127704,0.312242,0.217519,5,1,1
0x84Ae6857722F30a48037031696e4e20b7dB62429,1,0.6,0,0,0.477663,0.019607,0.056425,0.230177,0.421758,1,0,1
0x18D0dBc5Bbba31782299ce4b83CFE4d6d150f13a,1,0.6,0,0,0.870185,0.019607,0,0.000999,0.527379,1,0,1
0xb938ef5ecbeCB592B111b1A1b91f252480E2193b,1,0.110613,0.835018,0.885676,0.855465,0.367088,0.992155,0,0.09818,29,6,0
0xB0Df372E82414464b12c74efFc9A3838b4c24272,1,0.6,0,0,0.885388,0.019607,0,0.000999,0.530788,1,0,1
0xBB97163Dd58C788c2C8F37dba929Cef6cc5faD59,1,0.6,0,0,0.88619,0.090909,0.106983,0.000999,0.546473,5,0,1
0xf68f6C1f2dbdC2Dd2159e5fe51304F6B579c4CDC,1,0.238611,0.464961,0.562069,0.781312,0.315068,0.858621,0.452183,0.146756,23,2,1
0xA1755468605b423c7b9163b7DCE10D6CD39a5576,1,0.70569,0.097256,0,0.500068,0.056603,0.030819,0,0.565938,3,1,0
0xa5B3c4b87c9B0EcE1a40d8FED34F2E5C6A06c81B,1,0.6,0,0,0.775739,0.193548,0.196529,0,0.538595,12,0,0
0xFB780Ff2c8b43b9e4d04FB6BC872d40256dF775F,1,0.537383,0.033775,0.055053,0.753105,0.056603,0.004578,0,0.430357,3,1,0
0xAE83C877AC368957f39712035A337E25964e0f1E,1,0.595245,0.00239,0.003977,0.869389,0.090909,0,0.000999,0.527825,5,1,1
0xBCC306cfF05cD3a24286591bFc98EFb443144A90,1,0.582435,0.008966,0.014854,0.88556,0.090909,0,0.000999,0.516306,5,1,1
0xcA660E3e501885359382B5F2ED3b2a9e6cA0a29f,1,0.6,0,0,0.778542,0.038461,0,0.001996,0.508336,2,0,2
0x1D2D12AB9E94b7F7A13e2EC090aa5b2f78b13AA4,1,0.6,0,0,0.885363,0.019607,0.000599,0.002991,0.530636,1,0,1
0x89D9c04255287157484654b3d7c5A015EAf79399,1,0.334283,0.784904,0.80701,0.80919,0.390243,0.973276,0,0.197397,32,5,0
0x80bf18CFCDFF43aC0b2B03D669c2Ec62Da24A858,1,0.6,0,0,0.633389,0.137931,0.916691,0.955579,0.469274,8,0,1
0x475fef082796FB3CEe8B7E1e261C9041E84534Bd,1,0.6,0,0,0.878373,0.019607,0,0.000999,0.529216,1,0,1
0x952fB6C7Fe1d92AFc9f08564c2D963dC98573e2b,1,0.6,0,0,0.872525,0.019607,0,0.000999,0.527904,1,0,1
0x0EaC200367B53323bAb30EDC459A4EBA1037C042,1,0.6,0,0,0.77629,0.193548,0.018067,0,0.523164,12,0,0
0x1c721671916560c9Ab5B7c5406E152b750eB03a2,1,0.610784,0.008243,0,0.884619,0.324324,0.878019,0.941588,0.551211,24,2,2
0xE48652156edA91BA6DbA337E5E9b945F63e7a228,1,0.598567,0.000717,0.001195,0.870773,0.090909,0,0.001996,0.531944,5,1,2
0x403d47B58841665eBbeA700391A2f32Cce68F20c,1,0.671787,0.061576,0,0.751643,0.324324,0.642831,0.457325,0.613445,24,1,2
0x2804d944967EAA8D498bcFbef541e6c32dE2B8AD,1,0.76583,0.175223,0,0.797979,0.193548,0.930108,0.682284,0.714429,12,2,1
0x00FeBC822e74614296B9c11eCdf3e86646bfa8a7,1,0.589975,0.005071,0.008423,0.874595,0.074074,0.030632,0,0.52408,4,1,0
0x3BC65E4717dB38c533DF78f772a9f4868e3CD591,1,0.772481,0.185289,0,0.623556,0.779735,0.316286,0.149289,0.730646,177,1,1
0x09a355821d6FFD337aBF360A26E1F6c02EfF606c,1,0.353866,0.802737,0.818358,0.596001,0.390243,0.972371,0.053555,0.17366,32,2,1
0xf91cD9BfC08D1DF946138fa582428491d2A78778,1,0.6,0,0,0.885546,0.074074,0,0.001996,0.53547,4,0,2
0x4386aCfC843A022881D11F55F3689cfF5C83112b,1,0.969636,0.785044,0,0.375814,0.798387,0.997131,0.473422,0.908934,198,2,1
0x81f1e5f1227a82fb337de3981EF8faB2AF5e0FEB,1,0.6,0,0,0.813748,0.166666,0.023818,0,0.529725,10,0,0
0xba1226643f4b94dDc1E11124D08Ca1C7b63c50Ca,1,0.6,0,0,0.886392,0.019607,0.000199,0.000999,0.531031,1,0,1
0x82132073F6bF5589F365bdf7A016995a8E38cd2e,1,0.546109,0.330402,0.285827,0.789729,0.350649,0.454624,0.235685,0.43346,27,4,2
0x6d01b8a193d5F69ed22252dE464e1C61EdEcA25d,1,0.592253,0.011287,0.011497,0.883763,0.152542,0.001597,0,0.532286,9,3,0
0x5f6465cE79F569f84bfeFCDAC66b8EcfD3758A0a,1,0.555181,0.023645,0.038797,0.768242,0.122807,0.029314,0.019607,0.460897,7,1,1
0xeFC1f7D6EdefE505001d0c10e77dc35E638d8A62,1,0.6,0,0,0.71879,0.019607,0.038276,0.165971,0.480206,1,0,1
0x7Ea9b8ba0d889Ba42458f657Ed27244AD593dfe7,1,0.6,0,0,0.884682,0.056603,0,0.001996,0.533755,3,0,2
0x002e0a894FA7BBab1edeC2791DD6d6B3c2210a12,1,0.6,0,0,0.873833,0.019607,0,0.000999,0.528198,1,0,1
0xb73C34C7f17967aE6FfEd95B92e27D1c2cCe31fd,1,0.549334,0.026924,0.044082,0.719502,0.038461,0.029879,0,0.437757,2,1,0
0x3c865BCad9c26a1E24f15a7881e2d09400F51812,1,0.6,0,0,0.870025,0.056603,0,0.001996,0.53047,3,0,2
0xF1B4165eDA3a3C392D8224591af6c298ed0ec94F,1,0.6,0,0,0.778768,0.019607,0,0.000999,0.506837,1,0,1
0xd8474C7AF14b5F6fcf1bD6f4092fC55EF66e5577,1,0.6,0,0,0.53067,0.038461,0,0.000999,0.452808,2,0,1
0x78281E0673e589903f342A77799Ea54D7a4a660A,1,0.6,0,0,0.679898,0.019607,0,0.000999,0.484598,1,0,1
0x63085c9D732f09Bcc445dA3e964B5CE74EefA53C,1,0.6,0,0,0.66481,0.090909,0,0,0.48754,5,0,0
0x01464Bf5E35F383602Bd6b9E542b8B63399F6E88,1,0.694286,0.084688,0,0.808265,0.285714,0.572759,0.373746,0.647989,20,2,1
0xe51e8f0D3D1dbf66ae865BC506B9eB2B265bC894,1,0.679141,0.068898,0,0.729303,0.166666,0.22324,0.338414,0.579395,10,1,1
0xd688652e2f704cFd3f35b0475Cb1cf4fE3e41bEc,1,0.6,0,0,0.773641,0.166666,0.014389,0,0.519901,10,0,0
0xB0877e9a02d54BBac74983D8DA6fc43BF1114aE2,1,0.596201,0.001907,0.003175,0.875312,0.038461,0.002195,0,0.525995,2,1,0
0x3da72a58798CE9df29796471c0A6eBC5b9aa51E0,1,0.6,0,0,0.491599,0.074074,0.063144,0,0.452758,4,0,0
0xb2f6129b4B2fa2061BBf6d136BEE016A66D821Fb,1,0.581423,0.009494,0.015724,0.869402,0.090909,0,0.000999,0.511471,5,1,1
0x21bB2b377A68BF734D8Bbd7c86474316422868a2,1,0.6,0,0,0.870783,0.019607,0,0.000999,0.527513,1,0,1
0xc376147CF0C443B9ED55e0B92eA4b8A9470e428f,1,0.242687,0.490243,0.582032,0.832661,0.418604,0.61491,0,0.169632,36,5,0
0x8Eb73D481ce851a68F68Ff3ECD5dD5e51f2DaCEB,1,0.594945,0.002542,0.004229,0.875006,0.038461,0.003587,0,0.524568,2,1,0
0x830c67D86AAB0Fae51Cd03b8666cC145872F504c,1,0.6,0,0,0.441711,0.019607,0.199871,0.555357,0.394656,1,0,1
0x2722f23899F7a277ee4083035E196FD4819baf8C,1,0.6,0,0,0.865132,0.019607,0,0.000999,0.526245,1,0,1
0xBfeb316666b528507c56D152ecBd8a1BEB41c05a,1,0.6,0,0,0.86941,0.056603,0,0.001996,0.530332,3,0,2
0x091Ed653e6854C7adA0c2e64fde348047666E4d2,1,0.099156,0.602436,0.716355,0.626966,0.152542,0.777728,0,0.077831,9,2,0
0x99949e360f4101e006Fb5985FB877C915F5AcD48,0,0.585958,0.007137,0.011839,0.869319,0.107142,0,0.000999,0.518253,6,3,1
0x54dDcF144B627d6B9eE734EeA8012256Dc1F2202,0,0.6,0,0,0.770801,0.074074,0.005766,0,0.510414,4,0,0
0x5f363E03bA8C635e3Fd2Aa9C6Bcb9A19e067F9d9,0,0.612848,0.009858,0,0.853896,0.056603,0.372962,0,0.572677,3,1,0
0xC6F6357629ED1fDAE62A02643362eF3d561A0454,0,0.810749,0.25042,0,0.791315,0.404761,0.927471,0,0.817336,34,2,0
0x85dcd9877AB0cFfa85b7D268D093dFA578a161b6,0,0.6,0,0,0.451159,0.324324,0.481704,0.805068,0.42217,24,0,2
0x32f1E01533Ad7247bB98abAcfd4F9E18b75bb7Af,0,0.948177,0.668392,0,0.529847,0.549549,0.955066,0.023147,0.908653,61,2,1
0x65f6ECa8b6e725cA600F522F8Dff4b1bB5Be2Ccf,0,0.6,0,0,0.873356,0.090909,0,0.002991,0.534107,5,0,3
0x71A6Ab86A74E650B56CfaF85A65Cd0D56C743e4A,0,0.6,0,0,0.868921,0.019607,0,0.000999,0.527096,1,0,1
0x35800c965e850C9d957FF3d253dc01c501b6d8e1,0,0.776053,0.190835,0,0.452905,0.193548,0.324506,0.356706,0.640539,12,1,1
0x0FfAD609D35c4BEF104ee245A9c4c891D463aA2a,0,0.930279,0.586974,0,0.856174,0.913043,0.999006,0,0.929545,525,9,0
0xf8a6A82D17b54eab7De4273c5E7644E27ced3A09,0,0.6,0,0,0.860374,0.019607,0,0.000999,0.525178,1,0,1
0x5098B03c1ee6fD57c66a5855dE5ac2eeCDDbC2fF,0,0.939362,0.626722,0,0.85858,0.786324,0.982012,0,0.931651,184,13,0
0x5efEe372C745C3503357E6537Ca37c9d4808b685,0,0.978278,0.839345,0,0.45139,0.579831,0.996376,0.781523,0.906103,69,2,2
0x2c93FadD2bD95cD66B8C33B3636dbAA70c431dB4,0,0.6,0,0,0.884667,0.090909,0.285612,0.001996,0.561483,5,0,2
0x84258198B51d56E57954D28D688D4c0810B837b2,0,0.595245,0.00239,0.003977,0.867317,0.038461,0,0,0.522883,2,1,0
0xd43Eea8E73957C7632aFe43ee154Ad4a79d98181,0,0.6,0,0,0.87095,0.074074,0,0.001996,0.5322,4,0,2
0x34C63695D2Ce2ec3be8982a1844B616eEC9a3f75,0,0.340441,0.251248,0.33273,0.756459,0.425287,0.348109,0,0.250197,37,4,0
0xcE2fd0D5c7816bF7C9D5164a0ffCBb5224ECC735,0,0.85173,0.337457,0,0.730257,0.553571,0.784343,0.244044,0.830913,62,1,1
0x37298ED3205B279e08ea096Fa1F5aB6C0bbbe28d,0,0.128571,0.523809,0.647058,0.799553,0.39759,0.716874,0.012833,0.110519,33,1,2
0xfBFC1E379874f990a5d3C51C3BE1CCF2AB6128Ad,0,0.6,0,0,0.677077,0.090909,0.041778,0.181669,0.475805,5,0,1
0xF4c466580Caea2da7b1B97000712e164c7E4237b,0,0.807562,0.244472,0,0.641931,0.6,0.732004,0,0.793466,75,2,0
0x45320d566EdccFB1f22793f3279F1F3D99aeb71a,0,0.469332,0.160496,0.189904,0.85307,0.342105,0.724972,0,0.439793,26,3,0
0xEf6eCEBf334fE51cCa3c6CE8d3Eb1F4AEdA71278,0,0.590573,0.081847,0.061511,0.717319,0.166666,0.132245,0,0.496629,10,2,0
0x1ca8Af5A656a78fea6b420261d88Ae94Fe83BDfa,0,0.80992,0.248862,0,0.805494,0.675324,0.982897,0,0.834875,104,1,0
0x9587f892d4dc912C00144f431AaA7418f95C9E46,0,0.646731,0.03817,0,0.731754,0.549549,0.226485,0,0.610484,61,1,0
0x7f8069Dfdd61f3AaAbDFf9F6D7257496733D340d,0,0.891734,0.447021,0,0.876552,0.72067,0.992037,0,0.902298,129,9,0
0x59291993494Ac025dd54AB9bB0d7b201BFC82a81,0,0.6,0,0,0.683797,0.038461,0.003189,0,0.487502,2,0,0
0xD45884ed9e7e75A4f8F2ba2FBDc3d17E194FDDCA,0,0.833847,0.296877,0,0.711483,0.736842,0.842801,0.512769,0.808818,140,1,2
0xB9524E065Ebc26E3bA8b63a1c06E5f9cE484e61e,0,0.645264,0.036868,0,0.692834,0.206349,0.023628,0,0.553991,13,1,0
0x09A35Fc298a8e154989221a9814eE3cBfe794F4f,0,0.624618,0.019295,0,0.775248,0.038461,0.056425,0,0.538621,2,1,0
0x76c723B0d3383D1f73665c4cB105a1304D8EDdFd,0,0.6,0,0,0.773223,0.019607,0,0.000999,0.50559,1,0,1
0xee7170D3A4E299cB391621a9C19D05817b8F678d,0,0.589157,0.020331,0.019253,0.888049,0.765258,0.92012,0,0.657191,163,4,0
0xEbdEec7A85934A833E6dDb11490B803F95DA7e83,0,0.6,0,0,0.675462,0.193548,0.833294,0.84594,0.487237,12,0,1
0xaE95E09279458e28cFf31cD8Ee27E4764DF152b7,0,0.6,0,0,0.468805,0.107142,0.877705,0.97289,0.424938,6,0,1
0xcADb1f6BDF1e0ed95483A6cfC9C46cf2C02726cd,0,0.6,0,0,0.773295,0.019607,0,0.000999,0.505606,1,0,1
0xCaBE7DdB088e47bf4291b42AffB8fa261b75500A,0,0.878566,0.407652,0,0.859164,0.468085,0.811128,0,0.876785,44,4,0
0x54b0Acb5817db4F78A916b59C07275cB6A5265Ea,0,0.841369,0.313411,0,0.784732,0.5,0.829787,0.403632,0.819068,50,4,1
0xb3797Bd160e0eEa1cbcEe8fdB4f97cdBC3CB4567,0,0.6,0,0,0.764722,0.038461,0.997071,0,0.591624,2,0,0
0x270564a33500E4b0C77ff862b3D69F4303fD6b30,0,0.6,0,0,0.862542,0.019607,0,0.000999,0.525665,1,0,1
0xb4d9649B5365b8Fe0A8E08797017e44fb0d2c3FF,0,0.818586,0.265501,0,0.605483,0.468085,0.92498,0.616234,0.759627,44,1,1
0xFe64be4322b4D579649a20809AE7ffbEa4ef1813,0,0.635983,0.028801,0,0.799105,0.295774,0.027615,0,0.575655,21,2,0
0xF0D137C65533A6e9a3d8443648DE159114DB7912,0,0.6,0,0,0.784285,0.367088,0.638493,0,0.593344,29,0,0
0x6484264B85F2c049246205973265085d98b025C7,0,0.61439,0.011071,0,0.731954,0.038461,0.012248,0,0.514232,2,1,0
0x25dDFF2F25A73B8dC3711871f09525eBDC6253db,0,0.993308,0.946335,0,0.280624,0.809885,0.999203,0,0.936704,213,3,0
0x51fDf4343F7659ba108B0cCE01FE28ad9Fb54d53,0,0.860539,0.359163,0,0.794947,0.807692,0.979511,0,0.876706,210,3,0
0xaAC1AdB603dD3fdb4b52B7E667Ef18eeFc2e4f4e,0,0.6,0,0,0.805715,0.137931,0.712528,0,0.584871,8,0,0
0x4498c4159d6dD2768316a547be6D65406B3Cc358,0,0.6,0,0,0.867276,0.019607,0,0.000999,0.526727,1,0,1
0xB829D3C2aBCd702FE90fD9bC29de44eCd6589E0f,0,0.898689,0.469348,0,0.572469,0.275362,0.680918,0,0.850163,19,3,0
0x52851131800ff5Eb550780c2D20B8A769BEB747E,0,0.618313,0.014189,0,0.731991,0.038461,0.016522,0,0.518761,2,1,0
0xCB562EB26873a004ef49177Cf2cD909a90F0eAe3,0,0.6,0,0,0.712558,0.074074,0.008919,0,0.497588,4,0,0
0xe480770045FDbF9A872Dbe8178f82d94D443523d,0,0.6,0,0,0.524562,0.264705,0.845162,0.96057,0.449259,18,0,1
0x987d418e8B1dF7Dd2CBe1011c8C9794c4F3601bD,0,0.785973,0.206775,0,0.693811,0.6,0.828019,0.795901,0.729047,75,1,1
0xB62183a0EDE18e32C21b0EDAb1Fd89966C715741,0,0.809794,0.248626,0,0.87617,0.784482,0.99611,0.43489,0.825254,182,4,1
0x90a72829EFf8A9948C5b1a2599358A8C0B5E4780,0,0.723169,0.117759,0,0.827191,0.242424,0.96479,0,0.737734,16,1,0
0x2983e1165Be38170A82EAc5bDf37F876D21E4539,0,0.6,0,0,0.371051,0.074074,0.320282,0.702292,0.380143,4,0,1
0x99c6633022ef0818F89999dF1807D29AAAd6dc5E,0,0.692065,0.08231,0,0.69921,0.549549,0.809574,0.801959,0.623822,61,1,1
0x24dCDfccE42548B1055b5D360F6506BFEF4384eD,0,0.981817,0.863008,0,0.795088,0.836601,0.996548,0,0.953509,256,6,0
0x03b9c6772E976Be3CFeC8F5fB95ca3A3232F2bad,0,0.590583,0.00476,0.007909,0.775326,0.166666,0.020951,0,0.509735,10,2,0
0xc1068Ad1C84aDf7312059BeBEb4640B62f58B119,0,0.696559,0.087145,0,0.849375,0.166666,0.103299,0.110744,0.635735,10,2,1
0x0f740Cf9cDD7Ef88caa4a69796c9713b992ecc8A,0,0.934561,0.605332,0,0.846546,0.792531,0.96719,0,0.92793,191,14,0
0xF0Fc7018bd1562dc0BB1451a8BF2E6A367a19674,0,0.6,0,0,0.871178,0.166666,0.002593,0,0.540734,10,0,0
0xdb2911c0f594164f4da5147A69583d860e46D8B9,0,0.853124,0.340812,0,0.534108,0.137931,0.615532,0.298557,0.768176,8,1,1
0x0657256FE7f47FC97D139293CD164544d785e60F,0,0.878349,0.407031,0,0.679013,0.305555,0.790602,0.539175,0.820384,22,1,1
0x9161d214972a52958F5a38695A524Db4Ec8B77De,0,0.857001,0.350297,0,0.810674,0.714285,0.995135,0,0.872771,125,1,0
0x01424Be99955683619AA6553db79130c8117DA0A,0,0.576991,0.011821,0.019548,0.808764,0.253731,0.02458,0,0.509051,17,5,0
0x9d8AB7fb71e2DA588f6e5a79C9830aa1C2c8107e,0,0.806292,0.242131,0,0.756737,0.122807,0.73479,0.576024,0.739952,7,1,1
0x4731b6d34eBf62E98656bD631253DF009d0C98A0,0,0.6,0,0,0.806476,0.305555,0.995588,0,0.622747,22,0,0
0x18F8483DF0FC328A028Ae860132b33240E77e929,0,0.309822,0.710532,0.748023,0.846565,0.553571,0.993312,0,0.209752,62,7,0
0x6E222Fe250cC5B1C4641b8902B3e2Cf545949172,0,0.341681,0.458073,0.513757,0.703426,0.514563,0.646892,0.564153,0.192638,53,2,1
0x4120E15784cCfD7ACF246532Ce4D3a62914f52CF,0,0.471982,0.525453,0.509429,0.808385,0.894291,0.907991,0.320411,0.377329,423,8,3
0x1DB63cea1BEF3aE0924Ee9F910557DA42929A180,0,0.883637,0.422384,0,0.657596,0.528301,0.786452,0.073144,0.858085,56,4,1
0x84b6C5CDFbb46C3439a7f74C7C98979B8384bdC7,0,0.625207,0.019778,0,0.805075,0.152542,0.241849,0,0.571745,9,1,0
0x819FEC2168EeeD0Be582621cC991aa38DF6D296c,0,0.6,0,0,0.626925,0.776785,0.944927,0.880568,0.5336,174,0,1
0x2Fe2207F78228b95adC144De7E2f7eB3B5Ff8521,0,0.6,0,0,0.50306,0.038461,0.000199,0,0.446774,2,0,0
0x0C0951889Af70f0e500e42360E80F9d2b9868C3D,0,0.596201,0.001907,0.003175,0.869025,0.090909,0.001996,0.000999,0.529043,5,1,1
0xCB6FD0850e69FeC31DB8A73cd1d51E018Db8c2F0,0,0.6,0,0,0.670122,0.038461,0.003189,0,0.484427,2,0,0
0x82137b38142BeAF6D5B96D48736a70481317aac5,0,0.067461,0.703106,0.797857,0.793084,0.444444,0.969131,0,0.088186,40,1,0
0xe592dC7c0f01Ec416B542AbF8DC38AD81E65fAB9,0,0.6,0,0,0.805544,0.019607,0.003189,0.015748,0.511664,1,0,1
0xBd7bbD2BffBb12e1fc3B8895a4eA0a63567d2644,0,0.89609,0.460872,0,0.714642,0.418604,0.752536,0,0.872104,36,3,0
0xcBd0e94CeD3951f3516BF8F8ef6333Ad2a71f256,0,0.130063,0.52014,0.643693,0.652566,0.586776,0.997615,0,0.115131,71,1,0
0xC4E745Bceaf07853b02f6236EdC1869ab5CE95EA,0,0.6,0,0,0.73858,0.545454,0.865392,0,0.617397,60,0,0
0x4ed02FaE2Bf6cffeBafCF20e84dF954ED15b50aC,0,0.928339,0.578868,0,0.438485,0.590163,0.950092,0,0.886646,72,1,0
0xa7f68Abd0b93BCadB44a2a2582a5E3069cdB5f86,0,0.6,0,0,0.823975,0.056603,0.038276,0,0.523678,3,0,0
0x4e182B2176992f5fa6a178BDEe1d1160396974Fe,0,0.728368,0.12417,0,0.867952,0.603174,0.970061,0,0.772764,76,6,0
0xFc61a14d9159A14D6c0C53Eb6d97eEEe37e04969,0,0.723348,0.117977,0,0.808285,0.230769,0.842964,0,0.725387,15,2,0
0x3Dbf84Ae6a6E5f740E08b53b913c53D84c73F6F0,0,0.6,0,0,0.762046,0.038461,0.186991,0,0.521174,2,0,0
0x89bf3C3462E1f062e3f52e2D2118616f119aC937,0,0.622286,0.017393,0,0.49159,0.107142,0.001398,0,0.473612,6,1,0
0x3d7dA8413a0FD65F3C048B972c6aba662205F7eF,0,0.615195,0.011707,0,0.48762,0.107142,0.000199,0,0.465125,6,1,0
0x1119d75fAb68611aE05405BaDa51250C73920f91,0,0.6,0,0,0.867326,0.019607,0,0.000999,0.526738,1,0,1
0xE1ABF61EB1c9ad27FB2C8574Bb225cf7Bc113162,0,0.852517,0.339346,0,0.767489,0.242424,0.751737,0.354647,0.812455,16,2,1
0xdD8cA64c5CD22eb4F56590209Beb2260A12a1b34,0,0.6,0,0,0.803777,0.038461,0.174645,0,0.529461,2,0,0
0xe7C0AC78325c7982527354020b4530A78ddbbEC1,0,0.612352,0.009468,0,0.731942,0.038461,0.007739,0,0.511685,2,1,0
0x1b450501Db28D907adC3FE61f4CdA33a0eAEA601,0,0.871938,0.389144,0,0.760416,0.553571,0.978373,0,0.871763,62,1,0
0xe802b6D06A217e5FEfaE260c2dB67ccdC1403bc1,0,0.612352,0.009468,0,0.731938,0.038461,0.008723,0,0.51177,2,1,0
0x1C3f7eEE6De019E85F4dc09C4ca501141af6c13c,0,0.738198,0.136712,0,0.887285,0.715909,0.915162,0,0.78741,126,9,0
0xc926354a8744DF62Dc9da9762043788FB0Fc2F5D,0,0.675489,0.065234,0,0.799061,0.090909,0.445122,0,0.634862,5,1,0
0x8ce3F694B479f44EcfE5f8B4E0156e6e6091Dd13,0,0.943319,0.645027,0,0.719559,0.635036,0.928787,0,0.920715,87,8,0
0x39a74E77063CC85042d3139aF452a65D84eE197F,0,0.725031,0.120038,0,0.775647,0.62406,0.549427,0,0.728089,83,4,0
0xe7DeCb62fF7ad4DA1a3E6d1Ab587869e69829829,0,0.884059,0.423636,0,0.63695,0.796747,0.900982,0.324176,0.860266,196,1,1
0x456bdbEd76a161F2dAbd82a2CfD3eae7dff2B629,0,0.600439,0.000329,0,0.871616,0.038461,0,0,0.529901,2,1,0
0xDE8daA5cE8F93de107951d12730D383e68c553d1,0,0.6,0,0,0.25711,0.206349,0.055356,0.118165,0.400287,13,0,1
0x81a22CCf8B98Dd49D57e33FcfcCc9f73022D6D4a,0,0.6,0,0,0.670387,0.074074,0.008133,0,0.488033,4,0,0
0xcF1a3108A7E50a917fC839cD465652C7A4F3cA2B,0,0.797437,0.226252,0,0.555631,0.50495,0.689112,0.508742,0.723205,51,1,1
0xC34e7018F8bA7051E6917525485875D39e3A8D01,0,0.6,0,0,0.669848,0.038461,0.003587,0,0.484401,2,0,0
0x3a1b9226AF7D67Bcab6bee4EBD7B0817B9C7C775,0,0.6,0,0,0.358371,0.766355,0.647837,0.569151,0.477476,164,0,1
0xAdC33017fE6C5ff0B9D1F92A998b9fA1e928e9dA,0,0.760288,0.167084,0,0.687256,0.484536,0.588307,0.118384,0.730429,47,1,1
0xBec9B7D29108E0d16cb8C5D2187C08f71cD48ed1,0,0.808224,0.2457,0,0.815456,0.253731,0.961735,0,0.812304,17,3,0
0x829Ef9b895cb2e3263C5f807A5fCcC698AaA747A,0,0.6,0,0,0.68543,0.038461,0.073731,0.285203,0.465574,2,0,1
0x750a6f43eBED4E27214a1CcBAf742818C707cFC0,0,0.594926,0.002551,0.004245,0.865288,0.137931,0.252504,0,0.552666,8,1,0
0x856a5fdc9c57A9A48a32fD1298E9E7e98685d259,0,0.60134,0.001007,0,0.86254,0.038461,0.010488,0,0.529718,2,1,0
0x81D0C981238BA637e3611d0f2D768A0387b110f8,0,0.79393,0.220167,0,0.844919,0.549549,0.94918,0,0.819324,61,7,0
0x06cFB24772238F70Ae33B210EbEd74185d787Be7,0,0.271483,0.266336,0.376962,0.8564,0.576271,0.921331,0,0.255366,68,4,0
0xBfefd83a918c9E79110060AE07A5c128c862B85e,0,0.6,0,0,0.250265,0.107142,0.766518,0.91668,0.37387,6,0,1
0xF41084C75A910aBF87a5c669F4B5481621A21720,0,0.413908,0.118848,0.183538,0.848884,0.324324,0.84026,0,0.394942,24,2,0
0x199c1b3A2D9e41261dc4aB96B54F410dF94736f8,0,0.966915,0.768899,0,0.705649,0.5,0.942138,0,0.932988,50,8,0
0x0400609D9C072f9ef2a30cd1A7A58eD6df8f7f56,0,0.899236,0.471154,0,0.480197,0.305555,0.753122,0.448781,0.819543,22,2,1
0xb1fdAE80f596C488E0b6F86fD082928Fd8E5Fa8D,0,0.692316,0.082577,0,0.708531,0.21875,0.172048,0.11165,0.611247,14,1,1
0x24e879C3163Ca5AF741845C5d07E6B5D837C38C1,0,0.6,0,0,0.049094,0.019607,0.000199,0.000999,0.347674,1,0,1
0x03eA7A2D29C625E6e5e270ea18255aa10Bf88eDc,0,0.610385,0.007933,0,0.731886,0.038461,0.006754,0,0.509515,2,1,0
0x6E8C0DD97Ab7070cb8fD661122D3d0532CC79D33,0,0.6,0,0,0.871609,0.019607,0,0.000999,0.527699,1,0,1
0x35B6ef26035035196089C6DA2D969cdF5585ce83,0,0.6,0,0,0.862635,0.038461,0.122653,0,0.538116,2,0,0
0x2bfe35882A630444170aaeF57A675aCeCDa50fA7,0,0.6,0,0,0.862523,0.019607,0,0.000999,0.52566,1,0,1
0xBB26D8e4480475D9ddd6b552D460bAC6f9D4b9bc,0,0.690708,0.080868,0,0.765656,0.494949,0.843201,0,0.705335,49,1,0
0x9DCaBb8B928dCe75D8EAb0a015012a5D562404C0,0,0.631173,0.024728,0,0.86153,0.315068,0.631105,0.584736,0.58043,23,1,1
0xEDad4B1F3eDc83EeD2BeCCA6a9EFFBAB766fCC96,0,0.6,0,0,0.814671,0.295774,0.99115,0.991735,0.526707,21,0,1
0xB0a6aBE1ab6c1FBc543e60A105624b5fa6cd6b55,0,0.777069,0.192431,0,0.82909,0.803149,0.788198,0,0.808444,204,8,0
0xfec5C38E31BAeE07858Ca0c7B04952a51E151749,0,0.666467,0.056411,0,0.784345,0.038461,0.252839,0,0.602021,2,1,0
0x7B2a56A605849C13D940263329EC519d747Dce9F,0,0.958864,0.723542,0,0.718749,0.275362,0.961544,0.07394,0.921231,19,2,1
0x216f6257002c1E1982F25A70AA73531dCd0D8994,0,0.623081,0.018039,0,0.876731,0.444444,0.804878,0,0.655573,40,2,0
0xde4faB15C608a36729213bDabb01BF8afB6B5898,0,0.39975,0.40164,0.435551,0.657126,0.375,0.454386,0,0.25934,30,3,0
0x69221c3932468814f28Cb70fB8F74C46cCD9b6d0,0,0.598539,0.000731,0.001218,0.805517,0.180327,0.856831,0,0.598946,11,1,0
0x111b8816ed555327966E58D646349f0933ce1A02,0,0.929183,0.582378,0,0.802736,0.779735,0.957213,0,0.921353,177,6,0
0x373Fd8ad5873D8A3e1340db78Ae6F82Aa7D5596a,0,0.61439,0.011071,0,0.731879,0.038461,0.010292,0,0.514044,2,1,0
0x09d93A3aFCcFaD596e3E320584bbc37f2BA27856,0,0.6,0,0,0.502402,0.019607,0.005173,0.025341,0.442925,1,0,1
0xf348c38C676bD3a467d307B0CCd5951BA5EB8Eb1,0,0.6,0,0,0.868934,0.019607,0,0.000999,0.527099,1,0,1
0x9846e53DDb9F23cC4684AAbDB58141EfeBd61146,0,0.870093,0.384138,0,0.774306,0.418604,0.799438,0.372898,0.83993,36,2,2
0x532B9E0A364C9553e4E64c0BF7f0FfC0b6af324F,0,0.362173,0.164577,0.247176,0.74024,0.796747,0.814084,0,0.345305,196,1,0
0x4EbFcF3707e5BBC9f96d88dA57eE47d1EC49820c,0,0.601023,0.000768,0,0.868907,0.038461,0.000799,0,0.529971,2,1,0
0x3b6e8e62952D624dD3774d0FaFdFC5db96Aa025c,0,0.6,0,0,0.773226,0.152542,0.886459,0,0.593764,9,0,0
0x7a34c7e8C5De3498b68F5138920a1bF8907FC511,0,0.909791,0.507448,0,0.731715,0.180327,0.965432,0,0.88397,11,1,0
0x1e94c0091884d5AAb491d0B25b22685473528749,0,0.600376,0.000282,0,0.862639,0.038461,0.000799,0,0.527892,2,1,0
0x7C92841f06278D25F19EAca104513aFa3D0F5cbE,0,0.690018,0.080138,0,0.774596,0.206349,0.371622,0.309325,0.619619,13,4,1
0xDA257f8581e831C2C2b0d658D3D798E371F181e0,0,0.671573,0.061366,0,0.670315,0.122807,0.02458,0,0.570447,7,1,0
0x085FE2D13a9284828A721111612a2B69ea4Db4D5,0,0.850716,0.335034,0,0.251607,0.253731,0.931973,0.934981,0.695357,17,1,1
0xC6dEc610a4957a49Ce344e807A58689B227Be3e8,0,0.6,0,0,0.870981,0.107142,0.002991,0,0.535546,6,0,0
0x9eE0a2D708B2371384EFE1329AE1e1Aa26e6B100,0,0.6,0,0,0.784211,0.074074,0.444382,0,0.551627,4,0,0
0x26770c0BE0bc437b57b30b5b41A8da18a8d541F9,0,0.694147,0.084539,0,0.743309,0.180327,0.203441,0,0.630524,11,1,0
0xA8a23AF2BD12b8C56A49fCa4d558ac39c36528B0,0,0.926335,0.570633,0,0.816562,0.572649,0.96931,0,0.915342,67,2,0
0x1b5915a27DB4C78e1090fC5c0C7731b773bcFAaE,0,0.538248,0.033272,0.054251,0.869442,0.425287,0.588646,0,0.540403,37,3,0
0x683c64547C70Ad0b67c55033296Dbafcb11bEb74,0,0.658148,0.048551,0,0.70205,0.056603,0.043428,0,0.558738,3,1,0
0x69f8C899FAF7A1c6A204849A504f5d976D61b51b,0,0.6,0,0,0.862608,0.038461,0.006359,0,0.527979,2,0,0
0x941D85a3cc703DbcBddd393d4A35ACFbe54fcc6a,0,0.26761,0.271466,0.383109,0.564288,0.152542,0.641216,0,0.167821,9,1,0
0xD5E140B57275698931dB48B3CB9Caf994766de8d,0,0.148562,0.570097,0.678203,0.827799,0.800796,0.771062,0,0.135681,201,14,0
0x25788a5d634422E02F39b1083E4F26cf9b842418,0,0.924107,0.561633,0,0.726808,0.791666,0.980315,0.502798,0.896643,190,3,1
0x09A9b03Fe1aDEa88999B96Ef030D835Bfc121f68,0,0.590615,0.263189,0.198983,0.460774,0.090909,0.191853,0.021218,0.406112,5,2,1
0xE9f6699d234b6d9c017ca83f5A6b2ceDbd718D39,0,0.955757,0.706947,0,0.796928,0.905482,0.994419,0,0.940456,479,2,0
0xf50a26b83f42449Dacf99280Fcf1e61959E7bBe9,0,0.896407,0.461899,0,0.733291,0.411764,0.873552,0.584514,0.851319,35,1,1
0xF070Df531Ca06fd9F7805b56Bb21BB9C36731D74,0,0.684353,0.133211,0.037233,0.769158,0.375,0.366928,0,0.649811,30,2,0
0x1b7A9C831B4f2088FA6eaE337088ae2Fc9913ef5,0,0.608468,0.006447,0,0.864117,0.350649,0.288863,0,0.588317,27,1,0
0xa772C6b5360B50A7De8a15e150A70cf2A81a56dF,0,0.6,0,0,0.710082,0.635036,0.562363,0,0.593429,87,0,0
0xA92f63B7Ae061564b341b84DB1a560Ed6C4F4ac4,0,0.990779,0.92708,0,0.668461,0.789915,0.99516,0,0.952668,188,6,0
0xA950E2d90C760a46ec46557EbE4595ce2Abf14E6,0,0.641068,0.033186,0,0.7834,0.514563,0.894155,0,0.66656,53,1,0
0xBB1bc1e0611C0696CB0af5C65a45eF151e856aD1,0,0.6,0,0,0.509605,0.626865,0.878179,0,0.575763,84,0,0
0xCD92C3596fDc60C6AF87C0f2973ddfFf8782f8Ee,0,0.201671,0.372072,0.496872,0.830612,0.953445,0.99714,0,0.208735,1024,6,0
0x6D70fE2C48BD2fa5c30eC4C7708DD1472EB29847,0,0.750808,0.153659,0,0.860395,0.152542,0.886348,0,0.757735,9,1,0
0xF6c4FCd48379824632E9cB9Cc25a87B686164360,0,0.779849,0.196839,0,0.839008,0.253731,0.732791,0,0.77761,17,3,0
0xE4b4b2b397618eBB7D84A09585e9Bd16F40CF32E,0,0.6,0,0,0.853473,0.107142,0.008919,0,0.532142,6,0,0
0xCBc8ca800BA1eE8bB0c6Be1cF48C215CE8D2f11b,0,0.832084,0.293108,0,0.807729,0.746192,0.937564,0.437949,0.829883,147,7,2
0x6741298bB741E062Dec38CEB263669254744C076,0,0.933039,0.598731,0,0.359523,0.390243,0.908983,0.463342,0.852838,32,2,2
0x5e52C16940Ac027485fba995dc2303206AaB89C4,0,0.6,0,0,0.049096,0.019607,0.000199,0.000999,0.347674,1,0,1
0xAfc7D976fBAB50f1Ad13C272a6EDFAe59081FFA7,0,0.590565,0.004769,0.007924,0.75773,0.21875,0.037721,0,0.511779,14,2,0
0x9879497017fA2026Dae2F58E5B6A50F96490A034,0,0.832707,0.294435,0,0.803781,0.590163,0.804013,0,0.840075,72,4,0
0xA8491028519d226558ea2fFE75Dfc50c2e60C493,0,0.594334,0.373789,0.288968,0.798906,0.632352,0.911047,0,0.573386,86,6,0
0xa906B61850D3f3C207Be8216A0D1Aa9CE2F7B6ae,0,0.617367,0.013434,0,0.854861,0.425287,0.846016,0,0.64734,37,1,0
0x06C90f45CD995459138b818D3249B34D7E11692C,0,0.699101,0.08992,0,0.706354,0.056603,0.313186,0,0.626952,3,1,0
0x9DE2E295d7C4dE71d356A766CE4Df1Ad9a77a166,0,0.6,0,0,0.758812,0.056603,0.890801,0,0.582859,3,0,0
0x2d376dF0e292DaA8bfBAc8705f12511DDCe22B77,0,0.6,0,0,0.862522,0.038461,0.019415,0,0.529098,2,0,0
0x2F04ed87b5Ac8b703565469311341b0b44e315d7,0,0.48357,0.373125,0.36327,0.880319,0.911816,0.993464,0,0.486784,517,6,0
0xe13543EB7F71fD77d838B446c0395D064DdBE373,0,0.898744,0.469529,0,0.566252,0.074074,0.590398,0,0.835972,4,2,0
0x70f0FC29068b24530D49055d5E12Bf2696987F17,0,0.576957,0.011839,0.019578,0.770014,0.180327,0.163319,0,0.506009,11,5,0
0x5Bbf9FaE7312f871a5741842e424EFf52a557068,0,0.6,0,0,0.862013,0.038461,0.001796,0,0.527447,2,0,0
0xD0BDfE9bA84faef580dF3BDD77dA3eB91FA89547,0,0.950126,0.678052,0,0.769004,0.606299,0.966868,0.221652,0.922436,77,2,1
0x00bc203D37F6891965797F728119c38137f06D30,0,0.6,0,0,0.775371,0.038461,0.019607,0,0.509538,2,0,0
0x3046F835298f3B3d961f97A3B79f65C2e5E21b53,0,0.6,0,0,0.773402,0.074074,0.005568,0,0.510982,4,0,0
0x4c48F9394BF41d6F794678CB9E6E866229113Cba,0,0.6,0,0,0.773406,0.019607,0,0.000999,0.505631,1,0,1
0x20BDc0f700EA7d1e6E4A798c8aC4a40250C05419,0,0.648681,0.039911,0,0.559476,0.305555,0.171224,0.401183,0.509396,22,3,1
0x144181Cf8474c0d3FD1d45bF9AE72E7B79fF492c,0,0.758046,0.163853,0,0.76473,0.193548,0.634849,0,0.734378,12,2,0
0x7ece4A3812F479de05c089CBc0538B5B376cA3fD,0,0.6,0,0,0.696815,0.166666,0.282948,0.651931,0.461011,10,0,1
0x17ff5E7eb895DfbA1969922F0Be35F039157a123,0,0.644741,0.320532,0.20442,0.863157,0.657534,0.328588,0,0.615467,96,9,0
0x387d2265469b3A157B2a9B6ae3D00521E58f8b43,0,0.965931,0.763161,0,0.861382,0.621212,0.99061,0,0.943877,82,10,0
0x34fc78D9caC655641ba25fF902Db7CE6A5311F90,0,0.857954,0.352666,0,0.7885,0.528301,0.697189,0.445898,0.826945,56,4,1
0x0C4e3B38CB9Db629eDDbC13f8D7fFA2229C1d878,0,0.6,0,0,0.867296,0.019607,0,0.000999,0.526731,1,0,1
0x5b4Df32DEC6Df1e8D96FcF2971Ed72Fa8F8d7F7A,0,0.6,0,0,0.359905,0.074074,0,0,0.418202,4,0,0
0x64EE4f0F5298Ba8ab527677BdcD74Af5c3add4aa,0,0.417109,0.116249,0.179814,0.579256,0.253731,0.03735,0.000999,0.277112,17,2,1
0xbDE5FD590f18854a321CEa195Df08EE703D29683,0,0.763006,0.171048,0,0.595966,0.242424,0.487179,0.51322,0.657105,16,2,1
0x709a98348B474fE67841ee6216b716B9Bc7A7461,0,0.952359,0.689332,0,0.626216,0.431818,0.896334,0,0.914677,38,2,0
0x9c80B32B7d600a1610d0086c58DF265D9d404996,0,0.82559,0.279558,0,0.840887,0.747474,0.987719,0,0.854386,148,6,0
0xB97D1BFa5c0cb2b776EACa2050B4Ff6e5DF486E6,0,0.820422,0.269131,0,0.811115,0.285714,0.502239,0,0.799152,20,3,0
0xEe452Dbd78942F53E8A473D3cF7fce41F78c48D0,0,0.6,0,0,0.773346,0.019607,0,0.000999,0.505617,1,0,1
0x52E46706af9D7165c5E2e0EE2136b755AfC4CC5e,0,0.969668,0.785237,0,0.825976,0.642857,0.997131,0.015003,0.944544,90,5,1
0x79de125392aA041bd67477686a1A40C75755ea02,0,0.610346,0.007903,0,0.731894,0.038461,0.006754,0,0.509476,2,1,0
0xDBf894dEd19B9c4817ecC80e3cC9d1173db0D41E,0,0.619944,0.015499,0,0.865338,0.275362,0.919598,0,0.645886,19,1,0
0x9858Eeeee1ADAbf53c76Fa8DbE24fABec02439ae,0,0.743039,0.51059,0.272877,0.785204,0.404761,0.88215,0,0.708707,34,5,0
0x8a1B48017208FDDD2F847b55bDE57220de11A3fF,0,0.6,0,0,0.879147,0.056603,0,0.001996,0.532515,3,0,2
0x34293BeE3fD70546A6012Bc71bF866F1C4874365,0,0.633044,0.026304,0,0.788291,0.166666,0.04961,0,0.560968,10,1,0
0x0AFC0279C5666BCf8696B7b8C74d4D95Ed9aD9d7,0,0.6,0,0,0.869142,0.074074,0,0,0.531994,4,0,0
0x7Cf7744D77c18f1208705d4832cC87494a95ce0A,0,0.6,0,0,0.131874,0.612403,0.972022,0.93188,0.406244,79,0,1
0x205eA3d4239B283Ac203667D475F287f509D5cb9,0,0.725419,0.120515,0,0.808315,0.275362,0.339672,0,0.694396,19,2,0
0xaDfCbE4dABAAf95eee6BBaB61B09596da3749138,0,0.6,0,0,0.30119,0.038461,0.000799,0,0.40247,2,0,0
0x7F764344892228eEF9Dccb39eB4796693b24D9AE,0,0.6,0,0,0.557147,0.074074,0.01088,0,0.462861,4,0,0
0xEbD1bE9734fdbc2A28ca6a8Ed0984f3B16d03Dc0,0,0.6,0,0,0.736264,0.21875,0.848457,0,0.58811,14,0,0
0xF2411d52e459831A21e0ac14c849a880293E69AF,0,0.6,0,0,0.860396,0.038461,0.176548,0,0.5423,2,0,0
0x6222022BbF5182df4c20bab600d82655f95635A0,0,0.854416,0.343949,0,0.533689,0.787234,0.903818,0.389185,0.817243,185,2,2
0xbd51e8421ec32a78DB5fa3Ce2DBF53dF110e9776,0,0.874162,0.395261,0,0.679552,0.315068,0.842425,0,0.84914,23,2,0
0x6Fa928b32a7911C39b07662b1e3D1B8603eCE5e2,0,0.6,0,0,0.773413,0.019607,0,0.000999,0.505633,1,0,1
0x00F3f3303E94b0c0412Cf10b41477394179Fe58e,0,0.845933,0.323815,0,0.693188,0.253731,0.607966,0,0.810522,17,1,0
0x0c88ca585FddF8911119e1514B880eED2ab95831,0,0.6,0,0,0.86893,0.019607,0,0.000999,0.527098,1,0,1
0x91C4cC2Fd11328DbF6aBe60f7326F39DC71461c8,0,0.600357,0.000268,0,0.869696,0.074074,0,0,0.532489,4,2,0
0x807674eaAe8d0FE01D56808996a9a98A1aF55760,0,0.685756,0.075674,0,0.606208,0.264705,0.080206,0,0.588822,18,1,0
0xb795De0047a18EFA119640cee220D71231CbB7C8,0,0.595245,0.00239,0.003977,0.775403,0.056603,0.003587,0,0.504119,3,1,0
0x31E7B932C655628fDA6F22f063D550d990dBA726,0,0.6,0,0,0.850182,0.382716,0.998575,0,0.638443,31,0,0
0x6aB84dBe10Ec4aE69050ab3fA38BF01dE89cfe71,0,0.478421,0.114334,0.147493,0.827308,0.350649,0.184738,0,0.408074,27,7,0
0xB26C1680Af02AD98E1A6923802131112c2bBE8fe,0,0.6,0,0,0.805677,0.206349,0.93574,0,0.609411,13,0,0
0x156dd612E9dFb0b448b6A164E14b36634BA86dCb,0,0.6,0,0,0.869148,0.038461,0,0.001996,0.528692,2,0,2
0xECD946d4c6628F487c88568217b0D19c1Fc6390a,0,0.620171,0.015682,0,0.732007,0.038461,0.019607,0,0.521002,2,1,0
0xe0Eb3075C2cbC4C4807a5802DA45B1dbC7b955d1,0,0.378015,0.163834,0.239027,0.846279,0.514563,0.910959,0,0.368594,53,4,0
0x61E09Ae9ee8f57a2FB35a67B115730Ab599B5e65,0,0.6,0,0,0.571086,0.107142,0.021526,0,0.46979,6,0,0
0x30DDB23BcFe0BAD321192fC6A5eA9e69df59799a,0,0.943917,0.647849,0,0.803249,0.799196,0.983803,0,0.931484,199,9,0
0x7b48E8fA24687f8ddfa3DE160E457bc3905295A9,0,0.808468,0.246152,0,0.762966,0.603174,0.919973,0.747294,0.773459,76,2,1
0xbd1E48E413702ff6B41e4cadd90f61482dfF5735,0,0.822921,0.274134,0,0.789284,0.21875,0.80471,0.7166,0.763442,14,1,1
0x5dBAd2553EC1b455562A7e9757fEbC04a7a8D5d5,0,0.6,0,0,0.77198,0.137931,0.074074,0,0.522231,8,0,0
0xB70F66cB9Bda90d0b5363B9AB2D41655ed3674Fc,0,0.076883,0.671181,0.772829,0.606959,0.583333,0.92341,0,0.081873,70,1,0
0xEf6148E5E7e146B3367605F9925379D20EF88DC2,0,0.652896,0.043719,0,0.796205,0.122807,0.02496,0,0.577959,7,1,0
0x0076a4BEA26A545caDedC011aa3FB01daE03ADdA,0,0.6,0,0,0.876857,0.074074,0,0.001996,0.533524,4,0,2
0x41C73BBed0f86fF1789D9aE7241c6A30737b56BF,0,0.714566,0.416428,0.220081,0.799849,0.418604,0.892146,0,0.697281,36,3,0
0xe2d43a2C7720CEFc7aF0E646B7E25FEaF7c4bbeA,0,0.604882,0.003693,0,0.77332,0.074074,0.025531,0.10424,0.507393,4,1,1
0x86B7C898104B85d8E9be629d28d95eC3128cb2e2,0,0.723066,0.117633,0,0.477183,0.122807,0.064546,0.103365,0.579427,7,2,1
0x5aCA3647ce1E3dC1B8Bd80A26aE00592bDfE8908,0,0.658486,0.048866,0,0.749176,0.152542,0.423564,0.326684,0.578325,9,1,1
0x2115E324da67FBee40c6A35563175a8CE6dD0554,0,0.539376,0.309909,0.272767,0.722651,0.390243,0.318708,0,0.430015,32,3,0
0xbd8534C5314a7c3345758bA2a8AE8C3C977389Fb,0,0.6,0,0,0.769379,0.137931,0.010097,0,0.516057,8,0,0
0xFED7Ba81D407f01d36b7f1299105270E8B80C2CD,0,0.391567,0.207349,0.269797,0.809277,0.264705,0.357078,0,0.303026,18,4,0
0x44F1dbFB274B5E7316AB3579dD2b5B6f141af8Cd,0,0.601724,0.001297,0,0.758668,0.038461,0,0,0.505865,2,1,0
0x02682B45ab991e88F91e676bB49737810753De67,0,0.595263,0.002381,0.003962,0.775385,0.056603,0.007345,0,0.504465,3,1,0
0xCd1cEca54d181f0623caf44e4CBbcb3cbD864dEA,0,0.875242,0.398267,0,0.739852,0.612403,0.964836,0.262201,0.861945,79,2,1
0x681fe4E8A1C71A7e6444C2A136071E8b4cAC2d6F,0,0.604486,0.154089,0.105412,0.786161,0.698795,0.246534,0,0.5742,116,12,0
0xdAb8C929e52202b744EAB5294507D2e4f9Dd308C,0,0.378472,0.149367,0.2264,0.789188,0.773755,0.907847,0,0.381185,171,2,0
0x4544B9C56131aEcbe85B323F8bDe2b87D2c37Fa5,0,0.621964,0.017131,0,0.762222,0.056603,0.057315,0.118865,0.522704,3,1,1
0xb6A7D6fC838863AafC44eE9FfcA21031157C24d5,0,0.6,0,0,0.300133,0.090909,0.964911,0,0.489916,5,0,0
0xCC7AB172233c8449268350670f7560A754d6F7E4,0,0.970445,0.789931,0,0.809448,0.909255,0.9972,0,0.949218,501,7,0
0x5C2acAE2bfBf75B7a2f045DC7f4326bc4f0B048D,0,0.609971,0.013267,0.003741,0.871601,0.090909,0.827568,0,0.614278,5,2,0
0x92E0616a5bCA9dC832E0742dDed8C738DB7E5165,0,0.588148,0.006008,0.009974,0.828513,0.230769,0.012638,0,0.523683,15,1,0
0xc0961528982BeE4Bd22d6C9000068A738B135d0A,0,0.771471,0.183739,0,0.758936,0.456521,0.90298,0,0.780132,42,1,0
0x10E29e5EbD0A2894cf1dF32B1e5C2f4F15448bcD,0,0.585958,0.007137,0.011839,0.736325,0.090909,0.151967,0,0.500315,5,3,0
0xd5a658C8e7E1b08dF81dfb0ebFf40c2E38590F48,0,0.596972,0.003678,0.003977,0.86257,0.056603,0.010097,0,0.526078,3,2,0
0xC490BaDab6E2736580aEe871470CC7AC32a868F3,0,0.972362,0.801665,0,0.686348,0.723756,0.988498,0.570782,0.927062,131,4,2
0x23F8C7dB7A1B656652e9726ab264c5B181418B9f,0,0.948596,0.670452,0,0.859322,0.590163,0.977658,0.396251,0.922063,72,9,1
0x89Fb350EFCb57817487005decC2CA61EbbD275a7,0,0.6,0,0,0.867264,0.019607,0,0.000999,0.526724,1,0,1
0xB4fb31E7B1471A8e52dD1e962A281a732EaD59c1,0,0.895293,0.458304,0,0.884181,0.838709,0.99952,0,0.908866,260,4,0
0xaADA896e68aC4C9F3d0EED9b5b95299a12BD622d,0,0.832408,0.293799,0,0.691722,0.275362,0.690479,0,0.803172,19,2,0
0xbB55bf4f652579741c5E27f30b869842579e7713,0,0.704091,0.095457,0,0.838746,0.180327,0.048162,0,0.648403,11,4,0
0x37DBe112F1507194507786706e55b514761ECa63,0,0.6,0,0,0.862598,0.019607,0,0.000999,0.525677,1,0,1
0xd6bbDd5Ad9F576C7C5f9BF5a6352D4e758c4be5e,0,0.064806,0.712435,0.805035,0.719271,0.418604,0.960277,0,0.080944,36,2,0
0x2e57949003Af7ac9b357E3afD72b6ED1b4545DF7,0,0.6,0,0,0.502086,0.074074,0.031195,0,0.452326,4,0,0
0x8ec544922B85440dce8b2FEF7060FB807a7bdC95,0,0.6,0,0,0.869068,0.038461,0,0.001996,0.528674,2,0,2
0x6D6A2CDEa4711fa5EB5b580c7aeE053Dc54aa265,0,0.6,0,0,0.578414,0.444444,0.997564,0,0.58547,40,0,0
0xa3C391051515bADa72304844BDe38C83892E0098,0,0.72957,0.125674,0,0.566871,0.206349,0.116919,0,0.627458,13,2,0
0x279cc897Ea1CbBbE9c5535BE21dC0c07b89d3CA8,0,0.6,0,0,0.756822,0.038461,0.001796,0,0.503807,2,0,0
0x110cf43a8719A1b074903269F082A7c216B1A466,0,0.60221,0.001664,0,0.87159,0.038461,0.056959,0,0.536699,2,1,0
0x5E32882EfBd95aAa955AfFd4D552668158c1f342,0,0.528789,0.038831,0.063085,0.803761,0.090909,0.065245,0,0.439455,5,1,0
0x01Cf5da9Ff385ED8d0FC9BBF231D1b7b74b5F908,0,0.6,0,0,0.570565,0.074074,0.004182,0,0.465281,4,0,0
0xe6286F6D9e67B5a586E6161f5493E85A99da2f59,0,0.577814,0.014513,0.021004,0.842967,0.193548,0.07493,0,0.516468,12,2,0
0x24a30823bd87E785B0c4B3803a2bffD91eb6876F,0,0.617481,0.013524,0,0.85353,0.090909,0.504607,0,0.591489,5,1,0
0xB3742b11dE13B9dCB129c7d28684572aC1D8EDCc,0,0.6,0,0,0.870296,0.074074,0,0,0.532252,4,0,0
0x44Fbef86239Debd8e68a22a9BA58Cd7aB6BE6947,0,0.203187,0.369435,0.494046,0.731937,0.324324,0.888053,0,0.158294,24,2,0
0x89e8a941a92ee5B72D4B9d67B7E042aA44B90542,0,0.536004,0.034579,0.056333,0.703656,0.107142,0.063144,0,0.42717,6,1,0
0x236CE2f5241Ad7B05EaAfef1855b2cB7B23aa7C6,0,0.295863,0.388305,0.472865,0.794707,0.438202,0.792625,0.461843,0.195195,39,2,1
0xC38Cf4A6c79e6B7910394ccd42B57e2dA616E8fc,0,0.6,0,0,0.868941,0.019607,0,0.000999,0.5271,1,0,1
0xa1b574c372de03C38A7F52029d2d1AA11686ddF6,0,0.6,0,0,0.805674,0.253731,0.977412,0,0.616803,17,0,0
0x8527e2f0461BAb93d6229390671DD08f4A3D4Ce5,0,0.6,0,0,0.570505,0.21875,0.680184,0.878626,0.449333,14,0,1
0x07Ce47d661F71cd578ee8042Cc1CDac51D6e600B,0,0.595245,0.00239,0.003977,0.725038,0.122807,0.014195,0,0.499509,7,1,0
0x98169c57b0Fca6E42172A3A62E236aa790C26EFC,0,0.753544,0.157471,0,0.697541,0.166666,0.259368,0,0.688464,10,1,0
0x03Fc17B86D9b90f85E16dAF9754E92aF411345Fe,0,0.762,0.169574,0,0.860048,0.590163,0.867756,0,0.793009,72,7,0
0xf7C3f61618634659F8aADB76A3A5D87f929aaA91,0,0.824227,0.276777,0,0.772074,0.462365,0.948878,0,0.830072,43,1,0
0x0A3CBAbE7e15128477081C6DED88ac33C803F920,0,0.752992,0.156698,0,0.845494,0.404761,0.761723,0.676718,0.71337,34,3,2
0x2C698C475B66563dF9ec62742Ad84E75D6B24AA2,0,0.869075,0.381401,0,0.742975,0.39759,0.96871,0,0.861014,33,1,0
0x372416474119fA9f6932F75D9030140DB9a504D2,0,0.978861,0.843179,0,0.707446,0.545454,0.982992,0,0.942683,60,5,0
0x67Da5285aA57db320c154048D242CB73E69f11bb,0,0.928608,0.579986,0,0.77167,0.342105,0.767927,0,0.901014,26,3,0
0x0E4406c5E007afB5559951Fe432D7B3d8535c4a0,0,0.6979,0.088605,0,0.764612,0.206349,0.697061,0,0.67979,13,2,0
0x9A1500B41519868039B1f95C447Ba50B76D837e6,0,0.809179,0.247477,0,0.883729,0.679487,0.932373,0.223316,0.829384,106,9,1
0x6d6047152646a84CfFBf8CcD2a8bdccE48F89329,0,0.800554,0.231755,0,0.73179,0.253731,0.556816,0,0.769475,17,1,0
0xbcF9e01DA445A3FB8ad064D75febbED0322bE157,0,0.60798,0.00607,0,0.764725,0.230769,0.058734,0,0.53569,15,1,0
0xbE10649274e3A00eD904aec7ABc39bdc5AD46553,0,0.710813,0.103105,0,0.848189,0.242424,0.323593,0,0.683545,16,6,0
0x8545722f344af4B9D100ca782F426606C776cf5c,0,0.6,0,0,0.773438,0.038461,0,0,0.507388,2,0,0
0xa2af6Bf70FFff1977c27D599D6C6cAA7a05943a4,0,0.6,0,0,0.669902,0.074074,0.012052,0,0.488266,4,0,0
0xeA1a19804Db91e157C914F5ab34d2e82410347bD,0,0.672032,0.747393,0.612592,0.751707,0.635036,0.975062,0,0.542259,87,4,0
0x3085F25455B821EeDCFf10433fee6723d34c2426,0,0.745509,0.146415,0,0.884658,0.583333,0.971471,0,0.788572,70,3,0
0xCF67E96Da5E45892D371Dc22dA7b71003A34a815,0,0.911457,0.513447,0,0.810889,0.553571,0.892523,0,0.902037,62,9,0
0x50ffA24742c51959948dbDf5E13e0FA191B958A0,0,0.938965,0.624919,0,0.816156,0.557522,0.939075,0,0.922402,63,8,0
0x60D069Cc8621183AEf133A30ef3648fCBD9c388b,0,0.6,0,0,0.66985,0.038461,0.002593,0,0.484314,2,0,0
0xB7b2297Ccb4b921deB22F4e43d7EbddE7A0a4d45,0,0.6,0,0,0.876888,0.038461,0,0.001996,0.530427,2,0,2
0x6CcfBe168586F01397d8EC2545a3580aE2816049,0,0.899178,0.47096,0,0.691892,0.565217,0.806658,0,0.880005,65,2,0
0xe7577899Ca337Ce2a40613D947de4E507621cDE9,0,0.597806,0.001099,0.001831,0.862622,0.137931,0.012443,0,0.534603,8,1,0
0x4FDa2908A29DAE3bCD813C3aA1dBB0B89652496B,0,0.6,0,0,0.867277,0.019607,0,0.000999,0.526727,1,0,1
0x37BD1e8cDf72fb8D37e06A61d20ADA7A842233fa,0,0.649217,0.040392,0,0.764737,0.056603,0.046529,0,0.563249,3,1,0
0xb49D105fc04b12Ab72689DCbF1b964D91095ad4e,0,0.970299,0.789043,0,0.791616,0.640287,0.994421,0,0.943497,89,8,0
0x49b902ce185F96a109089d40cb30c59CDb435f32,0,0.634752,0.027752,0,0.67243,0.72067,0.035493,0.008814,0.582635,129,5,1
0xf2c3468A8837b19e91b540FbA69385B336372Aa2,0,0.813868,0.256343,0,0.795943,0.431818,0.468876,0,0.797252,38,7,0
0x21318B2DaD18b1FFcd1A8F9088F86588703ABAB8,0,0.581423,0.009494,0.015724,0.793014,0.264705,0.773581,0,0.576671,18,4,0
0x382169edD33909b40383fC0E0bC89C5c79084831,0,0.908285,0.502091,0,0.581076,0.152542,0.848466,0,0.862065,9,1,0
0xa46Cd0DBe26891FC9a9F7aBDFa51390C7785958b,0,0.6,0,0,0.853477,0.253731,0.012833,0.008919,0.544347,17,0,1
0xaFE2Ac2cA8325b45013645fE641a6f6fa528B3bf,0,0.096597,0.609892,0.722658,0.777795,0.275362,0.923799,0,0.094729,19,1,0
0x80146E95459650f38684cdF18ac3B00FF37fD8aA,0,0.979538,0.847669,0,0.508097,0.450549,0.986659,0.469083,0.917523,41,4,1
0x4a47B57650eB3f4BAf71df353334D08F34E2E53c,0,0.606272,0.004756,0,0.731942,0.038461,0.002792,0,0.504859,2,1,0
0x68D6Ad880b7A71aB5067D6AA0E879EE401Be27a4,0,0.603826,0.002889,0,0.874391,0.107142,0.037536,0,0.543288,6,1,0
0x2689005728e2D7246Bd9d20EaCC4AE752718B03E,0,0.802913,0.235982,0,0.691682,0.790794,0.599839,0.123055,0.79185,189,3,1
0x3E51Da639d4e4324f4C428A3aa880A97C88b6219,0,0.6,0,0,0.775384,0.107142,0.077831,0,0.520634,6,0,0
0x9384bD75b030Cc991A2B03e4839F765E4Aab7502,0,0.927339,0.574743,0,0.584125,0.206349,0.984653,0,0.886674,13,1,0
0xb9F5Ab95fcf3f4f588e1BC8E3Cb13f3089C1A9e7,0,0.929627,0.584234,0,0.698125,0.253731,0.785784,0,0.893448,17,2,0
0x7Fa6C2E57d9b21026E60a73CfC3fa2c8b84B0Dd0,0,0.79624,0.224163,0,0.74985,0.462365,0.983428,0,0.805381,43,1,0
0xc240Fb93E2D8b14F1224aEFf671047f14c8c1b2e,0,0.6,0,0,0.743839,0.681528,0.989663,0,0.639771,107,0,0
0x6d4f1A2D5F5fbAB57397400f0fA13A7C3830fc26,0,0.991665,0.933763,0,0.706858,0.736842,0.998813,0,0.953949,140,5,0
0xcDF8EBAB98028420cd8C30E1e4FC4113B919e2c9,0,0.593808,0.003118,0.005186,0.85498,0.725274,0,0.000999,0.577783,132,2,1
0x511f18dcBA933B58955Ffa03E3C927b416c2433d,0,0.743216,0.143336,0,0.811526,0.358974,0.926238,0,0.758564,28,1,0
0xF97f8d77D9E17619021Dd4358F27c89EEe3cCa2f,0,0.614082,0.010828,0,0.854151,0.342105,0.358069,0,0.596988,26,2,0
0x1C9Ec26915fbfD61C34227C9218F4791Da28d513,0,0.6,0,0,0.728226,0.137931,0.0099,0,0.506785,8,0,0
0xF31b7a7EF5Ce0BFe3ca9D67791bcdE2e7AbFD8c5,0,0.6,0,0,0.773247,0.038461,0.000599,0.002991,0.507098,2,0,1
0xf3e38aa006bD3e3968C4F223E104B483B022D473,0,0.6,0,0,0.503924,0.074074,0.833682,0.952523,0.428063,4,0,2
0xC1f531291EAbB15214E609549ee7165513C2b90F,0,0.967173,0.770409,0,0.828568,0.977022,0.991528,0.091113,0.947586,2126,27,2
0xDDF7c0A8C18b811Ffa5ac72Bd1CAb5647FB71c26,0,0.815727,0.259922,0,0.882895,0.375,0.989325,0,0.834843,30,7,0
0xAadF465695b80D5F8A1079b6646ba0bDbbaa4307,0,0.63735,0.304834,0.197666,0.798622,0.740932,0.951462,0,0.653162,143,5,0
0xB8b3BBe8Dbb05C20C5a696dD30d308308419dD9A,0,0.610517,0.008036,0,0.773349,0.038461,0.009704,0,0.519233,2,1,0
0xC47b639c566254f3fe1994C74c56510E4Da35BF8,0,0.485961,0.259537,0.263248,0.755847,0.479166,0.833925,0,0.437301,46,3,0
0xa6444dA7Ab46d31249120601681cBcE0E1AEbf13,0,0.750205,0.152825,0,0.861668,0.285714,0.958109,0,0.770328,20,1,0
0x0A03Dc69c66375622371f9aeAf95b63508CCF42e,0,0.621443,0.016709,0,0.788206,0.193548,0.25228,0.545308,0.514405,12,1,1
0xa71b4FDCb0d4E8CCC7a43d0D8d4E2a3C99ea6b28,0,0.620245,0.015741,0,0.73193,0.038461,0.021334,0,0.521215,2,1,0
0x60cb1fE5D01a3702674EB2B6277c5A4EEE18616C,0,0.830078,0.288867,0,0.826039,0.754901,0.989115,0,0.856389,154,1,0
0xbD03C1B8Bd4A54b8B7D38987502E4b05716a3FdF,0,0.923077,0.557525,0,0.812249,0.468085,0.787901,0,0.904586,44,6,0
0xDBA24892630146758aF3a9B736eF351DbEAA39dc,0,0.6,0,0,0.774757,0.074074,0.02856,0,0.513297,4,0,0
0xAe52e1aab482d3fB61a8737332351A1C11574d1f,0,0.25809,0.32476,0.433641,0.87436,0.315068,0.537892,0,0.198781,23,8,0
0xeBB17ebf1bAF6f611d0bf6D811E8ed49dc45a3c0,0,0.6,0,0,0.869394,0.264705,0.091569,0,0.556544,18,0,0
0x7481d3b05D7b87DC570cbE853A1aFD370E315F23,0,0.821013,0.277084,0.003817,0.789949,0.635036,0.50734,0.361409,0.793105,87,7,1
0xE303EA03c40723Da041cE32be27Bd7B1dba08332,0,0.6,0,0,0.442845,0.166666,0.054999,0.180999,0.431373,10,0,1
0x6b83A74F4cde953bA1058425FF224aB075ba607f,0,0.6,0,0,0.653978,0.038461,0.001198,0,0.480625,2,0,0
0x181E26780FAe8ed7d0CC1b7B1d4cEfF4F7f0C3DD,0,0.904703,0.489595,0,0.815817,0.612403,0.926588,0.047934,0.898915,79,4,1
0x7D17f3b02cE26e69F12d8dD0404728c5182C3C25,0,0.6,0,0,0.603635,0.107142,0.012248,0,0.476283,6,0,0
0x23E5b26142464de8D2Debe40fF5a812a5eF1C034,0,0.937553,0.618559,0,0.602989,0.650349,0.899783,0,0.908007,93,5,0
0xBe29568b816A1904DF1A2Ad4A1A900eAFDEb8D01,0,0.787289,0.208952,0,0.805218,0.462365,0.825668,0,0.796809,43,4,0
0xd0dB7f650EbF84CaE67E827dCFFd839082A70F02,0,0.6,0,0,0.879844,0.137931,0.348788,0,0.570087,8,0,0
0x32c11C9D7e59F985F8019f8549dC59Dc85bA17C0,0,0.721064,0.125169,0.005948,0.824321,0.180327,0.234537,0,0.677378,11,2,0
0xBf45101f96E46214CFf11DF3BE101fd1c35A66c2,0,0.6,0,0,0.778705,0.193548,0.106185,0,0.531393,12,0,0
0x2e509695aB22360f0Ba219539dbf1876092BaE4E,0,0.512274,0.048864,0.07887,0.865156,0.39759,0.97172,0,0.53883,33,1,0
0xc5F9E336ccD83800118AD6CBD0da5bE1C1485f64,0,0.791622,0.216226,0,0.784274,0.166666,0.978634,0,0.789345,10,1,0
0xEFc138eD33538C90290e2E37d947ACc7bcE7ACB8,0,0.968916,0.78073,0,0.683108,0.804687,0.995144,0,0.940487,206,4,0
0x0edF7293F40F529F49eFeAd3fc46567018e75541,0,0.6,0,0,0.867263,0.038461,0,0,0.528468,2,0,0
0x97399e26a145baC8eeB0F334B026457306cD1CfA,0,0.6,0,0,0.5612,0.107142,0.474127,0,0.50713,6,0,0
0x82D58075a7b82e2C780101a7f125f70B970b388A,0,0.6,0,0,0.736421,0.038461,0.115826,0,0.509193,2,0,0
0xd674bd5B3cE79904b5Ff97d33CE9ADf25c3D6152,0,0.651352,0.418539,0.281912,0.798037,0.766355,0.874608,0.111297,0.632627,164,5,1
0x01CE5510211C4554a51510B65e470f4635E12631,0,0.595245,0.00239,0.003977,0.862614,0.090909,0.002593,0,0.526632,5,1,0
0x3dEdE30e3733456c7b243568cE0bA3045247d893,0,0.683362,0.0732,0,0.360526,0.137931,0.01088,0,0.514614,8,2,0
0xD706ebd5Cfa7aA49412fC97D4aca13bC4bA1F29f,0,0.485278,0.066224,0.105707,0.783482,0.295774,0.17287,0,0.40934,21,4,0
0xdAa6dA5b947f48A87CEd7f1A61bDA51761Db4Ed4,0,0.791793,0.216517,0,0.783453,0.603174,0.856918,0,0.807111,76,7,0
0x6fF46bb975F90ce2010599D77b8E22aB7f9563c1,0,0.601325,0.000996,0,0.868915,0.038461,0.011662,0,0.531234,2,1,0
0x964F286E6fA1F696d5EAd4a29c10622fA8D8d3b9,0,0.6,0,0,0.670139,0.074074,0.020951,0,0.489098,4,0,0
0xB5786ba7fc04a8b4C79dcfed8F7925EB4276E924,0,0.6,0,0,0.869362,0.074074,0.000199,0,0.53206,4,0,0
0x4C2073675883e3644b5B7Ebc7c920128700Fe9C4,0,0.817952,0.264256,0,0.839868,0.921383,0.912331,0.624678,0.818882,586,4,1
0x4710d06d10AdCbebB3C2829B1aAb2b8F03F54196,0,0.73746,0.61655,0.388317,0.736874,0.831649,0.94195,0.005594,0.697088,247,6,1
0x315BCcb1b330e281A39773DbcF5c301acdD6E7F7,0,0.6,0,0,0.823965,0.152542,0.992908,0,0.613601,9,0,0
0x2aFf6d6F535A719Ce2Ec4AD6fc6e811314E089B9,0,0.6,0,0,0.80384,0.056603,0.010292,0,0.51671,3,0,0
0x576c026F28E3900072898B5f571a557F558aCd31,0,0.6,0,0,0.566946,0.242424,0.545908,0.85761,0.441057,16,0,1
0x5dF4a429BdEbbeF95FaC91bAb5E3C3Ee2c57A14e,0,0.919697,0.544282,0,0.815076,0.462365,0.916977,0,0.906101,43,4,0
0xEabaBf45Bd7440553a8c8c440BA10e4c9213e271,0,0.610331,0.007891,0,0.870935,0.152542,0.020184,0,0.551717,9,2,0
0xE65162c3746f24795A4a99865aA68cf095770C1c,0,0.6,0,0,0.596073,0.074074,0.008919,0,0.47141,4,0,0
0x6b0561716461aaD5Cf5b8191a2ea9A596775C85f,0,0.945809,0.656877,0,0.792605,0.206349,0.905329,0.48484,0.899259,13,2,1
0x178a5b787843a14435F84FC412E3BBc21E219C47,0,0.606272,0.004756,0,0.731941,0.038461,0.001796,0,0.504772,2,1,0
0xb12e28EAD5059FdFdB2c0A665d60A732908E26D0,0,0.024365,0.876354,0.921952,0.819529,0.810606,0.99042,0,0.082269,214,7,0
0x14bBD3b28CAa94B8A578389E6D6cD7d95e46C980,0,0.914582,0.524908,0,0.781735,0.473684,0.961995,0,0.901596,45,5,0
0xf1a5c1524C9268EfEE06adE1e6087ACBFA36dD4c,0,0.6,0,0,0.620792,0.166666,0.469327,0.806389,0.444914,10,0,2
0xDb255A21e038FD839bd520329A400Ded7Db214E8,0,0.334885,0.191916,0.283578,0.697289,0.206349,0.705813,0,0.255525,13,1,0
0x3A212e0eBF5Efc99106B4E467fa4a402aB55b37a,0,0.750448,0.153161,0,0.733615,0.342105,0.21875,0,0.702052,26,4,0
0xdDA466B9C812e2848cB8834f6DD1fbe28516137a,0,0.6,0,0,0.66998,0.038461,0.003785,0,0.484448,2,0,0
0xA8E746fD96AcF045e24A92b79a60d96DfE5B370E,0,0.6,0,0,0.862626,0.019607,0.000199,0.000999,0.525701,1,0,1
0x9249C9e9B0DdebdfBB4A186881e501c8A408aF65,0,0.667299,0.057212,0,0.681571,0.305555,0.343659,0,0.610726,22,1,0
0x0244d7d64e1FDF9303cD440F8b8930be209D9655,0,0.861158,0.360734,0,0.572245,0.545454,0.531615,0.275086,0.803232,60,3,2
0xB82E0d688a8B2c9C2219b9cA5C7776a16f3f65B2,0,0.966437,0.766102,0,0.884887,0.936788,0.993978,0.550579,0.939372,741,8,2
0x90E19f1F7166ae346cDE114f6064458418914868,0,0.6,0,0,0.870735,0.107142,0.528479,0,0.580816,6,0,0
0x402487a1d78C81969e61740F2De24FA3Ea1fd6aC,0,0.846366,0.324816,0,0.53875,0.152542,0.431365,0,0.77204,9,1,0
0x3a8a79C8378309Ff89b8B301544cF2C7599c4812,0,0.6,0,0,0.619076,0.193548,0.011662,0,0.487251,12,0,0
0x593FD9a6632283De6980ccA65EF89ed085E2a5Cc,0,0.931339,0.591459,0,0.817949,0.275362,0.886208,0,0.908203,19,3,0
0xb20aab4cd244CF2645Df2cdfBcD98bA7E2395927,0,0.6,0,0,0.703421,0.315068,0.730501,0.878123,0.491946,23,0,1
0x93cd7c281e94811c37Acef9D368e53bD10d10F57,0,0.6,0,0,0.803986,0.107142,0.180059,0,0.535964,6,0,0
0xbc4A378e91BCb6248D9B0f2c62e27DAcc4DDeFc2,0,0.6,0,0,0.873114,0.264705,0,0.001996,0.549252,18,0,2
0x118A130f8608208D6677a8FCa3de3145AAB234ee,0,0.944336,0.649834,0,0.84155,0.90196,0.955003,0,0.935474,460,14,0
0x55D8DB9243d09E5eFEC6683B5e45B96Eacf0D029,0,0.545737,0.085968,0.089535,0.742992,0.295774,0.238617,0,0.470299,21,2,0
0x6C6A40e3471C893B0c1a2512d8ea20994F550653,0,0.6,0,0,0.775312,0.107142,0.016328,0,0.515243,6,0,0
0x8021Be1828E89A8e1A285024d91eF020Ad153B61,0,0.698933,0.089736,0,0.525755,0.596774,0.121728,0.19399,0.598759,74,1,1
0xDaADCb1774adfd26fb462faCEB3CA7F6b1064480,0,0.746552,0.147826,0,0.557251,0.038461,0.180193,0,0.636265,2,1,0
0x101326703E9b379561831D0F4467348985c18E3e,0,0.874081,0.395039,0,0.722974,0.489795,0.941757,0,0.865568,48,2,0
0x1900e40d1942DF3AFa3e34D3366CB17818a912C4,0,0.712908,0.108332,0.001676,0.852077,0.285714,0.919506,0,0.732329,20,3,0
0xC152Cd87af2b3774e93ed2ad2523c90C576db5fA,0,0.6,0,0,0.805354,0.038461,0.616623,0,0.568098,2,0,0
0x257C36b8cfc3FfE9c11061D6e9b6Efa492bFf924,0,0.6,0,0,0.869332,0.056603,0,0.001996,0.530315,3,0,2
0x6b42A9e3e60F022a309ED96faf93B0593EE9511b,0,0.691025,0.081204,0,0.708062,0.583333,0.316846,0,0.661316,70,2,0
0xB380a9fF78D405773C4F5237F0DF24E0ca4b02da,0,0.393324,0.283594,0.334929,0.776031,0.473684,0.383249,0,0.300451,45,4,0
0xfcc7ff1329cd20d23182e352903270f26Cc3A75d,0,0.870737,0.385878,0,0.703932,0.275362,0.912138,0,0.850326,19,2,0
0x260B00aa3c84E46d0823CCa4095afbb8c3525075,0,0.607773,0.00591,0,0.487547,0.107142,0,0,0.457317,6,1,0
0x12189706ef51cFa987b7b18D0427cCd4EF29bd7D,0,0.787217,0.208832,0,0.72894,0.333333,0.810835,0.439002,0.744878,25,1,2
0x1e6390ed0C3c05D76eD765aF51b4F468f21a47b8,0,0.8615,0.361605,0,0.756723,0.193548,0.761074,0,0.837814,12,3,0
0xd5BA1dea6ef446D2D590517EBA5809B27e6863E9,0,0.821974,0.272229,0,0.767927,0.489795,0.715569,0.498861,0.785444,48,4,2
0x33E3D734f0D32bea3f5bAcf838dFca1f3fb5d854,0,0.6,0,0,0.155157,0.038461,0.127094,0.421631,0.34275,2,0,1
0x95806f7626a82b533c05ffDd038d69BD78ae4351,0,0.615823,0.012205,0,0.756847,0.056603,0.022482,0,0.523817,3,1,0
0x5883580959a4dA524fC4BCaB6D0516C5B37FD0ee,0,0.629907,0.023669,0,0.764789,0.193548,0.077831,0,0.557189,12,2,0
0x00058C2BAe1D7054Dc58d10fF7ffAFEAfeCC0488,0,0.50215,0.055229,0.08878,0.841431,0.89754,0.78678,0,0.548509,438,1,0
0x56e9967Ac92cD33651c409084481a5145066503a,0,0.6,0,0,0.570903,0.074074,0.03157,0,0.467742,4,0,0
0x237b049Ec0749D02e7Ef51745DA2F43f9e24586c,0,0.6,0,0,0.30023,0.074074,0.151247,0.472016,0.372915,4,0,1
0xF11A63C5E2D6c08b7ECdA31f9FCd977AA6fe1254,0,0.953442,0.694886,0,0.807262,0.707602,0.986746,0,0.93547,121,4,0
0x89a84880A12345126C1BB6bB3f15878d8Fa9340E,0,0.406045,0.125339,0.192789,0.487898,0.090909,0.07715,0,0.24213,5,2,0
0xafeef6D6332dE6BA31c6Be1426004D58cc1Ecc99,0,0.966827,0.768381,0,0.624067,0.68944,0.987431,0.518475,0.919377,111,6,2
0x7E878C18B4a74EdE5795dFEb9106805506cd133e,0,0.702556,0.093741,0,0.423236,0.230769,0.115826,0.335234,0.534487,15,2,1
0x059bD1998972CA79636ACB4165Bcb405f0c34125,0,0.28938,0.24358,0.349253,0.75405,0.21875,0.251944,0,0.194349,14,5,0
0xD9a0c9E98b3cCd3e5d64E88a7DFBe4fe16708024,0,0.6,0,0,0.778342,0.137931,0.008723,0,0.51795,8,0,0
0xf07C1F3537b92E2e54eb3145195696e8e5f3cFaA,0,0.650343,0.041405,0,0.820201,0.545454,0.984237,0,0.691788,60,1,0
0x87b49f9C1D5f5e18cB9Db829f1b2EA26B5e24F03,0,0.6,0,0,0.376809,0.180327,0.532579,0.779492,0.400556,11,0,1
0xaF401bC79CbCe6eDA9A581b7F9a499d659967628,0,0.6,0,0,0.620083,0.528301,0.632865,0.896319,0.481498,56,0,2
0x495737B01691e035d26bbB4eAE46541186D9C8D5,0,0.6,0,0,0.773288,0.074074,0.0261,0,0.512752,4,0,0
0x4979c458E133CeFA427E4E82FDA59eAe816c9Dea,0,0.857354,0.351174,0,0.481676,0.5,0.787007,0.401985,0.789717,50,2,1
0xbE451963DC5B69E877DDF0a62CC310698fEab31F,0,0.558239,0.023921,0.037466,0.819668,0.305555,0.202424,0,0.508884,22,2,0
0x4Dd1C18DEF38c9A263D734fA3fDCC3B79ad2b115,0,0.6,0,0,0.531627,0.39759,0.193027,0.36988,0.464368,33,0,1
0x225B5406F1Dc4c1B21fb15084e5bc26dc164E039,0,0.833221,0.295535,0,0.762061,0.333333,0.830335,0,0.823993,25,4,0
0x3383ed9B01627a398d43B1b05974e02ae29c930A,0,0.604512,0.003411,0,0.865385,0.090909,0.194198,0,0.554162,5,1,0
0x0796222C774CFa7d59774a255369827f2303D41A,0,0.6,0,0,0.610132,0.342105,0.694077,0.890242,0.468962,26,0,2
0x8908A40EcCB5dED600ABC2429110254D83644B05,0,0.6,0,0,0.768174,0.193548,0.046347,0,0.523811,12,0,0
0x568e10eaA9Abc94391419D32a9f031eaa90750A9,0,0.805587,0.240839,0,0.73615,0.315068,0.80135,0,0.793188,23,1,0
0xAfccdD538F5009aE34cA8dCb1FB461B8E4bF679b,0,0.6,0,0,0.867253,0.019607,0,0.000999,0.526722,1,0,1
0x599E8FAc873699050a2eAE058e53Dc282571A1F8,0,0.928329,0.578826,0,0.775236,0.305555,0.854824,0.09152,0.89938,22,4,1
0x450752e8C50A35354cEde46Ff9101898Dd1AefD2,0,0.067918,0.701514,0.796627,0.735153,0.479166,0.94157,0.941166,0.059552,46,1,1
0x02e1E78Ad82De9c521B36FF592Fc28ad77616C40,0,0.6,0,0,0.30066,0.019607,0,0.000999,0.400606,1,0,1
0x1780c23d2E9c7fc8359D6Cb9A4CeC70f853b082B,0,0.836502,0.302629,0,0.754741,0.253731,0.883661,0,0.824563,17,2,0
0x1e367DDce8C385Ae723F06A1b38d90aCdBDf78C5,0,0.910161,0.508774,0,0.787193,0.705882,0.939104,0,0.90535,120,10,0
0x46c3c4D390A50e089580499375f02243290F8BB3,0,0.827852,0.284218,0,0.567713,0.53271,0.239774,0.319284,0.745016,57,8,1
0x2e801436f23ac0e281559E3cBE362fA240B5201D,0,0.521048,0.065563,0.087161,0.751206,0.206349,0.153116,0,0.432384,13,2,0
0x04B9e61cB9DBbEAa85693829De0850a9c801747f,0,0.896655,0.462702,0,0.7933,0.166666,0.896894,0.466542,0.854508,10,1,1
0x59CEf0386122887da04190466CD17336349768Cf,0,0.6,0,0,0.861974,0.038461,0.00438,0,0.527664,2,0,0
0xC6994979c9B7F5af2817f872dB615E0dc2e5787f,0,0.673438,0.093749,0.019207,0.85461,0.606299,0.800757,0,0.708592,77,8,0
0x2DAc60096Fe70d25A0A4ff55DbD8AaFF4dC0d5c9,0,0.930234,0.586784,0,0.801641,0.81884,0.977438,0.00091,0.923394,226,2,1
0x4e42AcaeC7379dB6c9325B5B11f4Bcd7f373652A,0,0.6,0,0,0.760941,0.50495,0.998024,0,0.62969,51,0,0
0x1aEb0a0d751BA435bAb86e580930dA172f44E23f,0,0.6,0,0,0.094572,0.122807,0.223119,0.419953,0.344842,7,0,1
0xfaB904973903907e399671468eD06B81AA70aF1d,0,0.981436,0.860421,0,0.570176,0.959183,0.999559,0.326954,0.938605,1175,4,1
0x74453C98f5cB5A4c1F1617baA7E98825DcAF3D13,0,0.6,0,0,0.652278,0.479166,0.783923,0.944949,0.492789,46,0,3
0xc986D81A647CDfb143dbC3A11c3065596C3382F9,0,0.6,0,0,0.809133,0.264705,0.684502,0,0.593979,18,0,0
0x42C4C9170cb44F0A77857D0a0F8DFba8E63f2F25,0,0.6,0,0,0.876859,0.038461,0,0.000999,0.53052,2,0,1
0xecCaCB54ffF224316f0ba589760624186FcbeA27,0,0.6,0,0,0.887124,0.107142,0.142661,0,0.551279,6,0,0
0x768f544AAfdd8a670769b74c378b47F979469f1A,0,0.61439,0.011071,0,0.731877,0.038461,0.012443,0,0.514232,2,1,0
0xFf7B4CdEc338aE7BeC51514fC5427B3327131f5A,0,0.6,0,0,0.850621,0.700598,0.997798,0,0.663737,117,0,0
0xcb002fC8Cb3a5638F19156B16F98e9eC9232c1ae,0,0.884298,0.424346,0,0.786763,0.735449,0.998571,0,0.890552,139,1,0
0xA98903EEf1cF3aD96Ac96241186C25402F61914A,0,0.635939,0.028764,0,0.48763,0.107142,0.00438,0,0.487578,6,1,0
0xaF2aceFF405ca3Ccca620De2e0A34F699Bb4dc5d,0,0.746118,0.147239,0,0.765288,0.456521,0.666866,0.800961,0.677115,42,5,1
0x1E9836DaC8B501AB7C8da8A3b00A958D8f70fF80,0,0.6,0,0,0.870947,0.090909,0,0.002991,0.533567,5,0,3
0x7eC6331188468269DC7C1Cf6a84C972632178B1E,0,0.449123,0.761602,0.750533,0.697744,0.642857,0.932245,0,0.279921,90,5,0
0xC4e9aAA8Adc7Bd5Ada1337B695Fe47c738285840,0,0.6,0,0,0.764807,0.137931,0.012833,0,0.515268,8,0,0
0x3e2c7Cc2cdD7023eaF2ae445fA403cB852c77bE9,0,0.6,0,0,0.373311,0.295774,0.565406,0.596122,0.430195,21,0,1
0xeEc6879114414087d8a0E84A362A54F5DD864966,0,0.6,0,0,0.862096,0.056603,0.159381,0,0.542764,3,0,0
0x20AC47C6087929f554e3D2C08d4B7637D55D322e,0,0.957166,0.714413,0,0.730195,0.64539,0.975041,0.327034,0.923096,91,2,1
0x57e6EF238Ad9A143874043d5c06BEfb7618D4653,0,0.738647,0.137298,0,0.731782,0.264705,0.389126,0,0.69627,18,3,0
0x07Deef8Ad7d095b45de4a2B39CA7D9f8AA7d4022,0,0.6,0,0,0.870945,0.074074,0.021143,0,0.53424,4,0,0
0x5F7c607A551BC95b9CC10Fe48A37eD045cACC9b1,0,0.750978,0.153894,0,0.785037,0.122807,0.883969,0,0.74309,7,1,0
0x3860Cd18CC84e4332448FF3E257580CB87A33964,0,0.6,0,0,0.693189,0.038461,0.055534,0,0.494193,2,0,0
0x2cf00755b3e76A8452ee44B220B02eB67C8eC86F,0,0.607715,0.005865,0,0.491547,0.107142,0,0,0.45815,6,1,0
0x3Cf5CCc5915eC902f63568Cf69498640c6468922,0,0.61439,0.011071,0,0.731963,0.038461,0.011857,0,0.5142,2,1,0
0x3632a7eac1DB2e7a0F8e8aa922fF81208C0688E7,0,0.700781,0.091771,0,0.762115,0.152542,0.380344,0,0.653444,9,2,0
0x6D64C3dFbe92780950C54d90961e13f58341c6F1,0,0.6,0,0,0.722241,0.753694,0.99868,0,0.641836,153,0,0
0x27eb78536Dd71f54B2Bf6F1e5EB8C426974AF211,0,0.6,0,0,0.557213,0.038461,0.003189,0,0.45911,2,0,0
0x0ca8786842fBABb8CF55Fe9Fb4BAE05DADBd0Bac,0,0.643547,0.035355,0,0.822047,0.456521,0.90751,0.796152,0.599673,42,1,1
0x9E19e96f135035CBcc775f3311AD114c15A15d3c,0,0.6,0,0,0.870951,0.074074,0,0,0.532399,4,0,0
0x2308e6eF5debb4dB9b56Ce58eC85a6c88b3f35Aa,0,0.611828,0.009058,0,0.852093,0.056603,0.286733,0,0.563818,3,1,0
0x93a8CcdBE59081bf40a4862f7acB0cD386a29249,0,0.6,0,0,0.805304,0.038461,0.194457,0,0.531531,2,0,0
0xb19B330ebC6125B6853a9F746E55565E96E94d51,0,0.6,0,0,0.604158,0.612403,0.046165,0,0.523542,79,0,0
0x5ff4016299477976603093F5419ec43352ACB12E,0,0.600397,0.000298,0,0.871616,0.038461,0.000799,0,0.529927,2,1,0
0xD0872a138c82dC7e5A33920143663773764a7fa8,0,0.596642,0.551693,0.453246,0.711118,0.375,0.787378,0,0.473738,30,3,0
0xb0B6eE05065935Af45147390830C722F6737e3c5,0,0.860014,0.357834,0,0.558881,0.390243,0.782627,0,0.822112,32,1,0
0x08C7F49c6857561527d026f2A65b10b946F687a5,0,0.600143,0.000107,0,0.869351,0.074074,0,0,0.532189,4,1,0
0x04B30A8173775E0a7C7169638327Fdce573Aa2a0,0,0.6,0,0,0.650745,0.39759,0.303427,0,0.537684,33,0,0
0x91A6c53fAA15aB1546D83C63e4552F34E4Dd98D2,0,0.988369,0.909235,0,0.85074,0.971461,0.997472,0.000013,0.960818,1702,23,2
0xdb35185b227C532c0e7E4429baf9271390934718,0,0.6,0,0,0.66937,0.137931,0.06838,0,0.498661,8,0,0
0xC7d42cdC4D5E5Dee96a6587415579b77B64Cfe8c,0,0.86592,0.373037,0,0.789598,0.444444,0.819884,0,0.859246,40,6,0
0x3A42aBBAE9B0A0c260398B11BD3577c853d0259D,0,0.616361,0.012633,0,0.731876,0.038461,0.015554,0,0.516586,2,1,0
0xAD46b2C04b6989Ba084087aBEd52582B8168a9cC,0,0.6,0,0,0.674993,0.709302,0.630805,0.785453,0.520576,122,0,1
0x6f24d1845574d1Ed2DD808be94DCDC513AE34581,0,0.84344,0.318096,0,0.570925,0.056603,0.411695,0,0.766789,3,1,0
0xfB713E80e5222F62dcf978C0859e64DcEd3bb284,0,0.650503,0.047807,0.003977,0.867417,0.666666,0.627199,0,0.682859,100,2,0
0xe780d954D6313270487CDB07A1f5B335D9971933,0,0.674004,0.451693,0.291076,0.808022,0.810606,0.965155,0,0.67611,214,7,0
0xd9827Bd6E9CDF0AD2B13Bdce07d8E3138D167bDc,0,0.6,0,0,0.773579,0.166666,0.056603,0,0.523573,10,0,0
0x0Ed26A54D83d0df3EBbBBF6aaC003c9aF6874870,0,0.739843,0.227948,0.054907,0.858977,0.473684,0.559587,0,0.741886,45,7,0
0x61fD522446dEe1d90dfD6E11e87471c5144e2761,0,0.606296,0.004775,0,0.731929,0.038461,0.002195,0,0.504829,2,1,0
0xdAe42Be978d457A88C6D5732bBf487748403C86e,0,0.815226,0.258954,0,0.502285,0.295774,0.408843,0.376662,0.709585,21,2,1
0x080840f651f3ebB80a0d08dF9ceEb15fd3eab71b,0,0.536517,0.601529,0.545011,0.794539,0.868073,0.997385,0,0.462524,329,6,0
0x4A2e0eF7279Cd1d3551d5Dd3867Dc96e18281c72,0,0.334434,0.298548,0.376911,0.741636,0.350649,0.337133,0,0.229088,27,3,0
0x1E7FfcF98402B2fA4Cd255119404eD3499E63aF4,0,0.616783,0.012968,0,0.857178,0.438202,0.807699,0,0.645218,39,1,0
0x44A60B20A1270bEF6400596bc0b0Cee7ca6F0107,0,0.585958,0.007137,0.011839,0.778858,0.180327,0.261229,0,0.527242,11,3,0
0x81263f67a6354e58C54f485963ebcb6058422940,0,0.532912,0.036391,0.059216,0.784193,0.074074,0.122653,0,0.443566,4,1,0
0x833C099137462773D93460EB56b75287bbd67fE8,0,0.470214,0.076472,0.121271,0.302368,0.038461,0.022291,0,0.265454,2,1,0
0xd653C678Baa65765fe4FB0C3616450f290189824,0,0.853482,0.341678,0,0.821296,0.242424,0.866801,0,0.845889,16,3,0
0x1FD6Fd541b753Bbcd702b21D57815e1ce88D8060,0,0.553618,0.231511,0.198277,0.82143,0.275362,0.561403,0,0.497295,19,3,0
0x184fb655C22F2788dc508a642a7846a9b4c41B20,0,0.932954,0.598366,0,0.821557,0.836065,0.985098,0,0.926908,255,2,0
0x92Af550796F5476353a6f0C44c8E31872d4aA8AA,0,0.760684,0.167659,0,0.708775,0.514563,0.587288,0,0.745677,53,2,0
0x06aab2fb3c6b495Cf2Fa524f65C00314ea548a6C,0,0.6,0,0,0.775174,0.107142,0.027804,0,0.516215,6,0,0
0x4882776ddce58C8d3A52426B1C644c03C73f61E1,0,0.6,0,0,0.803787,0.038461,0.191069,0,0.530896,2,0,0
0x6F3a8f9fD0da6b3ea4860AD7df347A06F1C65bdB,0,0.785165,0.205447,0,0.864779,0.647887,0.927069,0.414416,0.793045,92,8,1
0xEc638fd5Bf4355fa53a23eF87B12dD9Ae9d95C9c,0,0.841656,0.314056,0,0.680426,0.869791,0.414176,0.288823,0.809662,334,4,2
0x88b229b3365B0EBE930ab6F278b30a882DD396b0,0,0.956673,0.711788,0,0.746004,0.557522,0.971163,0,0.930417,63,2,0
0x273dcFd06fcD3D2D5C66Cf44Ae69CA8782e4F6f2,0,0.848814,0.330534,0,0.749354,0.180327,0.856671,0,0.829666,11,2,0
0x7dF8b08E45b8574A7801Bc3f6EA0C7BE0065F6d2,0,0.814392,0.257347,0,0.784265,0.553571,0.772737,0.568429,0.783007,62,1,1
0xda86eAB0EF29fF34c7A19348cD86e4315Dd56D8C,0,0.6,0,0,0.77517,0.137931,0.085756,0,0.523967,8,0,0
0x865eDD852CdaA128D851fF6BC36369eBDdB5d003,0,0.651172,0.042154,0,0.773332,0.166666,0.290075,0.536721,0.544809,10,2,1
0xdEcfCe6476A66BF8Cb1a9f3005ce5496363A99de,0,0.175336,0.492355,0.60713,0.827372,0.579831,0.922895,0,0.153578,69,3,0
0xaA9fdcF4E685189375b1c4802e0548EdE100BB8C,0,0.874465,0.396102,0,0.863435,0.659863,0.981627,0.399546,0.870458,97,5,1
0xf2D318F61b5e707d31AD2a3d8C3b2d7CBc3e6fE0,0,0.614676,0.011297,0,0.80558,0.264705,0.648901,0,0.605021,18,1,0
0xBD1706bFCd7dBCE696c9BcD5e2e0425480dA4EC2,0,0.600352,0.000264,0,0.868938,0.180327,0.396645,0,0.575775,11,1,0
0x192F38A584E51011477e766614d456D2a8A341D7,0,0.6,0,0,0.77527,0.107142,0.008723,0,0.514569,6,0,0
0x30d1dEF6c74F2ae3f020FA0dC2f17F1F31ec36B8,0,0.68703,0.130231,0.03343,0.824417,0.723756,0.691167,0,0.714649,131,3,0
0xA151bcB0a91B6cF6221097C0A05972E0d28D0757,0,0.6,0,0,0.867255,0.038461,0.003785,0,0.528796,2,0,0
0xEBd8F9a2c2a0D31Bd2088cae4B794cb43Da7B7D6,0,0.602751,0.002073,0,0.734513,0.489795,0.889892,0.923663,0.526471,48,1,1
0x5893454172E1Fc9a37E163C31F3CA3d9E6bD46F9,0,0.6,0,0,0.742882,0.107142,0.015748,0,0.5079,6,0,0
0xb1Aa8Bd9EDB1144446f0bE26d30550e8c09e3cb0,0,0.6,0,0,0.522158,0.206349,0.251272,0.628252,0.425267,13,0,1
0x548Fca76DE4C114e5c832ACe1B5f6cC3f299dDdf,0,0.636027,0.680076,0.559763,0.865492,0.652777,0.915792,0.056181,0.542266,94,11,1
0x745ec6bFA1aD806844918E62B8b24191ffc1b235,0,0.930654,0.588557,0,0.518832,0.230769,0.936922,0,0.882762,15,2,0
0x0515a84F93E5715b85033636681B22E98E87fFEF,0,0.600749,0.000562,0,0.870899,0.056603,0.001398,0,0.531766,3,1,0
0xF2141B75fd77d62D8c20ed19e5558805f4Ea3265,0,0.6,0,0,0.773221,0.019607,0,0.000999,0.505589,1,0,1
0x46Ff0EDFdfEE147a2290B147b11149D7ce9C8AeD,0,0.6,0,0,0.862536,0.019607,0,0.000999,0.525663,1,0,1
0x129E79562Eb05D5b50762B50DCe7E5e3e8ab1B84,0,0.814364,0.257293,0,0.686773,0.333333,0.357326,0.386387,0.739952,25,2,1
0xE620c7b2680F8Dcbe6d2cdf73479e6e005112fab,0,0.6,0,0,0.868934,0.019607,0,0.000999,0.527099,1,0,1
0x527a5454500f37A5cE812f4f07474567fE6E1106,0,0.825142,0.278641,0,0.799585,0.705882,0.990841,0,0.847635,120,1,0
0x19EaaAf581238bEEd2826B41F57f2D0609B1A0D1,0,0.8833,0.421391,0,0.82954,0.411764,0.831638,0.160857,0.86896,35,5,1
0x61E5dEA79e62873a7f17ffD8F560F2730E08bf0D,0,0.6,0,0,0.773358,0.019607,0.000199,0.000999,0.505638,1,0,1
0x5F1F991A94dB594d78eF9C9a65aB548abc5f6034,0,0.6,0,0,0.865399,0.038461,0.005766,0,0.528553,2,0,0
0x1Dc53bfE56D041F92F5a7000EFDdF817F581cA62,0,0.40452,0.368243,0.403425,0.49998,0.137931,0.404549,0,0.225155,8,2,0
0x3dADCdc83981dE4aFd801f944c3f0d83eDe9Ebef,0,0.595245,0.00239,0.003977,0.775287,0.152542,0.044525,0,0.516064,9,1,0
0x565a65432Ca44A999eB7217815D58594a559CCB2,0,0.6,0,0,0.706264,0.324324,0.996455,0,0.602983,24,0,0
0x0B70975C93ec7b855dC614F6D979Ba868B17591f,0,0.925709,0.568087,0,0.730161,0.640287,0.970313,0.436503,0.895391,89,2,1
0xe248B300b21D5d348b209701434bcDbC9e33fb16,0,0.465678,0.28909,0.300354,0.754732,0.367088,0.635648,0,0.381139,29,2,0
0x2A370a3D5257538B31d78D7eA43ec6d01319d388,0,0.6,0,0,0.708865,0.342105,0.972388,0,0.603016,26,0,0
0xacE7230f4de5C58BEd40CA635229E7ba8E4f0946,0,0.595245,0.00239,0.003977,0.798528,0.152542,0.769617,0,0.583942,9,1,0
0x6e4aeB2Af9CE3b67116d8B19E6f1CA6b318Fc629,0,0.6,0,0,0.749506,0.074074,0.914703,0,0.584342,4,0,0
0x9280B754C76189dFA8c235A8d34e33eF6D6222dB,0,0.6,0,0,0.670389,0.074074,0.009508,0,0.488154,4,0,0
0xa4D12C5D523530F809d4A58818f6ED2473211D9E,0,0.6,0,0,0.77791,0.285714,0.416024,0.753997,0.491034,20,0,2
0xfa5E1C119C1c7709A4DEa1858F2E20136d17844E,0,0.850066,0.333491,0,0.837237,0.411764,0.861219,0.229063,0.840396,35,2,2
0xe063DC804128BCfa468221BF7CEB69Bf2728e937,0,0.560868,0.136284,0.11898,0.836061,0.73262,0.886577,0,0.594299,137,6,0
0x5caE9d362f18601d356B9D5A4eB859e4b3715776,0,0.59605,0.725667,0.640657,0.811287,0.772727,0.994677,0,0.483449,170,7,0
0x5D5BF4D9e3631892fF1D6D95355bfc7D3B201D5D,0,0.707051,0.133776,0.021408,0.867414,0.930069,0.980531,0,0.773852,665,3,0
0xa5277d250255589327717955757E8170F3611dFd,0,0.6,0,0,0.86255,0.056603,0.000199,0,0.52901,3,0,0
0x44Eb7b0B6A6cdC4a4e4Bb618308cBD1a89A918cc,0,0.814464,0.257486,0,0.869594,0.489795,0.984658,0,0.837495,48,2,0
0xaC8778f0729b380f52F5be43A12aD188b47D6d74,0,0.772911,0.185951,0,0.679605,0.253731,0.159522,0.13743,0.693463,17,5,1
0x0745989Be95eD22B5BCF98f37CbBAA45e6636a05,0,0.6,0,0,0.563347,0.333333,0.580114,0.758454,0.460915,25,0,2
0xdC42F61B6871aF8a81E8152357266637e8dA42eE,0,0.593272,0.00339,0.005637,0.861967,0.056603,0.000599,0,0.52099,3,1,0
0xbb29e4ecfcd2fD9593d14Fba7f44F7B39074C805,0,0.6,0,0,0.631281,0.107142,0.006359,0,0.481978,6,0,0
0xf7Ae9C83ceb1881EBCB01De94fF4BFE553404308,0,0.739443,0.138341,0,0.438856,0.315068,0.261883,0,0.632501,23,1,0
0x6A8EbB12c9FDd19C93bcF5e2E4308689c7C4c08D,0,0.650059,0.041149,0,0.815097,0.253731,0.444135,0,0.625162,17,2,0
0x4563FC211AF56a7B31743e3f8731F76415c030A2,0,0.6,0,0,0.678424,0.62406,0.930749,0.956559,0.523019,83,0,2
0x495aa1Ef759C4f28A744162a9660e5BB20489886,0,0.621791,0.016991,0,0.794067,0.375,0.048525,0,0.568249,30,3,0
0x8491D1b6BF242B09aa7A6De2A386C40263EECaBC,0,0.6,0,0,0.502973,0.038461,0.073215,0,0.45308,2,0,0
0x1eAF723f7A6291C58b18C314C571D406DEbc0FdD,0,0.618313,0.014189,0,0.731939,0.038461,0.018453,0,0.518918,2,1,0
0x941fEeF97b5A580389007c9E35eB08Ac80e5cf3a,0,0.6,0,0,0.153859,0.074074,0.438075,0.795835,0.336126,4,0,3
0x63b8c3892FAe6E81B220A809f969dfb0f3BED4a2,0,0.908224,0.501879,0,0.819101,0.390243,0.874934,0.128109,0.889684,32,8,1
0x422f1f07F40F11Bac71Db4F520Dd0eA1FF20F2c4,0,0.955297,0.704528,0,0.823324,0.756097,0.998006,0,0.938645,155,4,0
0xB71aE1fe3A27D8B3f9A769F033374cfe1587B07A,0,0.93885,0.624399,0,0.813467,0.760765,0.969871,0.566889,0.911099,159,6,2
0x248D5765C6bB7FAC2838B5e31af85bca2cf0638F,0,0.899302,0.47137,0,0.799995,0.425287,0.974835,0,0.89096,37,2,0
0x4877226cf5B7973a2E49029237F447A9d33f325a,0,0.656084,0.046641,0,0.375274,0.056603,0.006951,0,0.480034,3,1,0
0xb3C5a5A0825f7457d51C26ef52a14B856B918d05,0,0.606272,0.004756,0,0.731894,0.038461,0.001996,0,0.504778,2,1,0
0x8d5C69ecFBA007E91Ca1a0399b8cd2E762524AA9,0,0.6,0,0,0.876864,0.038461,0,0.000999,0.530521,2,0,1
0x76e84fe6284B4A691cc8eb7160e067b671b558b6,0,0.376065,0.151564,0.229425,0.444492,0.305555,0.084249,0.014778,0.220029,22,1,1
0x8441F36f5FDB944D9e137B059f75b7b4C3833D7D,0,0.355312,0.779636,0.796905,0.787774,0.425287,0.971756,0,0.210243,37,5,0
0x8AD479F3C150A9232665A348E2fA38fCfc038977,0,0.605655,0.004284,0,0.762305,0.418604,0.960037,0,0.625336,36,1,0
0xF18bbe0312F9E7E600225d839B260512E5eEb549,0,0.6,0,0,0.731862,0.038461,0.002195,0,0.498227,2,0,0
0xB1dDECBa5Ee0CAba1bbAE6F2F2a161f2a2Ef9bf8,0,0.684723,0.074604,0,0.649371,0.275362,0.231242,0.453327,0.566727,19,1,1
0x7b0662CBb185beda00a943e77828d40b0C841095,0,0.850141,0.333668,0,0.882809,0.693251,0.963822,0,0.873107,113,6,0
0x29aEDf0b3fe9eE287E9AFC88eE67357c0900cC2D,0,0.558731,0.082561,0.079883,0.576984,0.456521,0.057492,0,0.446893,42,2,0
0xF7F5947fCBFc4C01e14c417BC933940350c3F24E,0,0.6,0,0,0.509085,0.418604,0.943656,0.973553,0.466438,36,0,1
0xacA23b6A2A22FE70c67af573e0FB6E2106D8a22D,0,0.790897,0.214997,0,0.387597,0.122807,0.207481,0,0.662577,7,1,0
0xE83C5945CB6804026e530920BBC496DE7e362ca8,0,0.6,0,0,0.718542,0.456521,0.186462,0.261992,0.521719,42,0,2
0x26c06B786F88b1cd80C33D83DDbcae45437682af,0,0.761942,0.16949,0,0.715642,0.431818,0.300503,0.23728,0.703501,38,3,2
0x70587dF9719Ac19F906D061C1EB43C61B9b41Ac1,0,0.826169,0.280744,0,0.686319,0.50495,0.767668,0.339745,0.791817,51,2,1
0x0933659D8B4d58f59f89F0bd149C8c09222db220,0,0.615421,0.011887,0,0.739009,0.285714,0.112688,0.14354,0.532935,20,1,2
0x3D24e46C23C57a114E51450F48e653a5d29951Cf,0,0.6,0,0,0.693076,0.056603,0.024009,0,0.492997,3,0,0
0x2001FeA887434fA719C2EF31a131fF66BA4833D0,0,0.860457,0.358954,0,0.829003,0.579831,0.97112,0,0.87091,69,2,0
0xc5d925161FECeFFD8fFEaa097DA20cB3bFcbd7A8,0,0.515118,0.047105,0.076118,0.829665,0.358974,0.767138,0,0.513133,28,1,0
0x754a1a2b63755D51c16200b255Dd89bd5CDA73CF,0,0.6,0,0,0.798915,0.166666,0.041962,0,0.527981,10,0,0
0x53CCA866Fd0bad9514C28ad3B331Bd3a38E0E3Cf,0,0.6,0,0,0.556625,0.074074,0.034562,0,0.464805,4,0,0
0xB12C60a5aab05444e0Ac6A3d1e261F566bF77C6E,0,0.75421,0.158407,0,0.736341,0.825783,0.496221,0,0.758561,237,2,0
0x5C44951A456EB51abd27146964CEc81723a41e5B,0,0.602408,0.001814,0,0.876872,0.137931,0.137633,0.000644,0.553652,8,1,1
0xAf2b2585DD5Ec6a9e35EE0E6ff630Af3734bf351,0,0.678676,0.068429,0,0.863609,0.489795,0.730849,0.038633,0.700512,48,3,1
0x43137348D9d61D97fcB032Ce1C254bAe53CC752B,0,0.913646,0.521448,0,0.442332,0.411764,0.735603,0.234266,0.846514,35,3,1
0x9082f093D6a053ad3315d3e4ED0ABD00F1E47E0A,0,0.618313,0.014189,0,0.731939,0.038461,0.016522,0,0.518749,2,1,0
0x85075c8bdd56b804cE99Fd526b873217e97CE694,0,0.598858,0.001929,0.001859,0.871637,0.056603,0.013806,0,0.530744,3,2,0
0xc9495422bc39706acCBE828aC1006Da0BcebAc5f,0,0.964285,0.753696,0,0.737127,0.450549,0.96109,0.587281,0.915915,41,3,1
0x12f415eAa43bee371eEB6c4f11c9A0D4B15F3A7f,0,0.6,0,0,0.865483,0.230769,0.642652,0,0.599799,15,0,0
0xF5415033F7211eA19bA2A448eC04db9C99eAd270,0,0.960962,0.735028,0,0.690128,0.731182,0.948525,0.069514,0.931619,136,5,1
0x1e8A9A4d50f74B65A1c8F42B8fFDc6E0f4c5D936,0,0.6,0,0,0.738198,0.137931,0.198717,0,0.525528,8,0,0
0xa78c5357302EC37627EC3A64149bCFffa7FEd3C6,0,0.682328,0.072139,0,0.570245,0.295774,0.070113,0,0.578961,21,1,0
0x57718F50DfE194F4F77A7041222Eb823D38c92e8,0,0.6,0,0,0.363586,0.21875,0.174372,0.44134,0.403305,14,0,1
0x7ab242c2a2c38BA9aA49c0844289cae9cb332Ad9,0,0.84373,0.318757,0,0.808915,0.920508,0.838647,0.381809,0.846229,579,4,1
0xEF9AB04EEb55F57EeA5004497Db77C45411bD8E0,0,0.6,0,0,0.861988,0.21875,0.019992,0,0.544716,14,0,0
0xF78e2c471181ADe82965Cc8d38A8d516Ff8241c3,0,0.423354,0.258049,0.297054,0.792068,0.568965,0.827758,0,0.382151,66,5,0
0x97E197Cd2bbE5B15413Ac0859f0F2dB61f41109c,0,0.828364,0.285283,0,0.868614,0.87593,0.995343,0,0.865102,353,8,0
0x8ba998EC3c849a9Df9F0fa0f71075fC890c59927,0,0.602608,0.001965,0,0.869269,0.056603,0,0.000998,0.533114,3,1,1
0x6688676626d6E1054cc7dFe5156eA9623047a821,0,0.615195,0.011707,0,0.760892,0.056603,0.013612,0,0.523288,3,1,0
0x7E2718ee7759f1d452066ebBEE340216e516cC9e,0,0.607773,0.00591,0,0.487362,0.107142,0,0,0.457276,6,1,0
0x5cF389F391FEA0F134E4f1358f367429D5BA8efC,0,0.6,0,0,0.09646,0.019607,0.374921,0.749937,0.319717,1,0,1
0x28B44bB6cCe5C05A7c6315046B31116Df1bbA24F,0,0.941781,0.637836,0,0.747582,0.61832,0.901609,0,0.920392,81,8,0
0x7e5399B7A9b6C29870e4cb919d407Ac2D4cfD1bF,0,0.6011,0.467658,0.368488,0.767958,0.583333,0.806036,0,0.53764,70,6,0
0x0B9B46A8aB25e069874C025B31D98797b9E6dFd5,0,0.931435,0.591864,0,0.829728,0.450549,0.799927,0.106946,0.908184,41,4,3
0x51CF89148A93da068B4822867c565bF42f50fBDB,0,0.456976,0.099042,0.146031,0.779943,0.122807,0.314786,0,0.369703,7,2,0
0x7ef526BA0253c576347a38f077861F8fDDef992b,0,0.942808,0.64263,0,0.614167,0.431818,0.956149,0,0.908124,38,1,0
0x3FefE1FEf3661765147DF2a7b84e56C687DE4FC1,0,0.610346,0.007903,0,0.731896,0.038461,0.006754,0,0.509476,2,1,0
0xB91A4ed6860A418800ef40Ba12Bd766FD4160f4C,0,0.6,0,0,0.773272,0.038461,0.006754,0,0.507941,2,0,0
0x7cd3064387fFe25878dbaEE0B3B6D7D17cDa17Ce,0,0.6,0,0,0.760211,0.411764,0.748085,0.900823,0.512449,35,0,2
0x21D2dc7EF3Cd2bfAB9DACaEc1DB4f922d2cad4f2,0,0.751824,0.155068,0,0.705915,0.230769,0.608763,0,0.718409,15,1,0
0x85d5e0A0772BCD9790372E109abDDD2B91C08C6B,0,0.6,0,0,0.632207,0.193548,0.058734,0.18633,0.475708,12,0,1
0x5a299101bdCEac7B13D07196B3ca3b8F74e56e70,0,0.6,0,0,0.874421,0.074074,0.801034,0,0.60187,4,0,0
0x15c38c97B2818B474D2f75Eb60670aDA05E1034c,0,0.672782,0.062554,0,0.808858,0.333333,0.56567,0,0.663033,25,1,0
0xf4797A17ab844CAa2099a9E883169E54F100E512,0,0.6,0,0,0.862545,0.038461,0.016135,0,0.528817,2,0,0
0x987BbeE511F854C42D744b729f8a8Cf4b844B445,0,0.6,0,0,0.862552,0.019607,0,0.000999,0.525667,1,0,1
0xC960338B529e0353F570f62093Fd362B8FB55f0B,0,0.941968,0.681335,0.034573,0.8777,0.841269,0.961746,0.222766,0.927035,265,16,2
0x60d5424fecac58AefD1A071Ba225F9AD1b5E4F2C,0,0.729831,0.126001,0,0.870098,0.494949,0.872204,0,0.761487,49,2,0
0x6Ad87aB20934cb3601bfeB64fc962F57768e26C8,0,0.595245,0.00239,0.003977,0.862661,0.090909,0.004578,0,0.526815,5,1,0
0x5C1De9ce04dC35d8A2d2AB821840319F03a5e291,0,0.6,0,0,0.869408,0.074074,0,0.002991,0.531756,4,0,3
0x24b1796f7d13C69153Bc7f55bB96aDeC5d982aC7,0,0.940414,0.631526,0,0.860435,0.572649,0.998502,0,0.927882,67,3,0
0xCc2e4839F2972055474baCBcfCEEee77Af52BC84,0,0.6,0,0,0.868507,0.074074,0.000999,0,0.531938,4,0,0
0xa14dd0D228D0f288e8924d70DD5211961930337F,0,0.457738,0.379626,0.384303,0.810307,0.593495,0.966313,0,0.40958,73,4,0
0x5A9812705586136709Bf6eA0F1997e47118248Ed,0,0.319611,0.208349,0.304899,0.804555,0.333333,0.888839,0,0.279435,25,2,0
0xD8aB8a077b02670aae04bcdBeF15CAFEA0fB50c9,0,0.73616,0.18355,0.029859,0.884217,0.122807,0.354588,0,0.706734,7,3,0
0x01031189d84E7824862fab1bBa0F7F050e8635DE,0,0.6,0,0,0.773358,0.019607,0,0.000999,0.50562,1,0,1
0x27D8FDb0251B48D8EdD1Ad7bEDf553cF99AbE7B0,0,0.983132,0.874722,0.004696,0.774675,0.956217,0.998979,0.080984,0.953473,1092,5,1
0x204F0bBDC3E605234A743e8E92eAe35D366df7a6,0,0.6,0,0,0.814214,0.375,0.781478,0,0.612434,30,0,0
0x028188b8ef58139b4B89512654bEF238e65e6BE5,0,0.6,0,0,0.871662,0.019607,0,0.000999,0.527711,1,0,1
0xf95f3E4e187f7E546E0528a189f084BCa09b6731,0,0.618313,0.014189,0,0.73187,0.038461,0.017488,0,0.518819,2,1,0
0x7D3894d3E8A8e504B1FA66AE506e8B15B3E900b4,0,0.6,0,0,0.823039,0.305555,0.622185,0.851057,0.511253,22,0,1
0x0AB36a77A16cD60a5c1324744ee7F28Ae5a13475,0,0.6,0,0,0.780601,0.21875,0.029691,0,0.527346,14,0,0
0x8781a5022b2275e7f74768Bb4ECe95AEbA4eeFDa,0,0.6,0,0,0.700295,0.122807,0.00537,0.031945,0.495588,7,0,1
0x24DafA634f5849CF998B8DA4d7FfD9D69F01ce2A,0,0.6,0,0,0.812179,0.193548,0.139858,0,0.541815,12,0,0
0xdC849E5dD401531Bae51F227754c81C4F2710dea,0,0.6,0,0,0.240091,0.180327,0.169848,0.240698,0.392305,11,0,2
0xaf250b53B39dcb62a2bA713E3F0155C56688e4D9,0,0.874504,0.396211,0,0.826674,0.50495,0.935869,0,0.876725,51,2,0
0xa43deA86853f5ed8F767E36E16fD20b36B07769D,0,0.6,0,0,0.86265,0.038461,0.073902,0,0.533875,2,0,0
0x4B9983ffD901Da02398B1c01668496015ecF0dB5,0,0.644878,0.036527,0,0.692306,0.206349,0.163739,0.394424,0.526457,13,1,1
0x5AbDF1bDf263963601D3cC57D14723465D9FC505,0,0.300589,0.281695,0.377663,0.874691,0.39759,0.479329,0,0.238724,33,5,0
0x084C2c02A1448dc79692D8908648cCA6d5e0b1D1,0,0.611887,0.009104,0,0.862062,0.074074,0.31488,0,0.570002,4,2,0
0xa6F473548CB679d60Cebf7C00e9b37816f0b1E17,0,0.735782,0.133577,0,0.842111,0.122807,0.796009,0,0.732557,7,2,0
0x6F6f53CDb4731bBD30cE279828e98FB58FAAD756,0,0.6,0,0,0.868836,0.038461,0.012638,0,0.529923,2,0,0
0xe72a864a3dDf500e24539F00565DdeBAd8A74884,0,0.691623,0.08184,0,0.791845,0.253731,0.085086,0,0.634328,17,2,0
0x72DEC95526aE5259d0b1333BE5A1fCa1BbfA2e0E,0,0.970326,0.789209,0,0.803497,0.828767,0.974898,0,0.947122,242,8,0
0xabDC0e11D268cBe2bF1F1229Fa5C84Df7070EC35,0,0.742626,0.142549,0,0.63908,0.206349,0.259588,0,0.66818,13,1,0
0xe2512Ab84cE917aa5706C380D4A535098ee1B131,0,0.147311,0.935939,0.954524,0.786545,0.779735,0.999506,0,0.112743,177,3,0
0xaD33eCaBEcf9c20D04D1cE456823EA72bB998E1f,0,0.6,0,0,0.861965,0.038461,0.000599,0,0.527332,2,0,0
0x305e5d785EB274832A68745fdA66A70b1ad2C635,0,0.6,0,0,0.775394,0.038461,0.333244,0,0.53692,2,0,0
0xB1c3A1B7f4d23e16b29BdDe10F2ECc8B49E16404,0,0.255404,0.288136,0.402845,0.495057,0.090909,0.545578,0,0.143416,5,1,0
0x86d991aEA08c0c904c86864f8E17663327bD62D9,0,0.901916,0.480099,0,0.837983,0.473684,0.925927,0,0.89607,45,5,0
0xfe2d934551E11dC71eCF215e3756921C9921E4d5,0,0.6,0,0,0.786316,0.166666,0.455397,0,0.561045,10,0,0
0x122ce0358C0Cfc9Ce3D98361dBf8194b31017e02,0,0.6,0,0,0.683817,0.038461,0,0.000999,0.487128,2,0,1
0xd0d18af8f454Ceed1d2BA70b8b7d70Ec48707D70,0,0.91758,0.536172,0,0.774596,0.206349,0.935072,0,0.893777,13,1,0
0x7a0E9F1e887CA0d4E1eA72149832291D6F06603C,0,0.6,0,0,0.58493,0.166666,0.008723,0,0.476973,10,0,0
0xF4b53Ae4c68150349913b514725Bf6AA7F95f434,0,0.341646,0.545388,0.591091,0.736424,0.810606,0.868115,0,0.252706,214,7,0
0xFb07A67BC20d3c6308431df39456225904DDD434,0,0.123356,0.781982,0.845652,0.859281,0.456521,0.98814,0,0.108283,42,6,0
0xB4192AB96664248c260F9B7E3EF5d55B55B55384,0,0.70687,0.658421,0.470419,0.872358,0.673202,0.966799,0,0.657903,103,6,0
0x370B5a8aA6D7ed0BC3Dd4674680B78b5dd55D87E,0,0.639494,0.03182,0,0.775356,0.090909,0.230414,0,0.57396,5,1,0
0x38B661e33cA78Eaaf5CFdd145E9181BB0790Ad95,0,0.683755,0.073604,0,0.62811,0.305555,0.027804,0,0.590413,22,3,0
0x2751414215c6305bBb8DeC9fb7310Bf30Deb57B8,0,0.606195,0.004697,0,0.86888,0.038461,0.170399,0,0.550087,2,1,0
0x811D247C9E6b7e9Dddbfd6C4f5CE867770870Af6,0,0.615251,0.011752,0,0.487576,0.107142,0.000599,0,0.465209,6,1,0
0x1A61da74D3De33B10961D57f7eDE58f8053Cefa9,0,0.6,0,0,0.775348,0.166666,0.05285,0,0.523643,10,0,0
0x8616b293c18F03EC7EDf99933333B35D15dD0ea5,0,0.872165,0.389765,0,0.810524,0.444444,0.902238,0,0.869714,40,3,0
0x41F45Ec1F5c55E14A12FA51a189E235ced53b3EE,0,0.908411,0.50254,0,0.797947,0.729729,0.931284,0,0.905486,135,1,0
0x77C4B6D64396c471f12cd110167e93Fbe832eB6a,0,0.73385,0.131095,0,0.223323,0.315068,0.106983,0,0.566466,23,2,0
0x45F5212d0Ee8F5981D24FABa9CB10B6C083651b8,0,0.807135,0.243684,0,0.807125,0.462365,0.959935,0,0.821103,43,1,0
0x397b21DB1206a6c182e37a8616cD64181156D252,0,0.596987,0.003689,0.003977,0.870978,0.137931,0.010292,0,0.535084,8,3,0
0x0006C3a51d493FD32F52dbcfbE26215E077Ef1Bd,0,0.601016,0.000763,0,0.873612,0.137931,0.003785,0,0.539937,8,3,0
0x330bA08E3474f4186fEF367b81276b28AF808F2f,0,0.6,0,0,0.86725,0.038461,0.00438,0,0.528847,2,0,0
0xe77352D7E18d868fc5404e191E101B1d6dCDA92e,0,0.766777,0.176636,0,0.772109,0.68944,0.509851,0,0.768162,111,6,0
0xDba6fFdd776b613636b850180a2FE9c036c201D2,0,0.709999,0.102166,0,0.704119,0.107142,0.285408,0,0.640126,6,2,0
0xd2Da3A07Bf4Cd039D5f36D22F22b6Fe04bD56A86,0,0.600219,0.000164,0,0.868933,0.038461,0,0,0.52907,2,1,0
0xdcd3F402043D3C708013de78f5d79d66950917BC,0,0.924486,0.56315,0,0.827297,0.264705,0.853329,0,0.902588,18,3,0
0xAda440eF6C2656Fa7702bE5d5E8468c06Ab9bad3,0,0.450715,0.090384,0.142079,0.616198,0.206349,0.043062,0.055712,0.312163,13,1,1
0x9F68eE736A79dD85831B50D73EaF3c5b03366E00,0,0.8186,0.265528,0,0.697408,0.390243,0.494745,0.146851,0.776151,32,3,1
0xC3Bfe25Ba449E2724AbD5b03f520FF5d14dD741C,0,0.868843,0.380781,0,0.377239,0.76415,0.839635,0.44601,0.801826,162,1,1
0x097adbE246858a0FA8F9492889ae00Fd87638044,0,0.6,0,0,0.047778,0.019607,0.666644,0.909082,0.31855,1,0,1
0x175a68282F5FD79e74b7b5fe6d56B73f8C34c6C2,0,0.737838,0.136242,0,0.43866,0.056603,0.106983,0,0.596341,3,1,0
0xE11199046918C186BCC5D865Ae5B1D20530a174a,0,0.6,0,0,0.825603,0.758454,0.996097,0,0.663098,157,0,0
0x8F1A3De835f5021B5610A849b27882EbF15c6018,0,0.6,0,0,0.867251,0.038461,0.004182,0,0.52883,2,0,0
0x5C83942B7919db30634f9Bc9e0e72aD778852FC8,0,0.992086,0.936962,0,0.610293,0.914821,0.99996,0,0.95312,537,2,0
0x0ce3f52D54cc85331384b571Cfbb136c72B8289c,0,0.322282,0.39617,0.468068,0.704246,0.647887,0.632217,0,0.233475,92,2,0
0x338D0cE61a5AC9EfBb2d6632743953FFF225444F,0,0.6,0,0,0.43861,0.991876,0.988203,0,0.600554,6105,0,0
0xE752B17AFC2630D0462e5111e8F8d9239f1B3fe0,0,0.6,0,0,0.867263,0.056603,0,0.002991,0.529752,3,0,3
0x22F4f58e58c76f2AeACF58DdeB431c8C7c902249,0,0.823041,0.274377,0,0.670684,0.462365,0.684044,0,0.801434,43,3,0
0x9A3B4f37A7b8c1013289cBD1F011E567a16f5AEb,0,0.678725,0.068478,0,0.870908,0.609375,0.934199,0,0.7281,78,7,0
0x7817C57FdD423E86177F7D3a179717884E67EAC5,0,0.969283,0.784619,0.001852,0.819216,0.85955,0.990361,0.067852,0.946572,306,12,1
0x813F98977A00Ca98b453E3D963294BEF326C40dD,0,0.930781,0.589091,0,0.864368,0.696969,0.971818,0,0.924584,115,13,0
0x6Ad5E6b1064dC5809420F2AE132fbFFbe7d0fdc6,0,0.6,0,0,0.732599,0.152542,0.41493,0.465811,0.497908,9,0,1
0xEb6423fb4C487f580D2D0D24dbDd26cB5e2748e5,0,0.840854,0.312254,0,0.862035,0.62406,0.923445,0,0.859859,83,4,0
0x44e862009beFE1A0EFADC7af026bEEfbEBcd2F62,0,0.830189,0.289101,0,0.579418,0.97884,0.983095,0.264568,0.822701,2313,2,2
0x3129A7D33FE80b0BC5b9EAb738a99D26b9055dFb,0,0.412743,0.1198,0.184899,0.856335,0.390243,0.910397,0,0.406539,32,2,0
0xB312628fC7454DC2d492e5FCD59B85C6653BC26F,0,0.973919,0.811361,0,0.736637,0.615384,0.998679,0,0.942633,80,1,0
0x4cebB8de192275868DeB285e0572cFca0A0a3348,0,0.936163,0.612372,0,0.583403,0.242424,0.956399,0.311652,0.88203,16,1,1
0xc26efA8199105d317AD00A2e90BC5Ea445a3Cf5F,0,0.263487,0.308307,0.417044,0.87164,0.936386,0.974392,0,0.271484,736,4,0
0xf110589F7E02D4E643e6a5814cd69da667F4b127,0,0.891844,0.904254,0.608839,0.854284,0.915397,0.999012,0.128297,0.774522,541,17,2
0x3f48a2a408E16Ce47d9F9706349514A45a9D21EA,0,0.6,0,0,0.412687,0.275362,0.96646,0.990279,0.432894,19,0,2
0x28Cd5d6ff8972BdDE34E8fa5feC8070FF3DDD72d,0,0.660301,0.050561,0,0.873182,0.418604,0.970551,0,0.700726,36,2,0
0x1CF8423299241F155716eb19D0ca65BEA4353F03,0,0.835227,0.299855,0,0.85254,0.861878,0.965378,0,0.866385,312,4,0
0x1cD533DDE8cde681a2330b4b12a8Cbe316761CbB,0,0.6,0,0,0.669893,0.038461,0.005964,0,0.484619,2,0,0
0xfa20aFC3b65C825f52D4461f236aB2564B2b5ed5,0,0.6,0,0,0.868975,0.038461,0,0.001996,0.528653,2,0,2
0xd21736761C0F6197313511F95C4BBB0294eD2eaA,0,0.65201,0.557109,0.412991,0.627287,0.819494,0.917208,0,0.576714,227,4,0
0x15A6Db571F2a30007bf62Ae238F3899d238875f5,0,0.6,0,0,0.77861,0.561403,0.872321,0,0.627744,64,0,0
0xfAA617C252E9FA8616e57Ea960119176b897a911,0,0.993676,0.949176,0,0.690053,0.683544,0.999092,0.54761,0.942925,108,3,1
0x571246cc386ad2193Ac840cF78Ec8F893d43231e,0,0.866502,0.374568,0,0.762169,0.358974,0.683744,0.459525,0.821543,28,3,1
0xFb130E2D5ED95789576c9E0Bd1a97D109690E197,0,0.6,0,0,0.865321,0.038461,0.002195,0,0.528224,2,0,0
0x5A44E70F76AcE15D7E65b8ee68318BFBa922A3B8,0,0.666799,0.056731,0,0.873876,0.700598,0.992889,0,0.728438,117,4,0
0x7607B0a0E89120Ada6eCaB8DD9783aC1900Aaa9C,0,0.742158,0.141927,0,0.870897,0.166666,0.336694,0,0.714918,10,5,0
0x282bB720cB71c020798e639a77311c8eFCfD86AA,0,0.6,0,0,0.049096,0.019607,0,0.000999,0.347658,1,0,1
0xd014a12A355F4380A558B5969271153E0eb0Fd8A,0,0.722069,0.116422,0,0.823833,0.714285,0.936645,0,0.765171,125,3,0
0x51609079445F175d03f8834b5BC41c22D1005FB6,0,0.968637,0.779064,0,0.800776,0.902723,0.977124,0.465304,0.937317,464,15,2
0x760f2765483BE17C699A85561Ee7796a87DA935F,0,0.6,0,0,0.769304,0.166666,0.030632,0,0.520345,10,0,0
0xef33c88CbDd4F8e80f4e95cD59802560fd8Ae585,0,0.878872,0.408526,0,0.62598,0.557522,0.797987,0.400343,0.834953,63,3,1
0xB008c0667Aa9182Ad8961f93A8E156473F1Eb151,0,0.704631,0.096062,0,0.524027,0.305555,0.342105,0.593623,0.55985,22,1,2
0x0eF9670Cf2697BE1A1ae05bF83668d32063f0DDD,0,0.149247,0.475354,0.601606,0.702139,0.444444,0.779881,0,0.118347,40,1,0
0x62250830c2e3592f6D6F2F546Ca2C9c68c65f1Ea,0,0.892676,0.44998,0,0.687397,0.206349,0.810706,0.086045,0.855912,13,2,1
0x80480299379Ab5876612147D5700e077F303153e,0,0.609781,0.007464,0,0.779448,0.074074,0.016135,0,0.523501,4,1,0
0x260aa787e7d22a6Fe7DF6211F8D1fB2997751de7,0,0.6,0,0,0.824037,0.152542,0.57788,0,0.578661,9,0,0
0x703848682Ac7C38361817b83B68E452798d0fa3E,0,0.6,0,0,0.871604,0.166666,0.151823,0,0.553769,10,0,0
0xa74954B3C2A1b3aaF4937b636CE62d6c587ddd47,0,0.6,0,0,0.862549,0.038461,0.015941,0,0.528801,2,0,0
0x47a15CbB3A2FC63fE15FE9Cf6c897424632e3D24,0,0.6,0,0,0.669996,0.074074,0.0099,0,0.4881,4,0,0
0x18e143F2bF85a5b6b51821D479E871181c1aDbC4,0,0.595263,0.002381,0.003962,0.868945,0.038461,0,0,0.523269,2,1,0
0x5dF535513709bBfd4285f0880C9CaeDaA1a2882B,0,0.575379,0.428557,0.351935,0.871839,0.90196,0.994349,0,0.582165,460,21,0
0x312EBc764164E04352E32f31972715B9f956B0aD,0,0.6,0,0,0.755779,0.166666,0.013028,0,0.515768,10,0,0
0xaD6DC3A0907f8150FD3D300F3101586a61Df8D1D,0,0.6,0,0,0.804733,0.275362,0.884609,0,0.610698,19,0,0
0x29380ECB5b10088b4B68cE8df9c189D197ad72bf,0,0.6,0,0,0.868932,0.019607,0,0.000999,0.527098,1,0,1
0x0f9d709F7b0ac23464c9d4132DB5735619f56D62,0,0.823946,0.276207,0,0.749682,0.632352,0.678249,0.085915,0.816791,86,4,1
0xB3Ef989Db5a5206bcC8adf0F156B5F813B37B4e4,0,0.463116,0.097747,0.141912,0.827667,0.770642,0.302747,0,0.440449,168,7,0
0xc4EBcdD280c998213f719E8918612e0903eB2092,0,0.623063,0.018024,0,0.840253,0.253731,0.284077,0,0.589449,17,2,0
0xF579C0aaFc828DAD272bd1Ff07A0FCBd08828907,0,0.6,0,0,0.438684,0.137931,0.985074,0,0.52694,8,0,0
0x89bC77903fE2AA24BD602CEd8c036bc75819F880,0,0.698798,0.579762,0.391418,0.798427,0.744897,0.976692,0,0.6667,146,5,0
0x4E013F720271714259ACF5E36E200DEe6b205cBD,0,0.6,0,0,0.502008,0.038461,0.004777,0,0.446936,2,0,0
0x0c82abE3D9e8303ea3903377f8d43Eb9A1048a5F,0,0.879643,0.434915,0.014356,0.576638,0.576271,0.721789,0,0.847641,68,5,0
0xC043A87c0e70Cd12Cd7B6BA1dcFc670F2F1b7f3c,0,0.579231,0.317657,0.251977,0.763113,0.50495,0.264597,0.031075,0.488769,51,8,1
0x2268E60D8d31B43550366f76511650876D8C3E08,0,0.84821,0.329114,0,0.83224,0.590163,0.784696,0,0.854748,72,4,0
0x8250147c7b920E172E8ce78b8635D5F9bB8959ae,0,0.782209,0.200632,0,0.736883,0.528301,0.821339,0.297412,0.765037,56,1,1
0x02E0D0c86f648650DF1e3aFfae6D26340340095D,0,0.649825,0.040938,0,0.773286,0.074074,0.129223,0,0.574386,4,1,0
0x79F7A3b021ACaeb3Dfa2cBD608A60B951872df95,0,0.6,0,0,0.693215,0.193548,0.186859,0.295774,0.489684,12,0,1
0x5B94F51fE2Ffd3e674AbCE08Fa9B6c7045Ec9304,0,0.729189,0.125196,0,0.762579,0.382716,0.173006,0.11452,0.675063,31,4,1
0xf97E7B884A8B69D7174139a4dCAB0A6284855d4C,0,0.214738,0.349901,0.472865,0.693284,0.074074,0.462192,0,0.132876,4,1,0
0x609f68fFD3CaBE6daFA24c53Ca8B9947e3AE02b1,0,0.6,0,0,0.774419,0.193548,0.075443,0,0.527751,12,0,0
0x598D320e00474a1068f41CAA78cf96586b28F851,0,0.7225,0.116946,0,0.834054,0.51923,0.94822,0,0.755522,54,4,0
0xd952F64ffde9D76caF60CC889e3BD5600D04911D,0,0.462311,0.082019,0.129611,0.526812,0.056603,0.026858,0,0.299932,3,1,0
0x2CE7920B554c94b2F1388b338d32c04c6e70dCa8,0,0.468266,0.122448,0.159328,0.758782,0.107142,0.050512,0,0.350115,6,2,0
0x7BEC491E7d063AD36A854Bb62521B3cFa697E8b1,0,0.580049,0.011794,0.017998,0.863924,0.305555,0.003587,0,0.527578,22,7,0
0x13744e52648D4ac37Cebc0bce4F4dAf5C86DDF54,0,0.916822,0.533299,0,0.503268,0.857549,0.962821,0,0.892563,301,1,0
0xa7C428534010Ff595b20F6A17971dbA68a7CF903,0,0.880408,0.412942,0,0.733398,0.107142,0.749937,0,0.847376,6,1,0
0xD75b229AcFbAA8Bd7BA141605F2362158e4DC31d,0,0.456772,0.580929,0.570202,0.846523,0.765258,0.854235,0.035339,0.365612,163,5,1
0x4b28B2DF3698dFE38CC3B8f210A79977Ef69dE60,0,0.6,0,0,0.871605,0.038461,0.799991,0,0.598183,2,0,0
0x1d0efC2b83053eb6B10340A7e631badE9F9e00a0,0,0.772987,0.186069,0,0.833633,0.494949,0.661842,0,0.780844,49,3,0
0xc177dFfA12AC691eAfF71729e0471543D58ad1fD,0,0.787027,0.208517,0,0.824626,0.757281,0.957776,0,0.822297,156,2,0
0x44b26d62B05a1cB9EDc175293D997BcBd7cDf5D8,0,0.6,0,0,0.670207,0.019607,0.001996,0.0099,0.481705,1,0,1
0x5A7353A0C72376fABa3e254381C237bdb68b2b1f,0,0.918109,0.538184,0,0.831748,0.929378,0.998273,0,0.92135,658,1,0
0xa46B695D91F4a50e237479bf71f2Dc7e0c9b5120,0,0.939453,0.627136,0,0.767698,0.820143,0.976408,0.711591,0.905219,228,9,1
0x13d843B615D226DE0f395be93ac14823cB5c31df,0,0.6,0,0,0.862546,0.019607,0,0.000999,0.525665,1,0,1
0xA9D4f2539d3C39758e8716BAA112f5199A682A01,0,0.6,0,0,0.502734,0.090909,0.011662,0.042145,0.448064,5,0,2
0x18428C7D0963C28Fa9922e88C2fda342A83BB360,0,0.876604,0.402085,0,0.717483,0.444444,0.949357,0.469921,0.842034,40,2,1
0xc06905A9Dc8AD7cBDC9E7F76FeE8827f6C2c4648,0,0.656447,0.046975,0,0.779147,0.450549,0.462885,0.255151,0.617882,41,1,1
0x395B5b2c517EE697bcD078e3eBc5147F3c477Fc8,0,0.611084,0.008477,0,0.768731,0.090909,0.016135,0,0.523934,5,1,0
0x03e2bd199938e4f2ee4Ef7596952213cCE573B24,0,0.6,0,0,0.867197,0.038461,0.011662,0,0.52947,2,0,0
0x6B769c58Cb4bc01c90c093d991b95B378a016D99,0,0.977503,0.834274,0,0.727565,0.813432,0.995569,0,0.947872,218,3,0
0xe0dA9928CC3F63Ec0661196BffefA81dd63Fe840,0,0.693119,0.083435,0,0.801144,0.931318,0.867931,0,0.745966,678,3,0
0xA6D91C7871a2903310B6a9BbF73EB1342945C81b,0,0.590565,0.004769,0.007924,0.77317,0.193548,0.117698,0,0.520037,12,2,0
0xFE4a7CD20f53356629870dCf7484b1a4d6F773EA,0,0.618544,0.014374,0,0.876872,0.090909,0,0,0.554539,5,2,0
0xDf2609ec3d2e07a79d2E25e52960E75250Bd9AAa,0,0.992039,0.936602,0,0.752534,0.870466,0.999908,0,0.957872,336,4,0
0xdD7B5B175aCf087c642FFBEb550120bD23dAB4B6,0,0.218796,0.582721,0.667644,0.814818,0.275362,0.813335,0,0.146315,19,2,0
0x28BBf43EaE8fcA03f9c2EA84Bb09083205FC0E25,0,0.853943,0.342796,0,0.737722,0.21875,0.893621,0.448287,0.810339,14,2,1
0xBdBE637DD35fFD97A95BFe7b268aD1a0556fCEA3,0,0.82751,0.283511,0,0.653626,0.367088,0.507728,0.061766,0.783527,29,2,1
0xd2BA906F136360F82c29892824adAc7CCB94D007,0,0.883424,0.421755,0,0.869767,0.908088,0.686697,0,0.892468,494,8,0
0xc31b0576BB9BFB1DF2C5cc3F47B9b58DB46d3630,0,0.566942,0.212317,0.174289,0.784309,0.152542,0.512242,0,0.493908,9,2,0
0xB8e6F532f6FeE638d369228E87af10A79ecaaf63,0,0.967522,0.772463,0,0.865374,0.719101,0.984388,0,0.946613,128,13,0
0x18581380b4D83B7C96bE9B6b94d8384ACdc9a629,0,0.88066,0.413672,0,0.777471,0.666666,0.782844,0,0.87685,100,3,0
0x4569Fc625AD2314883c5A08517d7027eE8FbEE6B,0,0.589068,0.630737,0.540296,0.797924,0.593495,0.962502,0,0.490736,73,6,0
0xEC79551Bf83639f8894D97B5E8841AB9bB14495F,0,0.6,0,0,0.803834,0.038461,0.185932,0,0.530458,2,0,0
0x5356df73b293BD9c6e8eFD22C99833391EF8821A,0,0.640956,0.325884,0.211856,0.887047,0.925816,0.99783,0,0.689011,624,8,0
0x3B6c244A3f728A217ADC64fc18141FaFEDeAC24a,0,0.640551,0.032736,0,0.885916,0.411764,0.817963,0,0.672617,35,4,0
0x78262c9680FF0b15484d78c413aA209620320848,0,0.387657,0.238711,0.298828,0.851649,0.650349,0.985746,0,0.380599,93,4,0
0x0dD190963812db86fb9F38Fd74374d54131429cE,0,0.617545,0.013576,0,0.697294,0.056603,0.006556,0,0.510863,3,1,0
0x1C3a068430F8fE592703D07B9fd063d47BDe8ABa,0,0.94026,0.630822,0,0.83245,0.865951,0.999704,0,0.932835,323,3,0
0x86E552d19576D22e656C6Fa4A1cD5bcA3F2a69f8,0,0.6,0,0,0.805614,0.090909,0.289974,0,0.544471,5,0,0
0x516ab23e16CCcE7953Fedb07d4d780a42a562Ba3,0,0.6,0,0,0.87471,0.074074,0,0.001996,0.533043,4,0,2
0xA5C62d0FF5b049fF24AfF4f8FFAD15Bd1C9CC05C,0,0.886763,0.43173,0,0.729544,0.367088,0.874918,0.693231,0.833812,29,1,2
0x6c83751cC655b99e2A98Ab0044683A71b2F6d558,0,0.982288,0.866225,0,0.779008,0.612403,0.999068,0.678987,0.934804,79,4,1
0x3369cB5FBa27c762B1A3b148D840082317307B51,0,0.6,0,0,0.860314,0.074074,0.029314,0,0.53257,4,0,0
0x36fB3C8D2174285888A97C6F398a8bA91673eee4,0,0.14765,0.572915,0.680697,0.854326,0.695121,0.953598,0,0.14105,114,8,0
0x2FF7B02Ce1C8EE2a8Ab703706EC71985925fFE81,0,0.6,0,0,0.095538,0.166666,0.011857,0,0.37016,10,0,0
0x60EA5ae83ff9C5A4065A85B055f93b691C8aD0b4,0,0.606296,0.004775,0,0.73186,0.038461,0.002792,0,0.504866,2,1,0
0xCC919290944ec6f4691232bed4e74539d22162B5,0,0.598539,0.000731,0.001218,0.867308,0.056603,0,0,0.528343,3,1,0
0x3C4C8f34c9eF6e93444aD26bAD6170a4E1E70753,0,0.834005,0.297218,0,0.789204,0.305555,0.709808,0.37653,0.79742,22,3,1
0x9EAbC7C8bc8e47AaE5Da66Db6De2429c2Dd0db80,0,0.595245,0.00239,0.003977,0.813359,0.253731,0.756856,0,0.594663,17,1,0
0x3Bb0EC2Ef9Ff0524d15903fEdD3C2ff4A180dd6A,0,0.6,0,0,0.869062,0.056603,0,0.002991,0.530155,3,0,3
0x321aed81D6de420DBE36641d12db4B67fb5C4C97,0,0.690079,0.080203,0,0.782377,0.275362,0.283872,0,0.648484,19,3,0
0x983a2f44025B536Ab2590f343B363F6FDf49d21B,0,0.698369,0.089118,0,0.756722,0.038461,0.499949,0,0.650247,2,1,0
0x93CDc9E2DDe2dfae1b9E737E093f3acB42fBBc59,0,0.737713,0.13608,0,0.821577,0.462365,0.953472,0,0.763605,43,1,0
0x9e9993B3447D9FFA00f7C2A15C710D6fBb76541c,0,0.6,0,0,0.731817,0.193548,0.0261,0,0.513874,12,0,0
0x0a78F83a5f45e63b30e850667Ee874c6F3c0434e,0,0.783129,0.202121,0,0.732411,0.193548,0.504656,0,0.745036,12,2,0
0xb43054a60f409e05318782A58437Ad41a2FFc51A,0,0.396769,0.212058,0.27124,0.821368,0.898167,0.956584,0,0.408181,441,6,0
0x2Cd0D9A789950C96EF5fCf74fF18572e84698A61,0,0.687478,0.077467,0,0.536847,0.350649,0.039015,0.075615,0.57198,27,1,1
0x2b971CeB2899a7b0b5141F84bC796a0D2CeDdeE0,0,0.673746,0.063505,0,0.732174,0.180327,0.218139,0,0.607535,11,1,0
0x58bf08b5767DF18d11816F3f6358c41B3CB56Ab9,0,0.827739,0.283986,0,0.721407,0.523809,0.71962,0.347206,0.796333,55,1,1
0x95629a0d52D230215e351a4EB8f6ea09887bE94f,0,0.6,0,0,0.502815,0.242424,0.09584,0.242997,0.448615,16,0,3
0xE153BAEb8E9f14b01b46799Fc56A5632E03Dc832,0,0.595422,0.003882,0.004892,0.873989,0.107142,0.015748,0,0.531776,6,2,0
0x368F080205E702DeD448BCB0a1719752bd0e9B56,0,0.585958,0.007137,0.011839,0.779401,0.206349,0.037906,0,0.510126,13,3,0
0xa013bCf4CB175814712443CB00CF21880c03d3ad,0,0.10808,0.577242,0.694722,0.499789,0.137931,0.812713,0,0.073955,8,1,0
0x9f25248e8465a4a5106948615c6Db2ed1E1b9052,0,0.912422,0.918837,0.599395,0.849342,0.981837,0.988524,0.730477,0.753552,2703,59,9
0x75e580FDEaAC42f33ecC8E567EADf0885778cb3B,0,0.6,0,0,0.666779,0.137931,0.046711,0,0.496182,8,0,0
0x0155227a79074e2Fa7F111b16CCf2995fc70E28C,0,0.917254,0.534934,0,0.762078,0.568965,0.82579,0,0.900668,66,6,0
0x0328E6F4F8488FCf619239DEF2dF52d245Ea1FCE,0,0.6,0,0,0.693176,0.107142,0.018838,0.091734,0.487817,6,0,1
0xf57780cbEc7F379D6c6Cc8928731745Ad88a573B,0,0.602628,0.00198,0,0.862635,0.038461,0.000799,0,0.530237,2,1,0
0x578c5BE12f42cE124E1C8421886f877CFF965989,0,0.702933,0.619311,0.42987,0.653028,0.916107,0.95669,0.068646,0.634732,546,7,1
0xB05Ed8D08Af44A4DECb46fb24A27302921bE5917,0,0.855003,0.345381,0,0.777865,0.537037,0.558381,0,0.841373,58,6,0
0x3b1bD46A098c50B165D3199bCfae0dEd443D6B94,0,0.659848,0.050137,0,0.805615,0.107142,0.706003,0,0.642526,6,1,0
0xA016B59Cea666f53da4DA3C9F99B97dA1e0b016b,0,0.921287,0.550468,0,0.871395,0.704142,0.869917,0.119616,0.913018,119,13,1
0xaD00D14D37Bc217C897690fEe69116E9Ac76fe2B,0,0.796916,0.225341,0,0.804961,0.375,0.964342,0.727772,0.758633,30,1,2
0xcD9d515fB0C81E7bAdf6C94775e17E2277333d76,0,0.624725,0.019382,0,0.844753,0.122807,0.424228,0.36481,0.55728,7,2,3
0x324b9d99DA9a586e7510F1CA7f48F1d6885e6EB1,0,0.328363,0.352823,0.427289,0.624139,0.122807,0.603174,0,0.200095,7,2,0
0x1Aa9919641Aa5D6ebb39C84Cc983B50A6b93B112,0,0.590565,0.004769,0.007924,0.773035,0.242424,0.094858,0,0.522281,16,2,0
0x8Ba65E91F650080303c08f3D77333F5990051A44,0,0.6,0,0,0.7842,0.038461,0.144714,0,0.522457,2,0,0
0xCFC7a084444c5A41EE0e3Df3333a5f203C98f3EE,0,0.649284,0.040452,0,0.890436,0.295774,0.894648,0,0.678816,21,1,0
0x95Ef83e6E4098496BcF786E5Cfc6829EA2146347,0,0.76524,0.174346,0,0.793143,0.523809,0.904961,0.800326,0.724957,55,3,1
0x987a555cE4a674A7F5DFbd36da9D77E2f5be711c,0,0.6,0,0,0.775185,0.324324,0.977068,0,0.616129,24,0,0
0x2051fa2A93A75fe3899387B4e15486Ad4fd2BcBc,0,0.6,0,0,0.101075,0.107142,0.438895,0.629492,0.343054,6,0,1
0x2022a5600F854cc3218E636239f4DFce9e5357b5,0,0.6,0,0,0.271497,0.984732,0.999877,0.986448,0.466148,3225,0,1
0x42e7AB48D5ae0ED6941A89492D1c5Dfb06B8483c,0,0.976973,0.849695,0.027677,0.571324,0.444444,0.993274,0,0.929323,40,2,0
0x9Ca4769D4068eF54072Ab7d74282a9AbeE2B4b93,0,0.660819,0.249318,0.135948,0.726789,0.586776,0.761904,0,0.648264,71,5,0
0x5c1204b4A61A9CDDbf2f489D62FECd0aA53FDb83,0,0.800819,0.28744,0.032416,0.842598,0.50495,0.795258,0.79791,0.758826,51,4,4
0x9498f457f0259D8faD2A618aE588e7e81E200E15,0,0.938023,0.620669,0,0.7368,0.537037,0.932791,0,0.915761,58,1,0
0xE9E6A3f4d2bd12624a90b23aFB0f706e2c110b01,0,0.650982,0.041982,0,0.762164,0.038461,0.090743,0,0.566819,2,1,0
0x21D283819Dd7f48D3BfB698f4eE6D5dbbD2f2147,0,0.6,0,0,0.749476,0.038461,0.004182,0,0.502363,2,0,0
0x1e28c9bA8502df3004A4CD09c251BCd67399EDf6,0,0.797846,0.226968,0,0.782809,0.152542,0.478949,0.171049,0.751251,9,1,1
0xE4Bb1b3E005a0be26BF03f9dF7Dd9b6803F57ea6,0,0.6,0,0,0.389128,0.038461,0.586708,0.876527,0.386611,2,0,1
0xC34e956B546379AA124Cb70b203b701B26776aC2,0,0.6,0,0,0.237213,0.019607,0.0261,0.118165,0.378064,1,0,1
0xdAfbF737489a762838f64949dA4E83e4c5f498CB,0,0.689206,0.079281,0,0.848749,0.358974,0.901351,0,0.713718,28,3,0
0x777D2c6FdC7BF5Fd9a08BAf989d851a2075bc0bE,0,0.099912,0.600251,0.714499,0.78158,0.642857,0.826563,0,0.105276,90,2,0
0xE4aA0dDFcC4A063c4569Ecd6f1e60030bFce959d,0,0.6,0,0,0.773202,0.038461,0.000399,0,0.507369,2,0,0
0x39c78cE4fBd59722f48A3271fE11F9AC5F933Ba0,0,0.786653,0.207898,0,0.844149,0.425287,0.802512,0,0.798511,37,3,0
0x31136145237c9e7B83d88DDc12811458Ff1606e8,0,0.734137,0.131462,0,0.686118,0.275362,0.754384,0.806774,0.639996,19,1,1
0xe1d36B044910962AB754e5df059b740e71Fe21Bc,0,0.682185,0.071993,0,0.803717,0.166666,0.347684,0,0.641056,10,2,0
0x4B2c27FF18ac6d1717c07F8137a095CdDa3d7422,0,0.672018,0.061803,0,0.861472,0.6,0.5239,0,0.689865,75,8,0
0x6f745bB328a35D81A021C3D38cEcD381852AeAf1,0,0.475656,0.09854,0.136218,0.87687,0.450549,0.386653,0,0.444786,41,6,0
0x5D7166EE0C633021Cb502fa5302866316d86f701,0,0.878834,0.408418,0,0.858368,0.180327,0.988052,0,0.872658,11,1,0
0xF6b8EE9078Fb2BFdEA51C24CA358dE0A844B1e35,0,0.705395,0.096923,0,0.733455,0.642857,0.369164,0,0.689456,90,3,0
0x3a12418C207B4ab0F419CbBED8b0F8FA21Bae58f,0,0.68421,0.074074,0,0.686901,0.894736,0.965668,0,0.722143,425,1,0
0x128a9702D6a928C8eE6ddE6d627988b44eA5D9D1,0,0.91342,0.520616,0,0.805542,0.609375,0.99095,0,0.907614,78,5,0
0x9721f1AcE547f5c5359eC78306b071eba120EEbd,0,0.639894,0.032166,0,0.822486,0.107142,0.476768,0,0.606847,6,1,0
0x1c37623a747E5eEc1969d72882d2c52e67c627b6,0,0.61742,0.171019,0.109396,0.866716,0.596774,0.93311,0.157822,0.637842,74,8,1
0x015a3ff28bE52bb1d5E4b6c0dFe37a4f7BEa8aF1,0,0.6,0,0,0.213242,0.056603,0.023818,0.11032,0.376587,3,0,1
0xc61AC8fEcF59Fe3549f26fD62F0817f336215775,0,0.591282,0.005988,0.008391,0.874047,0.107142,0.015941,0,0.526921,6,2,0
0xaf04017af941f3519902c75673eBBEdAd48Acf58,0,0.922842,0.556594,0,0.853408,0.62406,0.964775,0.058294,0.915096,83,6,1
0xf45ac3E4116dC3fEE809Bb3C25E023EE5922C704,0,0.835868,0.301247,0,0.695841,0.6,0.508502,0.425319,0.787597,75,4,1
0x98cCd4EF4C1B388722B660A9d93DC63689D7bf25,0,0.6,0,0,0.882239,0.107142,0.348109,0.001996,0.567719,6,0,2
0x79d792b073fA2600654eE78A325A8150B9bed726,0,0.6,0,0,0.805632,0.107142,0.682459,0,0.579672,6,0,0
0xc62bd4226951234Da0d490886856f5E935c625cc,0,0.6,0,0,0.749396,0.038461,0,0,0.501979,2,0,0
0xA08a3A5895618F03911aFd40A85a963B78Fe76CB,0,0.6,0,0,0.862524,0.074074,0.90369,0,0.607899,4,0,0
0x5928E093728b53a5ec97c6f06cdcEbc23E896dC0,0,0.916931,0.533711,0,0.888154,0.675324,0.987054,0,0.917524,104,9,0
0xa2a1587E7A6640B218322BB58B10333da43CDD8b,0,0.6,0,0,0.869392,0.038461,0,0.001996,0.528747,2,0,2
0xE477bc5a17D1dF3f6aa39D241919018d6Ee35fC5,0,0.6,0,0,0.799549,0.576271,0.060327,0,0.565226,68,0,0
0x82da2B0bAffDAF967Ad91b6a388B646ff40126C9,0,0.607913,0.006018,0,0.862663,0.090909,0.303135,0,0.566468,5,1,0
0xA023a9c2e94dfaC4330AF304a44E7F18d4BffbA8,0,0.922409,0.554878,0,0.76855,0.456521,0.926843,0.353877,0.891617,42,2,1
0x3bc31718AFEBd88eb215Cd90aD319763cdE811e4,0,0.733489,0.130634,0,0.621771,0.275362,0.452714,0.642072,0.616467,19,2,1
0x0CE417247B4B4f3727eDe9c22294Da169693f0AA,0,0.610414,0.007956,0,0.868923,0.137931,0.029314,0,0.550881,8,2,0
0x5EFe0C04aF29122Da0E7579D6493A61Ae6B35c48,0,0.710741,0.303259,0.133797,0.825755,0.89154,0.997263,0,0.754914,411,9,0
0x8F8E0dA80EB8593520F5E8F026171E31C432Fb2D,0,0.959303,0.725925,0,0.740995,0.350649,0.948584,0,0.926565,27,4,0
0x53A1D7c2D0878B275F8716e665254fb12fEA8754,0,0.6,0,0,0.57211,0.107142,0.027615,0,0.470551,6,0,0
0x6E47E20E895380e85799C66711fABA9A06696208,0,0.6,0,0,0.770879,0.137931,0.083073,0,0.522769,8,0,0
0x6ec10Bfa3518A13E73a720999fc35605a94feaC1,0,0.68827,0.078297,0,0.827365,0.425287,0.982374,0,0.719414,37,1,0
0xCB6586874cc04B01Cc4fDB777dE502cEa7b3D6c1,0,0.863078,0.365649,0,0.820863,0.970255,0.988616,0.980505,0.841492,1631,5,2
0x451012C2d0322253337514298de5feA2A267728F,0,0.665727,0.055702,0,0.697508,0.122807,0.242883,0,0.588674,7,1,0
0xF08D35084153eD84F95Bd30cD58A0B7998E9c75b,0,0.6,0,0,0.802439,0.404761,0.73598,0.925683,0.517787,34,0,2
0x9a5c4CB695761467E0EEc52F24f6e76150210d11,0,0.588762,0.005693,0.009453,0.885893,0.736842,0.680204,0,0.636482,140,3,0
0xc73D5e7C32CE8AC291113e2e82c08f9faE16a1f6,0,0.6,0,0,0.73198,0.038461,0.008723,0,0.498825,2,0,0
0x47F413F834A2c7782defC8108e2AAFcdfB1E2e3B,0,0.284619,0.526437,0.59728,0.860284,0.606299,0.980484,0,0.226506,77,7,0
0xEdBe8D3B7cd046d21B300A3086C6ad7713EF6C0f,0,0.6,0,0,0.87914,0.056603,0,0.001996,0.532513,3,0,2
0x22A116A8b74Ae47782EEC62521E22387bC0e7030,0,0.31501,0.513452,0.573974,0.784178,0.425287,0.983059,0,0.228266,37,2,0
0xf5A693aDa1c9c935BC05D5A172281CB343dD3839,0,0.606174,0.209265,0.145752,0.740584,0.886621,0.977169,0,0.634529,391,3,0
0xb59091B3FFC40Cff4Fa660d85bf94Cbf40F66658,0,0.814399,0.25736,0,0.81459,0.21875,0.510763,0,0.790692,14,2,0
0xAD62c71bc56Ae891fA9eaAf9b9229eba7cf3E91D,0,0.6,0,0,0.59386,0.358974,0.529854,0.724669,0.468964,28,0,1
0x9A9AB4d9f84d9c6797a963445D0A369A4796E0fF,0,0.654068,0.044789,0,0.823953,0.038461,0.705865,0,0.634904,2,1,0
0x038804f2De48E600C9Db37e233270d1B7288B7F7,0,0.6,0,0,0.764788,0.107142,0.006161,0,0.511988,6,0,0
0x90672828f56FfF451C9F99F074F57CB9b44FeB91,0,0.641609,0.033657,0,0.759307,0.21875,0.155548,0.191912,0.558362,14,2,1
0x2210C77e485D49C2Cfa0C483F8badB52f6F11726,0,0.6,0,0,0.868917,0.019607,0,0.000999,0.527095,1,0,1
0xd4f1EEE713CfA53E215bb2E5BC80F60EC07b2105,0,0.878613,0.407786,0,0.818628,0.509803,0.998345,0,0.881457,52,1,0
0x61d4077197ed12E49B0f85901c3E38C2B5C015a4,0,0.909725,0.507214,0,0.761972,0.39759,0.957709,0,0.893845,33,4,0
0x7a1FD0e7d1678f6BF4f94c1c7a75B6f85Eaa29fb,0,0.6,0,0,0.861998,0.074074,0.010097,0,0.531273,4,0,0
0xB2943FF4CEBdB48C5772285626b60482558Fc66a,0,0.989443,0.917133,0,0.860661,0.795918,0.998128,0,0.95934,195,6,0
0x4CdD178279a5C7631d36c88D6d1081af27CBc1C7,0,0.6,0,0,0.862614,0.038461,0.009704,0,0.528272,2,0,0
0x4EFC8CD0Fc1E0009634889f3fe6D5B4cF37D3aE7,0,0.929093,0.582006,0,0.727759,0.90458,0.995648,0.474498,0.905507,474,4,1
0xD2d4576D4E52beb51B83e508c59870f7c78B5fE4,0,0.776672,0.191806,0,0.78292,0.681528,0.951567,0.849362,0.744818,107,2,2
0x16419A860a568b0C0098D060E46520D3EE2cCa3F,0,0.440241,0.841667,0.834414,0.801208,0.983881,0.999415,0,0.299161,3052,14,0
0xd333Bc5c9670C9cEb18f9A2CF02C6E86807a8227,0,0.814348,0.257262,0,0.802124,0.537037,0.849347,0,0.824552,58,3,0
0x2663F9eA6C12e58d6715fBbd71d069B42Da68fb4,0,0.618313,0.014189,0,0.731929,0.038461,0.016522,0,0.518747,2,1,0
0x9E74B283F8b35523730257068E70c2643411E19e,0,0.607715,0.005865,0,0.491469,0.107142,0,0,0.458133,6,1,0
0x3708c10cBC4dc16Eb2462f8af21C45FBF261aE88,0,0.64929,0.040457,0,0.860549,0.264705,0.718087,0,0.656738,18,4,0
0x664B98a5945B9a01d826094128d9Ea7E0b25B088,0,0.879686,0.410862,0,0.663916,0.773755,0.928811,0.452312,0.853411,171,2,1
0x5F3fC75a2F6bf4073E78a2488A9bBFD3655e732a,0,0.955815,0.711827,0.003977,0.76127,0.793388,0.991055,0.145129,0.932472,192,4,1
0x2EA72a7Dc09cC5C65F39f5d686b3aF06C2EFF75A,0,0.6,0,0,0.697312,0.038461,0.348958,0,0.520782,2,0,0
0xF67a18cca71710642710BfB1374Cea5B195D1AcE,0,0.590565,0.004769,0.007924,0.870904,0.122807,0,0,0.525527,7,2,0
0x342C76a96C983BD704518cF2B049C922474E37c4,0,0.763492,0.171762,0,0.657116,0.456521,0.908181,0.913811,0.683519,42,1,2
0x08d0289a9086306E9266Ef667f9f4877B8FCCab4,0,0.607982,0.006071,0,0.862648,0.038461,0.000399,0,0.535792,2,1,0
0x922DD181a24e9DADcBF6CD76B3Fe50A5bE239655,0,0.731855,0.128555,0,0.787485,0.358974,0.808795,0,0.736239,28,1,0
0x8c889EFa859198Ab67497a7750B1660D13ad7c2A,0,0.6,0,0,0.656365,0.456521,0.984946,0.986764,0.505133,42,0,1
0xcBa6393a3FFaE0fCA8a2dEAC4d15BFeEbe24FF33,0,0.972989,0.805548,0,0.308411,0.122807,0.959672,0,0.901784,7,2,0
0x381594b3F7189E295BEede0B51881fA088f59Cb1,0,0.746101,0.147216,0,0.809061,0.6875,0.652077,0.535862,0.723435,110,5,2
0x74D6F01871eBFC2511E4514fB1E790EE00248723,0,0.612398,0.009504,0,0.73189,0.038461,0.008723,0,0.511808,2,1,0
0x60121677A5C97A4cE7Bf47Fd35ec4b82B603A6e8,0,0.9095,0.50641,0,0.719301,0.358974,0.907968,0,0.886907,28,2,0
0x1Dc89CA079f70f70cC46C38Fa6Dd71752638a67A,0,0.620397,0.015864,0,0.762356,0.107142,0.013806,0,0.533535,6,1,0
0x6Bf8FA9d30E50dF2B38F83fE0cE92248Eebc6F0E,0,0.932691,0.597233,0,0.698391,0.305555,0.929988,0,0.902208,22,2,0
0x787f8cE0A28609109998A44b0c4eE528ABc9da72,0,0.808155,0.245571,0,0.813483,0.864864,0.998943,0,0.844198,320,3,0
0x7FA11089A560Ac0B19Db7a90D4742F0E8A0c17AE,0,0.6,0,0,0.862594,0.056603,0.019415,0,0.530696,3,0,0
0x5a6AFFE4DD59Ed07fA592746F88c1223a8D54D3B,0,0.6,0,0,0.491254,0.180327,0.64278,0.659168,0.44684,11,0,1
0xe1fd653CD5eA03d20D7e78F5Fa0Adb1918F3EcEa,0,0.595245,0.00239,0.003977,0.736852,0.230769,0.777965,0,0.577806,15,1,0
0xc83DA92d809fc5aDB2bFE373de612D03cAfD4a32,0,0.6,0,0,0.731985,0.418604,0.961724,0.982473,0.517221,36,0,1
0x2f80A52f4F4Cc773182b0c2182b6E06451dBf203,0,0.6,0,0,0.559708,0.68944,0.997325,0.997618,0.503763,111,0,1
0x5467E5eBCBf01D792e0f431A3386b7C85b3d3893,0,0.922095,0.553639,0,0.233711,0.418604,0.947787,0,0.853085,36,1,0
0xa88856A1A05C152b71cFd68cB3770DaD7269d98E,0,0.23588,0.564568,0.647053,0.836973,0.864864,0.952023,0,0.19712,320,4,0
0x72Ee04493F2AD19D9Ac08630C0a9AA8571472CC8,0,0.6,0,0,0.870896,0.038461,0,0.000999,0.529183,2,0,1
0x273c5A80bF1172489D250f127958c59E87a1e495,0,0.620798,0.016187,0,0.693035,0.074074,0.010097,0,0.515192,4,1,0
0xD7827AeB7dFFe9832b7F6d588099d8Ef1a4c2DE8,0,0.6,0,0,0.60653,0.324324,0.905916,0.979661,0.476168,24,0,1
0x0340F828e6CCE421837e71302528D644Ab3109E4,0,0.58144,0.009485,0.015709,0.775912,0.21875,0.189495,0,0.518317,14,4,0
0x28140269C6824C850930516b102844b2c5e54607,0,0.607773,0.00591,0,0.487405,0.107142,0.000199,0,0.457302,6,1,0
0x4E81863A3054b80564B2881c435079A48dcBFffb,0,0.661879,0.052045,0,0.805919,0.090909,0.419077,0,0.619986,5,1,0
0xb71D6c51e0722bc0CE88110aa810F3F1f70C84B2,0,0.872573,0.390883,0,0.491622,0.074074,0.609344,0,0.799317,4,1,0
0xCFf932C6CCEb85c0dEAf6aE3266f2aE1181670AA,0,0.951114,0.683015,0,0.862084,0.514563,0.969332,0,0.932561,53,6,0
0x79E780654De15F94A58b4B56c86F292e5d370d30,0,0.62075,0.016149,0,0.778395,0.074074,0.026858,0,0.535757,4,1,0
0x61CB2a1Ce425B38726C9e3397401535a026f53a1,0,0.6,0,0,0.838789,0.038461,0.007936,0,0.522771,2,0,0
0x08dc7059344C2ff4B5044903D80127C86d4e950d,0,0.921597,0.551684,0,0.773795,0.576271,0.995713,0,0.90994,68,3,0
0x30b4792397485Fce887Fc66f0b4467C0c24Ec031,0,0.44587,0.101413,0.153471,0.81885,0.73262,0.709741,0,0.45051,137,4,0
0xbbEe60Af2c944Fbc2da9E7d8D736913F213193d5,0,0.597991,0.001006,0.001676,0.798944,0.122807,0.689518,0,0.577833,7,1,0
0x6532fb93283a39f02Dd8266Dfcb8705Dec04C6C2,0,0.6,0,0,0.784281,0.468085,0.513476,0.777183,0.514627,44,0,2
0x7Eb747dd868318755baA3c630D1Ff671755ECCDb,0,0.6,0,0,0.868924,0.038461,0.000799,0,0.52891,2,0,0
0x94465A1Ea992a4e1A37Fbce8FC2f687156B8B79f,0,0.944631,0.651237,0,0.716431,0.565217,0.990607,0.305292,0.911866,65,2,1
0x41e29b6d6295f287070b3759CcaA6964b7f4cb31,0,0.989108,0.914656,0,0.451658,0.934296,0.998598,0.007067,0.944505,711,3,1
0xC6c0e6877125946923F45Fe7343976Ea274Df711,0,0.6,0,0,0.868941,0.019607,0,0.000999,0.5271,1,0,1
0x8c62E2EdAA051dB347d676679E9F790Ead082a92,0,0.812702,0.254116,0,0.238236,0.090909,0.226843,0,0.658501,5,1,0
0xDCc4a069B3dd0573480a1CbB42846831f60e5226,0,0.645495,0.401868,0.272315,0.74441,0.494949,0.897326,0,0.607605,49,6,0
0x0c2abAB7a6944523B41e04cf1894D60FaDDDe2C4,0,0.366372,0.188683,0.266008,0.845819,0.847094,0.916683,0,0.378627,277,7,0
0x58E4B1DC790101307a5dBE6266ba9aBcFFac1C75,0,0.417909,0.20756,0.25659,0.845187,0.418604,0.766092,0,0.381147,36,4,0
0x18223ED613Bd1fB422A71BC17278c25d520E6c53,0,0.557864,0.051804,0.057784,0.656033,0.107142,0.01903,0,0.434593,6,2,0
0x00204aCd48E582f710652B264145102eDB0166A6,0,0.62002,0.01556,0,0.803742,0.090909,0.122807,0,0.550442,5,1,0
0x7F2193f1c47d38f8C49A4643027Dd2085d9B353C,0,0.6,0,0,0.867314,0.019607,0,0.000999,0.526735,1,0,1
0xd74CB382d4A1Fd8986A8141eFf19faa7828d6e58,0,0.708935,0.100945,0,0.825908,0.382716,0.925953,0,0.731288,31,2,0
0xe930Da27ab045783Dd0709A5c2aac76D69d7D36E,0,0.6,0,0,0.868908,0.038461,0.091569,0,0.536815,2,0,0
0x69b994291D87a224Cbe121025F146D394de9e0dD,0,0.6,0,0,0.86901,0.038461,0.000399,0.002991,0.528597,2,0,2
0x75cFd94050a9502b4fEF720730700d9C266B71DA,0,0.958031,0.719047,0,0.556883,0.53271,0.984716,0,0.919291,57,2,0
0xf71b39c72Ae7bBD8F1c7b781709475F550E38523,0,0.6,0,0,0.868936,0.038461,0,0.001996,0.528644,2,0,2
0xc4766672AE2d6693677863C47996D8AA466716d9,0,0.6,0,0,0.77531,0.166666,0.034749,0,0.522053,10,0,0
0xFb1e282b5Ac64A701455C9A4725ABE9d7eCcf2cc,0,0.61444,0.01111,0,0.860721,0.122807,0.838198,0,0.620495,7,1,0
0xF29aeFF1b924a53Df145FdB4a96711BfF2710A04,0,0.49187,0.342572,0.331264,0.769154,0.523809,0.600319,0,0.411862,55,5,0
0xee93fE5df6c8E96FBc2e099Df9F132899BD5B018,0,0.6,0,0,0.448194,0.305555,0.235941,0.400119,0.438526,22,0,2
0x547b8ae8FAacbE4077420B0fD94813C58b800462,0,0.568149,0.016539,0.027265,0.778361,0.090909,0.003189,0,0.475557,5,1,0
0xfB32ef7F5Fd3FE796A1168b6CC66bfafaE3A49fa,0,0.6,0,0,0.868936,0.038461,0.009704,0,0.529689,2,0,0
0x154BA9e3defed8bA5A97D879911C990aE934382e,0,0.6,0,0,0.806644,0.557522,0.837308,0,0.630454,63,0,0
0xc98aDBfBb0C3010B0f768c78f493809E65618090,0,0.963383,0.748565,0,0.830376,0.818181,0.933805,0,0.94356,225,14,0
0x06f200af1035e17da0558d022059b43012e27F7c,0,0.6,0,0,0.736208,0.180327,0.817164,0,0.582174,11,0,0
0x635B81851AEe7e5c3564C7484Af460761169913d,0,0.590565,0.004769,0.007924,0.775395,0.193548,0.145737,0,0.522986,12,2,0
0x17A3E573C058B09Ecaa9dE9B2F2c841F2f71c0E5,0,0.6,0,0,0.491175,0.264705,0.94529,0.976455,0.448923,18,0,1
0x292BD8EC576495269c9a8fc7f4B91c86E68A770c,0,0.794102,0.220463,0,0.575389,0.206349,0.798752,0.771562,0.68756,13,2,1
0xDE3DF2A37D2EC071e40222b0ef0F6aD347F8C4A2,0,0.6,0,0,0.669841,0.038461,0.006556,0,0.484659,2,0,0
0x1F15d055965267Df9Cc1985b648f78848d3470DC,0,0.844795,0.321193,0,0.775303,0.798387,0.904567,0,0.859929,198,6,0
0xFc5C4c8760f1bEfd99F73A4B740aC02AcB6eAEd1,0,0.606987,0.005305,0,0.863229,0.137931,0.068554,0,0.549445,8,2,0
0x34Fdafb005E5F59b723CC684e690385A83FbA009,0,0.789618,0.212841,0,0.610909,0.5,0.162619,0,0.728139,50,2,0
0xa2BEcAA5D26bCde47293ee44c76Bb99492244251,0,0.93671,0.6148,0,0.672734,0.606299,0.88993,0,0.910995,77,4,0
0xfc762CeEf1019df698C7A2edb6e9ED4F75cAb412,0,0.6,0,0,0.765217,0.166666,0.07885,0,0.523638,10,0,0
0x6552f5BDd5ac96CAb6EEBddE1A2330C33E30DA9d,0,0.641022,0.033146,0,0.763465,0.350649,0.290679,0.479659,0.553316,27,1,2
0x99E4d43482DB810fc5095f04029D0eE62b3feCbD,0,0.767269,0.177373,0,0.848685,0.606299,0.982129,0,0.803072,77,4,0
0xB966a8801B5feCAB635092676eC4c04D7F2cac85,0,0.606272,0.004756,0,0.731896,0.038461,0.001996,0,0.504779,2,1,0
0xBBCF3985Eb53c30a8eEA01d9357314d61fE0e727,0,0.678542,0.443314,0.279217,0.884018,0.985341,0.941384,0,0.709229,3361,15,0
0x4F94eA0f939c2518BfaD20E8dDDd1DC9F2bCcF3C,0,0.560424,0.020745,0.034104,0.556558,0.056603,0.004777,0,0.414363,3,1,0
0xece792e16F847aDd756D2C421801Ff82999D2333,0,0.51543,0.800584,0.766604,0.700281,0.812734,0.990948,0,0.344909,217,2,0
0xA7859B74fE8A9eCe4492E3F693cFF6839A12CD9a,0,0.6,0,0,0.755848,0.193548,0.011466,0,0.517996,12,0,0
0xFa85F1F56DC03b2B2A0700564a43254ea86FB6Dd,0,0.958557,0.72188,0,0.744335,0.893842,0.981151,0.014398,0.938556,421,6,1
0x9B1dfF66d21D3b099d1819d3526eA23DD05f9E24,0,0.379792,0.148169,0.224748,0.820287,0.568965,0.634182,0,0.350458,66,2,0
0x851829732e686d5a9092fb70eb49d09016De94Df,0,0.939832,0.628866,0,0.819184,0.462365,0.989808,0,0.922049,43,4,0
0xea9991aCEe7D9d56F591947177d1bCd23A8f894A,0,0.992633,0.941144,0,0.840184,0.971735,0.999364,0.047459,0.961837,1719,18,1
0xbF64Eebadd116f9dC824FC0F22A3d2C990CA39E0,0,0.312331,0.216491,0.315311,0.823909,0.253731,0.770526,0.671592,0.212899,17,1,1
0x654Eef2b1941BE637b7aD9F5482599CCD9848C61,0,0.590565,0.004769,0.007924,0.80188,0.137931,0.016135,0,0.512752,8,2,0
0x0379D25ED8f08A24c3B114Eb164D6ef1F777a349,0,0.605964,0.00452,0,0.867341,0.090909,0.183273,0,0.555157,5,1,0
0x523D84fc44Bfc3BAE1360F93C46a11E13DA43D85,0,0.6,0,0,0.870956,0.019607,0,0.000999,0.527552,1,0,1
0x77c7A7c12B7933E7907A9541880Ee0D565a32146,0,0.640058,0.032309,0,0.761497,0.390243,0.692421,0.734333,0.564816,32,1,1
0x8ed0974727378EbCF069941F14d4e71fB39468c4,0,0.6,0,0,0.862653,0.107142,0.016135,0,0.534826,6,0,0
0xEB992fa2c5066e3b83446Fc1a0a9A87A249d5548,0,0.601101,0.000828,0,0.870895,0.090909,0.176954,0,0.550367,5,1,0
0xFFb0a98631347C16c5d640c4E500457793fdED5A,0,0.6,0,0,0.805675,0.056603,0.302747,0,0.542616,3,0,0
0x267B408d84Ff9546Bc92E25D53E0137c7e952566,0,0.6,0,0,0.737992,0.640287,0.974483,0,0.633987,89,0,0
0x5715676447451FF87EE5de745A114b06a05Bc226,0,0.83522,0.29984,0,0.800232,0.295774,0.589726,0,0.816472,21,5,0
0x6E7ae649701e1A0331E10ae40bE9aA9E9F78F883,0,0.6,0,0,0.236711,0.107142,0.783033,0.928815,0.371235,6,0,1
0xf2793957d5D69190b038De745d778a52549970F7,0,0.6,0,0,0.762194,0.056603,0.041962,0,0.510116,3,0,0
0xaC3f46aD82F6095C14Cad77FEC4638b11fA32db1,0,0.273809,0.263292,0.373296,0.64334,0.090909,0.283872,0,0.162204,5,1,0
0xDc8F0F8fdbae3a051DB0909F4141826bB4B6227D,0,0.914762,0.525577,0,0.668546,0.612403,0.978187,0,0.89742,79,1,0
0x49783fA3217DBaf349F4E8c31185455b494D1606,0,0.6,0,0,0.046035,0.056603,0.31945,0.701403,0.312704,3,0,1
0x6207b7DBDf949994a7DC5A7BacC97d378CceEE51,0,0.6,0,0,0.715777,0.264705,0.241504,0.616711,0.473697,18,0,1
0x61e0E9543094c057148E531d4DF1af4173d5A9A9,0,0.6,0,0,0.887124,0.107142,0.13897,0,0.550959,6,0,0
0x82743d7662898ddD5fF8457dB1720546a37a1fA8,0,0.566375,0.817318,0.764717,0.679595,0.919224,0.995496,0,0.393754,569,6,0
0x9e47FBb2a2A27B3b02E4a63b3eF5A3dC863c0223,0,0.989133,0.914843,0,0.805678,0.968374,0.999644,0.113622,0.957831,1531,11,1
0x738C5DBcA9F2D022174c7AbF99DA5BEc001FC54d,0,0.602639,0.003082,0.000727,0.884674,0.206349,0.018838,0,0.551215,13,5,0
0x303b1Ca2602DF6E6bF8DbccbD6a9ec42f02c4fB9,0,0.416171,0.609884,0.617315,0.731803,0.264705,0.905644,0,0.266555,18,4,0
0x8a9546B65E95cCf4c4bFD7936360Dd161F108338,0,0.829687,0.288046,0,0.85985,0.596774,0.944843,0,0.851053,74,5,0
0xF42E5a69dB5b6f594da5f0694d2245fB9A845EC2,0,0.6,0,0,0.87093,0.038461,0.038276,0,0.532626,2,0,0
0x6F4229328c48f95e623dCbcF0702B49f060F31fe,0,0.6,0,0,0.773315,0.107142,0.105705,0,0.522604,6,0,0
0xBA6909d6Ebc92C1406321d8D76f1d88de6B7368f,0,0.885782,0.428774,0,0.615434,0.074074,0.869434,0,0.842377,4,1,0
0x459C403756532b4bb3d615e2aA260d5D4a107838,0,0.763059,0.171126,0,0.822068,0.509803,0.962305,0,0.789074,52,2,0
0x2F31791250359271913e9E0f6708fc756974F714,0,0.6,0,0,0.868941,0.019607,0,0.000999,0.5271,1,0,1
0xDbCdE4423E64Fb6b94E8e830FEa1f672E3C02397,0,0.6,0,0,0.773907,0.193548,0.029126,0,0.523595,12,0,0
0x89E63517F7b629F6AeE5fc209c963c100ee5e1c2,0,0.389599,0.166052,0.235338,0.842073,0.450549,0.614167,0,0.35006,41,3,0
0x87f16c31e32Ae543278F5194cf94862F1Cb1EEe0,0,0.786961,0.208408,0,0.85503,0.382716,0.989276,0,0.808289,31,2,0
0x8746Cd54FD7e558b552DF4249E5fc89fdC894E5F,0,0.728422,0.124237,0,0.729519,0.484536,0.588849,0.580631,0.666513,47,1,1
0xA8952CA1Db47402c6d9C2fc6a946f25D1d00F5c0,0,0.6,0,0,0.861988,0.038461,0.209236,0,0.545494,2,0,0
0xaFC428fEe1066bF9F4FA07f47e6B100c6161c580,0,0.593078,0.003489,0.005801,0.77538,0.137931,0.009312,0,0.509168,8,2,0
0x15117ac421E2d7fAfB19d4679a1c2F227CE09b19,0,0.187043,0.398438,0.524692,0.48751,0.074074,0.76187,0,0.107518,4,1,0
0x893749b78f4e80950449F8Aa2d50CE965606A7ab,0,0.287634,0.448821,0.528962,0.818196,0.565217,0.548695,0,0.206663,65,7,0
0x47729db247B5a2FD687585F2f4bac72b33b784D7,0,0.6,0,0,0.862616,0.038461,0.016522,0,0.528867,2,0,0
0x3ba27b9Df785Add7eb98Cd4884e0ac927bB69672,0,0.6,0,0,0.871609,0.019607,0,0.000999,0.527699,1,0,1
0xA52131202Dc0FBeA46596278eFA0537327fAb665,0,0.6,0,0,0.695781,0.206349,0.505586,0.831195,0.46578,13,0,1
0xa07F1e71DF5cc894522D125880A2F9a33Fc8e05C,0,0.596855,0.00359,0.003977,0.873085,0.253731,0,0,0.544592,17,2,0
0xCbFB6d03a00bd1ACbF8F0E5755Da97920a987F52,0,0.909633,0.506885,0,0.504344,0.39759,0.802924,0,0.863405,33,2,0
0x2A54705E188AA1567E8026477dc3525A7a69975B,0,0.6,0,0,0.774289,0.166666,0.110953,0,0.528475,10,0,0
0x57b608812bD017D6037f8e06e8322dEA2DB651F7,0,0.6,0,0,0.685872,0.137931,0.427065,0,0.533707,8,0,0
0x007516B126bC3655a3dd218d55b1EF5dBd0dfFA4,0,0.122448,0.53917,0.661016,0.725555,0.553571,0.866438,0,0.111463,62,1,0
0x5c5BA558d9c59b02b08972a6A9d158596B86019f,0,0.861816,0.362412,0,0.791565,0.206349,0.951617,0,0.851529,13,1,0
0x6e1A30Fd24a0cC60Fbc20a36900f47e771d3F6E6,0,0.60832,0.006332,0,0.731967,0.038461,0.00438,0,0.507154,2,1,0
0xdaE55f2C0367f24d13E72E75392CF2d68A450F7e,0,0.92475,0.564213,0,0.869661,0.707602,0.914677,0,0.92006,121,15,0
0x35e1Fe57067eF07f3B295c8f8651CBdbf95da23e,0,0.907024,0.805425,0.327923,0.77205,0.838709,0.983985,0.280437,0.847812,260,17,3
0x556c8c13f1E7df1f7621b560906E8Cf5F320BE7d,0,0.611825,0.009056,0,0.793588,0.253731,0.014584,0,0.544321,17,2,0
0x842333eBa5cbfc9bE5C3A4aD8353D03760109A79,0,0.6,0,0,0.834036,0.206349,0.93176,0,0.615139,13,0,0
0x06b2aF985059dF6a05e178F9c4D3cD6080abB1bA,0,0.821353,0.392309,0.075391,0.776898,0.870801,0.939583,0,0.842262,337,5,0
0xA06Fe8564A1D22eCd7C619Ca526dEE813450841A,0,0.517144,0.04586,0.074166,0.773231,0.074074,0.106823,0,0.420888,4,1,0
0x9b28837dEB55b014F7a37F2812d6eC042CE87cA1,0,0.972549,0.802817,0,0.809726,0.776785,0.999475,0,0.948155,174,3,0
0x28cB13Fafe10CdFB759434B8d49908fA74513e3d,0,0.601216,0.006853,0.003962,0.836097,0.768518,0.472462,0,0.624649,166,5,0
0x76347051C3220CeD0EcD35008e3868C0a2902497,0,0.935259,0.608389,0,0.738419,0.754901,0.9021,0,0.918957,154,2,0
0xB75b5fB518E7e1dC2d510E2C07d32035F4D3097A,0,0.314196,0.214386,0.312628,0.68928,0.375,0.394379,0,0.224599,30,1,0
0x32AC36cc7e4762cEEfD9291f093bF6BFAe6DefD8,0,0.974533,0.81523,0,0.792814,0.586776,0.989084,0,0.944975,71,2,0
0x5BfeA9592f7A16974a4bd45e4A9D2226A404fC28,0,0.97785,0.836541,0,0.666338,0.793388,0.985258,0.576956,0.931379,192,8,2
0x3e051c89cd06e6867ce98c758fCC665d2148E1bb,0,0.853332,0.341314,0,0.876423,0.865229,0.981436,0,0.881789,321,8,0
0xeea8478DB74436835847ceD493FB36858886A28d,0,0.765003,0.173995,0,0.791231,0.206349,0.26112,0.103139,0.712727,13,3,1
0xE5343937b623EE0564FBB7F13eb1E93C4eF90a00,0,0.748699,0.150754,0,0.883705,0.715909,0.989322,0,0.799629,126,9,0
0x8E4637E0Ee1C6638731569c380C8A42cfB785337,0,0.69459,0.085015,0,0.855413,0.122807,0.26101,0,0.654168,7,2,0
0x32d8030DB320D47bF40Ec75f305C4Da553fde5B2,0,0.452262,0.089251,0.140399,0.781999,0.382716,0.208985,0,0.379688,31,2,0
0x62dC7B2dEE66320E20d41ec14Dfd94460dEd671F,0,0.6,0,0,0.869271,0.038461,0,0.001996,0.528719,2,0,2
0xD34Fb0a1F58B8389b39D5D8Bc969bCf877E333Bf,0,0.6,0,0,0.762868,0.137931,0.064721,0,0.519367,8,0,0
0xFaF5Cf83230365d10D0Cb585B8678Cdf0c96E160,0,0.951781,0.68639,0,0.851488,0.848942,0.998196,0,0.93996,281,6,0
0xDD96f828B441c291FD3EAb12AFFB29B950945fe4,0,0.896751,0.463012,0,0.837503,0.39759,0.744923,0,0.883412,33,4,0
0xD16B426688Cd1A0E56585A2e1be8cAFebBeC42C7,0,0.6,0,0,0.487501,0.038461,0.032133,0,0.446076,2,0,0
0x820DD357A8727BE77fC08FC094027e3Be228adFC,0,0.784916,0.205039,0,0.647453,0.305555,0.181669,0.129957,0.706725,22,3,1
0x8DcdE7719b130816f165d1E521f7904b50847f11,0,0.25505,0.288631,0.403425,0.43886,0.074074,0.333244,0,0.127863,4,1,0
0x183AaF6e288F9998BCd4E1669E2d51d33905C312,0,0.807037,0.243503,0,0.737334,0.342105,0.473961,0,0.777005,26,2,0
0x0872b7209cAd52fa95af35F4BAF5653933105aB5,0,0.764077,0.172624,0,0.78479,0.683544,0.249361,0.101863,0.742984,108,8,1
0x8a1ef1C1031B8Ff8009ff735495D1700004ab14B,0,0.565251,0.018108,0.02982,0.733209,0.949186,0.016522,0.02629,0.535485,934,1,1
0x3503072dCA01E7480725d806a7F94c593c83e77a,0,0.896986,0.463776,0,0.826395,0.275362,0.799526,0,0.880084,19,3,0
0x6a9bBAD6E31A5cBabBD698e29478ad48169807f9,0,0.6,0,0,0.301951,0.019607,0.007739,0.037536,0.398029,1,0,1
0x287c42a3fe1fd1940FC8C2e19227DACB912E15B3,0,0.6,0,0,0.773368,0.019607,0,0.000999,0.505623,1,0,1
0xB760c457De1A7D0585780df42BFb2b1BFAaDE67a,0,0.6,0,0,0.502369,0.074074,0.54533,0.831763,0.414892,4,0,1
0xebe00620e22Ae221c870e75F7B55fb9cfD61BB22,0,0.874985,0.39755,0,0.439013,0.122807,0.696951,0,0.801992,7,1,0
0x40f008126547D1E65b08b299a082b64cb8F16e7C,0,0.6,0,0,0.862594,0.019607,0,0.000999,0.525676,1,0,1
0x2Ac792c65d20100D7EB0f8174ED2Dda29ab444d1,0,0.6,0,0,0.456057,0.484536,0.677398,0,0.534228,47,0,0
0x432332d7A0B003b784dac4e0BC2d9274141d9275,0,0.790682,0.214633,0,0.823629,0.418604,0.880018,0.55039,0.765815,36,1,1
0x6DD6B4A71fa9a4e0F849fC8cFCAEd5FEC0522401,0,0.6,0,0,0.570355,0.166666,0.043428,0,0.476731,10,0,0
0x3f802DC9100Ba8B7BfeD3059597A3CF2b6b2bdFF,0,0.823453,0.275208,0,0.515208,0.21875,0.240237,0,0.734417,14,2,0
0xD68947772Bec0Ad2A5Df6ADfB15A21e37E31813F,0,0.683664,0.073511,0,0.869373,0.714285,0.998991,0,0.743716,125,2,0
0x9957d6F3D37382c59dB20e3caBe3e4540b52bbA2,0,0.445409,0.204546,0.23953,0.859046,0.6,0.806957,0,0.433894,75,10,0
0x71d725C16f6f2dfB3c49557245d9B7fcb872EC3A,0,0.625653,0.020144,0,0.849487,0.090909,0.471514,0,0.596201,5,2,0
0xDb7142239D353f232D0A6A12D16FF1ac38f5B578,0,0.962632,0.744331,0,0.502448,0.090909,0.980687,0,0.906812,5,1,0
0xDE414a5Dd5313256E0B67478F20930AE9C82Ed1A,0,0.857141,0.350646,0,0.239106,0.21875,0.523537,0,0.745297,14,1,0
0xF649224Ff304Ac9acD1Ce86437d33a3ba96229F8,0,0.910675,0.510622,0,0.613032,0.615384,0.894825,0.419135,0.868825,80,3,2
0x2e2Fbe590BfDf3877Ed814606BaC785ba2e16538,0,0.60317,0.002391,0,0.861352,0.166666,0.034935,0,0.544637,10,1,0
0x515c5d5c52662f831e1AEa1dF2C4Cf410420A2FC,0,0.608758,0.00667,0,0.88251,0.375,0.323135,0,0.597558,30,5,0
0x0fAE34A66c550b07E1635C29A0eAE624BbAE928D,0,0.609663,0.007372,0,0.870811,0.295774,0.191592,0,0.578059,21,1,0
0x57aeb1C3bC806C0A53998ab5215a7a1022faf551,0,0.590565,0.004769,0.007924,0.870994,0.137931,0,0,0.526867,8,2,0
0xDC0386cD4BDe450275756220206202bD24C2d28A,0,0.651527,0.042475,0,0.881803,0.62406,0.714497,0,0.690449,83,6,0
0x6DFDd2a1536e1D2ce0173E9c1dB5A65ac32A5BE1,0,0.860961,0.360233,0,0.470816,0.404761,0.645992,0,0.804533,34,1,0
0x386dA568d678D4358C8Fe35E1AE7CD72145BE5eF,0,0.612398,0.009504,0,0.731857,0.038461,0.007542,0,0.511697,2,1,0
0xf7e9CAaaEEb6cC9657E1Dd490F044114AecC31B2,0,0.833634,0.29642,0,0.799209,0.76415,0.913981,0.685368,0.815395,162,4,1
0x8d297DECE2b80000A202a0D8209Ec89D4FAA20F9,0,0.737299,0.135541,0,0.735222,0.180327,0.35107,0,0.686379,11,2,0
0x3978Eee45211dAA06385316E3e5337E66fAE501D,0,0.6,0,0,0.692931,0.038461,0.090909,0,0.49723,2,0,0
0x80253D05b7c2a00349B7eD7368C3EDdD90A64dA5,0,0.709431,0.101514,0,0.812823,0.074074,0.330387,0,0.662677,4,1,0
0x484F9e7cf0d398a7Cb60322a149653B9687DFaA9,0,0.685678,0.075593,0,0.638924,0.264705,0.07885,0.124121,0.58372,18,1,2
0x481D1F1365D782D78fB581b6269dBC6E0e321969,0,0.485665,0.279363,0.280306,0.679267,0.431818,0.461728,0,0.380503,38,3,0
0x7020b947aC796c26b184e5386029356C6E86b77a,0,0.6,0,0,0.737544,0.693251,0.965791,0,0.637482,113,0,0
0x9279e54E020BD6bC5C6B0589175D30593c966829,0,0.6,0,0,0.531629,0.21875,0.850844,0.954199,0.447976,14,0,1
0x19391f0a0D3B6409e57fAEF5F62BC509433b3d2e,0,0.987307,0.903312,0.003962,0.832305,0.861495,0.99803,0.063154,0.956812,311,5,1
0x2f3e124882c8B54f1Ec9EeA73a0b4E8Ff7c83484,0,0.61439,0.011071,0,0.731841,0.038461,0.012248,0,0.514207,2,1,0
0xaA3Bfed8F77c06bBF7eb74f6675Ff7a0F11e2430,0,0.923196,0.557997,0,0.865144,0.635036,0.928791,0,0.917252,87,10,0
0x4932CcF774EAC9B5845191466C1F24706a9d9d08,0,0.6,0,0,0.741733,0.358974,0.433042,0,0.565807,28,0,0
0xDB110b8C4EEe50B9Cc39cA85D6adDAa46E9b612f,0,0.600192,0.000144,0,0.870981,0.056603,0,0,0.531083,3,1,0
0x2c0c0bc6278b94a4b2cF4A3C39F13CA31803f544,0,0.618313,0.014189,0,0.731938,0.038461,0.016522,0,0.518749,2,1,0
0xc6EFC790701335692F90bB98Ba00c4A205fff976,0,0.969453,0.783946,0,0.559538,0.468085,0.989144,0.151679,0.922322,44,1,1
0x518F53005F71daA0704c638BbD9b60237F925Dc9,0,0.6,0,0,0.770302,0.166666,0.028371,0,0.520372,10,0,0
0x679Bc30c2E80f26CAb5B38D983a56f56E1ec8e03,0,0.6,0,0,0.775299,0.166666,0.050873,0,0.523459,10,0,0
0xc6B91dEA8560eDc826B7C9972788B9987733F1EE,0,0.9246,0.56361,0,0.709603,0.696969,0.817338,0,0.905514,115,8,0
0x6901174d2886440Eb3Ca679D68f5c9D3a61ABd5A,0,0.606272,0.004756,0,0.731949,0.038461,0.002792,0,0.50486,2,1,0
0x91Bce7FaFe5F2f6F32e44b14D5d42970115f1D93,0,0.6,0,0,0.87688,0.056603,0,0.001996,0.532007,3,0,2
0x1a43aA64893d67B5856C0D232873eb35d0Bc12C0,0,0.853234,0.341078,0,0.741878,0.166666,0.814821,0,0.829905,10,1,0
0x95586633748927696010AAE1078643523A7523e4,0,0.6,0,0,0.806865,0.545454,0.998938,0,0.64261,60,0,0
0xe5e446197e3eE87c8C05F0Ac7459f94fF89c2c0F,0,0.854733,0.344722,0,0.504859,0.908759,0.993029,0,0.845962,498,2,0
0xe62330d7E675b10699f83fbadB9796913BB10d5f,0,0.581423,0.009494,0.015724,0.772821,0.242424,0.323776,0,0.531389,16,4,0
0xE5d6cA936A11153f5A227bDbc82FCdB184cCe642,0,0.6,0,0,0.726662,0.107142,0.010684,0,0.503808,6,0,0
0xcE8a4cd8BcDaF5E76a708c10Ba931D7b1a5e9EA4,0,0.6,0,0,0.277027,0.122807,0.80837,0.954742,0.380682,7,0,2
0x1fb76155048EFe984318F9a69DD590dEDC980cc4,0,0.590565,0.004769,0.007924,0.738172,0.137931,0.130132,0,0.508394,8,2,0
0x6f84c8a20f6Aef123Eea0aE43Fb6db1eC6cB7d35,0,0.983433,0.874108,0,0.788702,0.848942,0.994289,0.550743,0.943641,281,13,3
0x0468160657d5BA9c1967a02243fE5b56Fcd3C54F,0,0.837944,0.305789,0,0.641858,0.812734,0.865944,0,0.8381,217,2,0
