wallet,label,quality,depth,liquidation,age,activity,volume,utilization,handP,events,closed,open
0x97F0d7f9d9e7Fe4BFBAbc04BE336dc058873A0E8,1,0.6,0,0,0.683726,0.193548,0.773201,0.902448,0.559141,12,0,2
0xd34Cd7Eb8adBF33F3f528FE19377B5DFe07a6eeA,1,0.6,0,0,0.844215,0.019607,0,0.000999,0.535518,1,0,1
0xe667af0C909bBF0BCf12DE10055f1b340Ab24AfB,1,0.6,0,0,0.226881,0.090909,0.056069,0.165971,0.430605,5,0,1
0x1559529599351405e04Bc8900f6071fB99f489fd,1,0.817732,0.263824,0,0.450763,0.206349,0.260901,0.382558,0.741946,13,3,2
0x14B7f175e1895f56882C6F5223f84da90855fd20,1,0.6,0,0,0.572197,0.166666,0.376636,0.743655,0.492266,10,0,1
0xd68c6aC1A9353bA17d99f1f9BD62279BcDaD497A,1,0.6,0,0,0.521884,0.39759,0.237572,0.413833,0.530183,33,0,1
0x325B38bFD989ed85079135573e0e361ca7A2f44E,1,0.6,0,0,0.795761,0.019607,0,0.000999,0.527072,1,0,1
0x89967A15065ef498FC0Aad7c9009e6A03101c7E0,1,0.508366,0.0513,0.082674,0.730937,0.166666,0.16833,0.450247,0.434711,10,1,1
0xF246b6eF6Aa06e57749350350aA9bcCd745f5cE9,1,0.885467,0.427831,0,0.534377,0.462365,0.812312,0,0.908115,43,2,0
0xbcCC9caAaCAeAA32710d816d01ab36dAB4F2959C,1,0.6,0,0,0.057696,0.193548,0.424692,0.629492,0.425445,12,0,1
0x0c82abE3D9e8303ea3903377f8d43Eb9A1048a5F,1,0.840982,0.312541,0,0.26581,0.438202,0.61174,0.52205,0.800021,39,2,1
0x7E70E2b0c41a3d9723FD85b2D7dD55BD8c514173,1,0.6,0,0,0.246015,0.056603,0.007148,0.02629,0.435351,3,0,1
0x4704a489352F4Dd4901a60f71720cADA11DCb6b3,1,0.6,0,0,0.017635,0.038461,0.148646,0.466097,0.372425,2,0,1
0x80ea0aBdf734236Fe2002b62A316AfEBd174152C,1,0.6,0,0,0.17766,0.137931,0.241849,0.470619,0.426532,8,0,1
0x856aa6A15Aa283Eda79345E1682dA42561601fEd,1,0.882853,0.420073,0,0.769481,0.166666,0.886882,0.384597,0.895156,10,2,1
0x4a64bC685239a49Ca627c21103E17AD3f517D496,1,0.6,0,0,0.518741,0.333333,0.691281,0.889916,0.540391,25,0,1
0x6F89427203a4aB1011B9bE4624C299B8A8A4F56d,1,0.59537,0.002327,0.003872,0.864994,0.038461,0.001398,0,0.538145,2,1,0
0x27DD86F337f85a3bbdA0d7BCAfd24bCa3043Be28,1,0.6,0,0,0.201895,0.090909,0.006161,0,0.435258,5,0,0
0xB9702296c4C6AF3fB62e9523Dc08E5A451c12a0c,1,0.448803,0.758349,0.747381,0.795112,0.751243,0.98844,0.093577,0.523912,151,7,1
0x0da509599E87921993eeE64B64F3a1D5D5F36984,1,0.778313,0.194396,0,0.63779,0.107142,0.552332,0,0.769753,6,1,0
0xd92EA94b493824b63991fF5C4fFb8063bD04D54C,1,0.6,0,0,0.855263,0.056603,0,0.002991,0.542757,3,0,3
0x352E4b67aF5f82Ebc9B2947F885CD80B516ac649,1,0.6,0,0,0.583499,0.019607,0.017488,0.081726,0.484509,1,0,1
0x583d37f70CCE55Bf9967F63c73E9e96748B31D36,1,0.904189,0.487829,0,0.536723,0.206349,0.743273,0,0.90746,13,3,0
0xA7EC92d95f66Cf9829462e5cA1A63C8fAddD72d5,1,0.6,0,0,0.180522,0.019607,0.004182,0.020568,0.418827,1,0,1
0x3c4Cd1cbD9b4D933605502E248a7f12c816598Dc,1,0.6,0,0,0.629672,0.056603,0.11473,0.178307,0.503061,3,0,1
0xe843f6aF66E56d3d8093b1134FaF2698C8721BA4,1,0.6,0,0,0.670799,0.107142,0.131944,0.411418,0.497111,6,0,1
0xB2D2cf8BBD7d894e4A43Ed749fB15AB0241a4D44,1,0.6,0,0,0.827741,0.019607,0.000799,0.003984,0.532471,1,0,1
0x0441455e280D3a47e8Ab2b4C82f68274dFC8D8A7,1,0.6,0,0,0.020765,0.074074,0.129071,0.425947,0.378963,4,0,2
0x1257406255543f9Afa52cCbD513cc5f51E0265b4,1,0.6,0,0,0.082648,0.038461,0.01536,0,0.408577,2,0,0
0xABbA7BD80BB161bEEd55F4b727C147472bf3b278,1,0.6,0,0,0.118402,0.038461,0.001996,0.01088,0.411639,2,0,1
0x965eA515cC819dCa9E1E0B2a39c90F71eA75469A,1,0.58947,0.00533,0.008852,0.855126,0.056603,0,0.000999,0.53357,3,1,1
0xd801d9c0F4028Be3ad553346803B544A633C24C5,1,0.6,0,0,0.488385,0.056603,0.066293,0.26308,0.462664,3,0,1
0xE23E99eab6F162C9Cbfcd85e1FEAAF6A56360BFB,1,0.6,0,0,0.592055,0.152542,0.072184,0.118942,0.510422,9,0,1
0x6D3Ed6CD3c559f02CA6D66F1C00F329D33987d14,1,0.6,0,0,0.024321,0.019607,0.056603,0.230769,0.379999,1,0,1
0x1867168AdF4640D3c0e49074A8Ff94BA80A029B6,1,0.173434,0.424577,0.55152,0.719065,0.342105,0.789349,0.777827,0.219555,26,1,1
0x9Cb798880d7BA3fDD25e13e58995349Ea0EC742c,1,0.6,0,0,0.175165,0.019607,0.004777,0.023437,0.417723,1,0,1
0x73fcf3aA709E1e7512F70046968e652bD8a338d9,1,0.043579,0.792977,0.864571,0.690243,0.583333,0.981004,0.473407,0.209433,70,1,1
0x0e2E11b5c7AeaBD5B5910970f464703b8a074D09,1,0.536662,0.034195,0.055722,0.769527,0.180327,0.021334,0.043977,0.488051,11,2,1
0x3A14C0c4411e6a273289832fA31B85ca58e45Cc2,1,0.632261,0.025643,0,0.775614,0.675324,0.894119,0.942143,0.6842,104,2,2
0xcc5A1db7161a3d45097514B2850c837c33Fcc303,1,0.597676,0.001164,0.00194,0.861613,0.038461,0.000199,0,0.539424,2,1,0
0x12f07950E259b535405e8391a00428214D0Eed44,1,0.733264,0.130346,0,0.573745,0.324324,0.428375,0.32341,0.699084,24,2,2
0x4Bf0827308899e9D44896844aAeCC007Ba0DE617,1,0.316303,0.726016,0.759692,0.6187,0.603174,0.989877,0.425058,0.34887,76,3,1
0xaaa2e491017588929Df7159c2c837b3B84d190B9,1,0.6,0,0,0.385236,0.074074,0.042512,0.137187,0.456298,4,0,1
0xC04b02292767558b15eDe50b735c4Dd90620EA6e,1,0.6,0,0,0.587096,0.090909,0.042879,0.091734,0.498637,5,0,1
0xffA2bd2BF9BFEBba160670580Cc8FC9E85f67513,1,0.6,0,0,0.071334,0.206349,0.872073,0.956014,0.46371,13,0,1
0x2a442cD32E9265857B80C1D50224c2cB31ae7264,1,0.322437,0.205244,0.300901,0.714917,0.333333,0.456167,0.473684,0.322405,25,1,1
0xE06ea057Ba86179Bd1138F8C7f71E0a89B3ec9B8,1,0.677176,0.06692,0,0.728394,0.275362,0.582811,0.599411,0.654516,19,1,1
0x1889aaAC3BDe2Ea77E4423b3d0d696eC53f821D3,1,0.974394,0.814347,0,0.541421,0.76415,0.962383,0.411082,0.971741,162,7,1
0xf97E7B884A8B69D7174139a4dCAB0A6284855d4C,1,0.6,0,0,0.55759,0.056603,0.462192,0.811285,0.479281,3,0,1
0x450752e8C50A35354cEde46Ff9101898Dd1AefD2,1,0.6,0,0,0.639739,0.285714,0.94157,0.987344,0.581576,20,0,2
0x24bC5AC63626E235D099Ba40E68E161cfa5dF382,1,0.6,0,0,0.254754,0.056603,0.037906,0.155405,0.428707,3,0,1
0xA2685fEF11ED9074103D839D6E8F0FaBEDe5742F,1,0.808184,0.245625,0,0.732219,0.514563,0.918857,0.4932,0.848763,53,1,2
0xa700A0E2c5c29314E85457B9B6b4b494b0C526cC,1,0.84651,0.32515,0,0.397839,0.242424,0.76729,0.593232,0.812794,16,1,1
0x76C54dE875eB44F735331B31b59AcFBa2c7a5A0C,1,0.6,0,0,0.582236,0.019607,0.014584,0.068901,0.485135,1,0,1
0xfdA6f7aD3eCdfe18AA5f22cB55867e9BD5EA5Dd3,1,0.415667,0.117417,0.181489,0.519421,0.056603,0.121574,0,0.335949,3,1,0
0xB54c49284d227ABaFA62eCeF214bd6b058Ad50f1,1,0.6,0,0,0.173754,0.019607,0.004182,0.020568,0.417675,1,0,1
0x447024B90D9cdcd3A33C05b4512490a823e85ebf,1,0.6,0,0,0.177759,0.019607,0.004975,0.02439,0.418101,1,0,1
0xa14dd0D228D0f288e8924d70DD5211961930337F,1,0.571129,0.458462,0.382551,0.7659,0.590163,0.966313,0.003998,0.681524,72,3,1
0xA4A3b082c17b15C9EEe90b3aF70e7E7922A86e0B,1,0.6,0,0,0.056912,0.019607,0.941175,0.987654,0.440594,1,0,1
0x89d040dD8369c615A7CA1F47914BF95c809bF0ce,1,0.6,0,0,0.706486,0.21875,0.937919,0.984902,0.582873,14,0,1
0x0404c6FDB565dFAdaE1f38AF03706F5C1c90BDE7,1,0.6,0,0,0.120256,0.253731,0.201022,0.407231,0.433924,17,0,1
0xfC52926BbF7309a7fDae8b561E8C541b5D83c487,1,0.685214,0.334434,0.181009,0.598709,0.914821,0.846945,0.492428,0.765602,537,4,2
0xd9ECAedC276b363a70E1Ac4FaF156cb5fD8121D5,1,0.6,0,0,0.613817,0.019607,0.047437,0.199359,0.482547,1,0,1
0xeB5F6D9cBbb5f98b65CCc3958b659D2841b3Ca2F,1,0.09461,0.61576,0.727587,0.75097,0.264705,0.939354,0.980563,0.172002,18,1,1
0x1c916dE24A80546e04bBc5478D0B72CD6c70C23f,1,0.6,0,0,0.693998,0.019607,0,0.000999,0.509289,1,0,1
0xF5D4c7C3949d3369dC7B6ac0CD7F21878F38a7eb,1,0.6,0,0,0.306256,0.056603,0.002195,0.004975,0.447116,3,0,1
0x9dDcF4FA7525D073B3DF66C84E3607E3F5f6e8CF,1,0.6,0,0,0.602531,0.090909,0.356167,0.684243,0.489082,5,0,1
0x21C62a3606A99BA32b91b3d1CB8dc5183D53B8aF,1,0.6,0,0,0.875099,0.253731,0.646468,0,0.666564,17,0,0
0x5ccF4a79F3068B5e5E2F3F897610497352a50E17,1,0.598598,0.003147,0.002805,0.856178,0.137931,0.015554,0,0.556458,8,2,0
0x93C3a14Eb609B29fd1bD410ec0Cb60498C3EE602,1,0.277808,0.25812,0.36704,0.747018,0.137931,0.444197,0,0.301679,8,2,0
0x103D5d562D9A094ec013D1539d78F39d5b2527b9,1,0.850916,0.335512,0,0.264712,0.206349,0.538958,0.335788,0.794731,13,1,1
0x6a83d2Aa568052AC78D76691c78cB38841dcC296,1,0.941608,0.637034,0,0.762622,0.606299,0.98341,0.166178,0.96094,77,1,1
0x28bc371c773FDAEA0cCbf9742205f8711d880525,1,0.468314,0.641884,0.623233,0.753774,0.725274,0.925184,0.548884,0.502888,132,7,2
0x70F7D15fd9F56350B0354B7502F2482a51F02c52,1,0.878453,0.407328,0,0.293856,0.122807,0.833316,0.529415,0.839564,7,1,1
0x1ab8C416D4abE3253e56B319818D7d6b61c933B0,1,0.597667,0.001169,0.001947,0.84116,0.038461,0.000399,0,0.535888,2,1,0
0x27cFf1ca51FcE6765b8206D2085F1280d26aA188,1,0.6,0,0,0.717145,0.166666,0.079698,0.284692,0.518976,10,0,1
0xA687580658d2400e6D847fe93721246616ab0c3c,1,0.6,0,0,0.026948,0.056603,0.24778,0.622499,0.375779,3,0,1
0x19dd9792b27D6A0de1A86399b32cec671b10dD41,1,0.6,0,0,0.599699,0.090909,0.620378,0.890996,0.50754,5,0,2
0xffF68a87B36fB5634456346Cb39256F13cA97a21,1,0.231666,0.322942,0.442886,0.877467,0.264705,0.628031,0,0.320231,18,2,0
0xD204B83ce5F676598c2c746Bb00C23ED9E129545,1,0.869282,0.381956,0,0.840771,0.632352,0.980006,0.937661,0.899114,86,1,1
0x6A8835C2eff93de722c676420Ce41Ff9913a44f2,1,0.6,0,0,0.601526,0.090909,0.242079,0.476165,0.4926,5,0,1
0x17eA2684AC5d1a177E8C93d37500eC5270f5791e,1,0.6,0,0,0.505454,0.230769,0.745767,0.857468,0.534134,15,0,1
0x54Eb9Abc93a53fF69E895A9379ef84DdB7596DAB,1,0.429025,0.106788,0.166152,0.763088,0.494949,0.158674,0.047619,0.452116,49,29,1
0xeE5793A380795Ea69AdA27c6b2229010b4a0d2F6,1,0.6,0,0,0.0209,0.056603,0.657487,0.905651,0.406326,3,0,2
0x2835540068125dC9BCeb9C94dDec80DEE380e4a3,1,0.645435,0.319204,0.202778,0.81383,0.484536,0.852459,0,0.74772,47,5,0
0xdCD4EA21bb684d2283C177595fCEcA61167A357F,1,0.625026,0.019629,0,0.722968,0.090909,0.097309,0.324236,0.531442,5,1,1
0xC5a2E65a9e056AA3E29C19071B57Ff1B2c78F62b,1,0.6,0,0,0.234211,0.038461,0.016328,0.076638,0.427066,2,0,2
0xeE11722D793c069dDa36097f9e20739f6cA5AC62,1,0.749639,0.152045,0,0.781515,0.50495,0.471737,0.406818,0.764006,51,1,1
0x465D847d32f94D8d423c3E8381Dd6eC2cf8BAf61,1,0.115811,0.556392,0.676418,0.697989,0.450549,0.746976,0,0.240611,41,2,0
0x9dfD0Bd438A1dbD8317BeBD43156e5fCFf9bd47E,1,0.218531,0.554289,0.644187,0.793131,0.823321,0.885001,0.065904,0.377565,233,3,2
0x28Ca7f837EfFe3abA976B3e7f3501118ACA07536,1,0.6,0,0,0.720855,0.122807,0.606206,0.807655,0.539652,7,0,1
0x07756F3D2317B36048102c4485Cd68cf3E3f0f7F,1,0.696398,0.08697,0,0.679789,0.152542,0.06542,0.078609,0.626156,9,1,1
0xc098E15c3Cf64F19e2b702A61eE289b761Aa06E9,1,0.677343,0.067087,0,0.713032,0.038461,0.039938,0,0.598887,2,1,0
0x096c11eB6d28b203d89A5EC45C3C89076fa43b77,1,0.454129,0.087892,0.138379,0.59726,0.074074,0.038276,0,0.373728,4,1,0
0x10b0000Bb4B7a07ab03f2d1da71A505B41F2BFB5,1,0.6,0,0,0.072954,0.019607,0,0.000999,0.401898,1,0,1
0x59d4Be956a4D81e710444b32D10ac303577e7178,1,0.6,0,0,0.590859,0.019607,0,0.000999,0.491243,1,0,1
0x4acd83FdEe93bE3cd84748595624855F85BE5145,1,0.6,0,0,0.672268,0.642857,0.504999,0.838004,0.590032,90,0,2
0xB48365dBF99735255d196ba8F2d8320dA519826d,1,0.6,0,0,0.753219,0.074074,0.007739,0,0.529052,4,0,0
0x2e14bFdc26209761C7fd045BF60770e3cfC4cdaF,1,0.955387,0.704997,0,0.397843,0.375,0.965791,0.487803,0.946118,30,2,1
0xe30d89E3B71270691d62c014BD64C756Fe318777,1,0.511997,0.049035,0.079139,0.679695,0.382716,0.028937,0.02629,0.482672,31,1,1
0x67FDD7770A6E268B34ABe6A6E6FC5B4d511b2fB0,1,0.6,0,0,0.179572,0.122807,0.848466,0.909082,0.47124,7,0,1
0xBCC6314E015BB71F6b35D36742E230bDB96F912A,1,0.6,0,0,0.047101,0.019607,0.001796,0.008919,0.397055,1,0,1
0x5c23611C7EcDc2F1F7e48d91B6a92002A7ba87C1,1,0.7054,0.096929,0,0.41865,0.152542,0.304976,0.542715,0.582504,9,1,2
0x682F341c239e58946679a91d87d37AdD877E92e1,1,0.6,0,0,0.206704,0.137931,0.647738,0.885386,0.450647,8,0,1
0x79d5BEeb0B1733996552e2508a83A19D3f82ac00,1,0.395676,0.164677,0.231197,0.656868,0.350649,0.103621,0,0.374411,27,5,0
0x18FE5d4Ab72b1f635A86615B3C8d5d0C0ee2A284,1,0.611033,0.169054,0.112195,0.749906,0.739583,0.917514,0.96892,0.673166,142,4,2
0x9E7638bF4eF1FFc05C653399AB418c8ce6bfE153,1,0.6,0,0,0.218012,0.019607,0.005766,0.028182,0.424718,1,0,1
0xe35Ca7bA2bE5548065BDdb374E02E0410C2E7344,1,0.6,0,0,0.177939,0.019607,0.00438,0.021526,0.418324,1,0,1
0x7fc3463E748a2781839f4fdE1EeDFe3948093B54,1,0.6,0,0,0.069802,0.056603,0.011857,0.038461,0.404814,3,0,1
0xb7C1763BDA0051F39373382274fA824ABe7328Ae,1,0.6,0,0,0.726965,0.778761,0.896289,0.863797,0.670044,176,0,1
0x1DB3c25C262d3326D0a5A16486873FD1DBD4Ec6E,1,0.555156,0.023659,0.03882,0.752015,0.305555,0.038091,0,0.527639,22,2,0
0xD54DaA05976cD37816868Fe800a4DB5D99DDD22C,1,0.98424,0.879728,0,0.505169,0.942987,0.997167,0.289956,0.97959,827,7,2
0x0a65BBECe3910d919424A289A40224C92555Eb22,1,0.6,0,0,0.530018,0.038461,0,0.001996,0.483329,2,0,2
0xD2a0Ab0439Be3919E68D764ea7831f39CcE992D9,1,0.6,0,0,0.430117,0.056603,0.665372,0.908617,0.47772,3,0,2
0x3ddA93E5F5013573AF434cb3dF813958301e72A6,1,0.6,0,0,0.126162,0.038461,0.001198,0.006951,0.41322,2,0,1
0xFF76d3D35a8795f9fC8E8C1cA506BDbF1B85fBb4,1,0.607403,0.477969,0.373196,0.349828,0.404761,0.522946,0,0.560774,34,4,0
0xd3AdC2F41D5e4178752DaAba267b17F9aBB5bC85,1,0.6,0,0,0.704011,0.038461,0.001597,0,0.514206,2,0,0
0xB5aAcabc21437FE95352d0D55168D49CFAd6745d,1,0.6,0,0,0.603466,0.038461,0.431753,0.784389,0.482707,2,0,1
0xf55e25590BdD87D591Cb6256E126181C306Bcb2E,1,0.610004,0.007637,0,0.609512,0.107142,0.093874,0.341013,0.497241,6,1,2
0x5b8B87331E484afb35138DA956aa30Be26c1f22F,1,0.618529,0.251775,0.1699,0.671125,0.789029,0.518025,0.171332,0.689007,187,5,1
0x4Dbe6Edc37e765a4Cde20020799db5632096cCa1,1,0.6,0,0,0.553046,0.333333,0.086924,0.260355,0.518776,25,0,1
0xdE2e52AA72C8e6C60dB7854fDd2Cc52FE2905031,1,0.549981,0.135081,0.124456,0.695971,0.68944,0.102172,0.025915,0.574161,111,9,1
0x51A310d4e28d629a903980f86824B37b144f2546,1,0.6,0,0,0.335173,0.056603,0.000999,0.003984,0.452046,3,0,1
0x980B8fd0Bd8b2406Db163a9E5ca83d6ba2C58d61,1,0.464372,0.080561,0.127425,0.620452,0.038461,0.073902,0,0.386858,2,1,0
0x78dA4eFC1416B689cf880CF004fdb58f896B8491,1,0.655604,0.046198,0,0.572698,0.576271,0.847234,0.959551,0.653014,68,1,1
0xc73E72DA39D7DC3a41faF8e6A9F51393bE9aab3A,1,0.6,0,0,0.285493,0.056603,0.487337,0.78782,0.43809,3,0,1
0xE6f3Af59A2cA82aFcC242c1173Ad9a120D9B0026,1,0.744666,0.145279,0,0.6139,0.382716,0.659121,0.669284,0.724158,31,1,1
0xbe1B2db106CD4D2644f59D8EF6d5C0c4DaA374f8,1,0.6,0,0,0.18621,0.038461,0.019415,0,0.426798,2,0,0
0x9bC1A086DF97eBE5ae4eafb496b92cDfe13a0292,1,0.988156,0.907682,0,0.819834,0.759615,0.999279,0.77726,0.979468,158,8,1
0x935CF12eb34d6A8B2bF76cF6f989b914cb7aCD45,1,0.6,0,0,0.169716,0.019607,0.005964,0.029126,0.416416,1,0,1
0xb938ef5ecbeCB592B111b1A1b91f252480E2193b,1,0.33315,0.731172,0.759402,0.831045,0.315068,0.988568,0,0.393392,23,5,0
0xb46a9c485b03a4028e4Eb7E593c3bdAd52fBe0db,1,0.6,0,0,0.095204,0.038461,0.090743,0,0.421692,2,0,0
0x04515f25B287b931a88CFa541163697bED0F8d77,1,0.6,0,0,0.29843,0.712643,0.11801,0.222999,0.53944,124,0,1
0x55A663C01b12D8f8B9f1A6098e41C9d69722bE60,1,0.65679,0.047293,0,0.756102,0.107142,0.034935,0.076526,0.586627,6,2,1
0x741b8C1eED6a6E4cd485f81cca148dC3731290d6,1,0.624489,0.019189,0,0.630344,0.603174,0.074074,0.010406,0.617258,76,1,1
0xB746c9CDE7E8D0420E2e481DB627D38f4cd17e7C,1,0.764212,0.172823,0,0.232728,0.473684,0.293485,0,0.712441,45,1,0
0x76b2Bb82D1464FF57D5314606576417c02dAd3C6,1,0.6,0,0,0.529952,0.019607,0.374921,0.749937,0.462002,1,0,1
0xBC85afDD1fA756095689bfDC166dEe43AE4C0b22,1,0.6,0,0,0.572903,0.166666,0.22009,0.565972,0.486678,10,0,1
0x7a76ca75B09970D490c8061587A49a4703b1FE7A,1,0.6,0,0,0.568908,0.206349,0.844657,0.964537,0.545628,13,0,1
0x74830D0147f64A729cDE7e6e8dCe108ba3E21dF4,1,0.814494,0.257544,0,0.280569,0.193548,0.334309,0,0.751104,12,1,0
0xa86F48806ED300bCFCe5D056cf8D81Efbe55580b,1,0.6,0,0,0.870687,0.074074,0,0.001996,0.548132,4,0,2
0xABfF5137613318575B40045359A61023Af265F92,1,0.6,0,0,0.342372,0.230769,0.80905,0.954952,0.505392,15,0,1
0xc9cD150C362f4c10460677BF2CF294F2354d6484,1,0.937472,0.618196,0,0.855415,0.629629,0.980298,0,0.964134,85,5,0
0x32CBB641fEE5Bfe6c26A6EeBFbcEC96fe36aF2c4,1,0.6,0,0,0.726849,0.206349,0.840789,0.923336,0.576333,13,0,1
0x6D0effB6f0783Da1fCBfB0146179AA0b41814e4a,1,0.6,0,0,0.473127,0.090909,0.293086,0.673095,0.458185,5,0,1
0x49C45b4dB0e663C58e92016a7D4db78dE0e1e26f,1,0.963381,0.748555,0,0.83988,0.90403,0.996334,0.277257,0.976317,471,12,1
0xDA33E6230ecB4872d7f073cfc704B8279e18fAB3,1,0.969953,0.786954,0,0.749088,0.944506,0.999376,0,0.980179,851,9,0
0x464d3B538A46DC6E560E8aF949317e1710d6c2Cb,1,0.6,0,0,0.494399,0.019607,0.061209,0.245852,0.459149,1,0,1
0x6E1ac8d73BbB47A95AA49cB04819A70bB8A374Ba,1,0.956401,0.710345,0,0.6171,0.96249,0.980786,0,0.973168,1283,3,0
0x34b4EB50932ca095aaCAE07A2cAfA47A350A90E4,1,0.6,0,0,0.124949,0.137931,0.067164,0.255398,0.412986,8,0,1
0x9ad3aa178457E7038C68f57349e866CC9eE4e05a,1,0.452262,0.089252,0.140399,0.161466,0.090909,0.075614,0.218139,0.292498,5,1,1
0x2b04E1B0Bd631b7c90652E6A81E8813de8dF46d7,1,0.6,0,0,0.8562,0.038461,0.001796,0.008919,0.539896,2,0,2
0x519aD3E42AFa2009FE7d516193fe8b90a22e9532,1,0.878127,0.406399,0,0.289454,0.152542,0.787161,0.589752,0.834102,9,1,1
0xD211b268fc17556C0cF8540938CE5C61f0E18E90,1,0.6,0,0,0.186133,0.796747,0.98239,0.806763,0.602302,196,0,1
0x2C1c2Fd3e3BD8d346426d0972267FA605D143d68,1,0.6,0,0,0.792363,0.107142,0.31945,0.648999,0.522736,6,0,2
0x94599741aAda66A4687c4a533f4B91C208B5Db4b,1,0.706253,0.097892,0,0.742918,0.230769,0.719037,0.476975,0.708011,15,1,2
0xC779beaB0b66743274c7FFE8fdcf926Ad27E2C1C,1,0.6,0,0,0.355138,0.038461,0.001597,0,0.453295,2,0,0
0x402D8EA8f7ea89278A2C75b7E6C0C2BdF1C0d743,1,0.846555,0.325254,0,0.389802,0.21875,0.325327,0.356752,0.782142,14,3,2
0x5439ca6b34985aD93046b0D7ad289780769F7569,1,0.14583,0.483018,0.608943,0.747648,0.275362,0.666511,0.230177,0.222654,19,2,1
0xdAc7a91516112703448B5d1fbC8B679fcE838E8A,1,0.266917,0.273515,0.385197,0.84977,0.253731,0.324141,0,0.306678,17,2,0
0x277E47845E16ce59966e7dCb043ca107488cb014,1,0.515547,0.827148,0.796167,0.792134,0.913644,0.989606,0.484343,0.540791,529,20,2
0x7975562AE802d2887C2EE68224f0677446BDee63,1,0.828557,0.285686,0,0.521199,0.367088,0.855068,0.677671,0.81988,29,1,1
0x3dF71d46F65f4C5577bF6B9d2B524d13A61D6248,1,0.6,0,0,0.07981,0.038461,0.599935,0.882325,0.407569,2,0,2
0xFfBC80FF1aa3c834e84Bc40dEbBb6FC4EA0eAc97,1,0.6,0,0,0.380621,0.122807,0.603552,0.88395,0.472197,7,0,2
0x95E54CcAfe8f4b26780Fba976d68259510ab72A4,1,0.6,0,0,0.504905,0.166666,0.154119,0.467234,0.474775,10,0,1
0x86198b06e4B9212A147fe4D8206D67d94C6ebdbd,1,0.663713,0.053781,0,0.653599,0.324324,0.049429,0.060143,0.611404,24,2,1
0x6Fb660Af10f2F3e0b98Db5D78FC0459E8BB9f9d1,1,0.6,0,0,0.374022,0.090909,0.456403,0.761848,0.456477,5,0,1
0xe4fb0e55D645cE44497D42C662B1fe26F1b20Ea6,1,0.6,0,0,0.605349,0.166666,0.135247,0.330655,0.503157,10,0,1
0x909112fE83BeC22CA1904947606f175192C9757c,1,0.6,0,0,0.73576,0.019607,0.390169,0.761848,0.49904,1,0,1
0x49519953C86ebbdaFd3f6DE43E9d37665Cddb294,1,0.582888,0.008729,0.014465,0.844113,0.090909,0.000999,0.000999,0.531036,5,1,1
0x4BC1d23C5208cAC48C57bbeDC529dB1Ccf2c5AD1,1,0.6,0,0,0.246729,0.090909,0.021143,0.095022,0.43584,5,0,1
0xb7e2371628B7F12e9b68429b1208f781225f0878,1,0.511819,0.134529,0.145709,0.649118,0.166666,0.106504,0,0.454398,10,2,0
0xF19a459b18db814BBE4a0BeB3fB0f1DD6De9ef8D,1,0.6,0,0,0.484263,0.019607,0.009704,0.046711,0.46951,1,0,1
0xC154FB2dA848A650f46d45d4c0a4fE93709b9995,1,0.6,0,0,0.716127,0.230769,0.936379,0.986595,0.585874,15,0,1
0xCCb4942E6BA5Ad22B94e7298257999d77acbF5Bc,1,0.346014,0.749457,0.772079,0.72337,0.253731,0.949047,0,0.367448,17,3,0
0x6792c4bDc1b45EfA131ecCa985A28EF5c4622E48,1,0.416995,0.577088,0.586334,0.876405,0.810606,0.993573,0.676631,0.502044,214,10,1
0xc16194b63f2949eC94E085B304caB3Fbaa38eaea,1,0.6,0,0,0.564271,0.137931,0.414656,0.780171,0.488621,8,0,1
0xAb1a6107419964dF5502EF550AA05f92f0cE9C65,1,0.6,0,0,0.458882,0.019607,0.002394,0.011857,0.467466,1,0,1
0x0699F5caD1dCD69725a342D4e9447e5E8144b70E,1,0.60967,0.007377,0,0.755732,0.206349,0.693589,0.915709,0.569425,13,1,1
0xdee2Cd63Da94dc04Fc7136816A0b196DEdDbFaBA,1,0.6,0,0,0.021282,0.019607,0.705865,0.923071,0.406357,1,0,1
0x4763CcbA2279AFeB01d103213be493A20e54F3F7,1,0.558249,0.75688,0.698156,0.75362,0.98,0.96639,0.069566,0.640346,2450,13,1
0x1fECcD8fF0e5bfbf6d5a9DB414F4890a0a03c29D,1,0.958894,0.723705,0,0.731602,0.710982,0.953171,0.326573,0.968051,123,7,1
0x02Bd3C049503636Bd690755D4eC67b027787950A,1,0.6,0,0,0.436151,0.038461,0.499949,0,0.541988,2,0,0
0x5b306bd7f50555140bde0024e2f4E5554cfB9e86,1,0.317977,0.210158,0.307221,0.707553,0.230769,0.392245,0.042145,0.333259,15,1,1
0xDFfb45e1945C3aC689065f2D476d6c1265bFb946,1,0.96424,0.753436,0,0.778533,0.468085,0.995796,0.385934,0.967219,44,2,1
0x4D0084dD01db4ACbc9622Ad02c5306a55f5A87Ad,1,0.6,0,0,0.40234,0.019607,0.333244,0.714204,0.43725,1,0,1
0xf268946f6D8Fe6899f8dC4CE379F754373C2C882,1,0.6,0,0,0.184909,0.019607,0.330028,0.711233,0.400046,1,0,1
0x9830d6B37fe7488707cC4AD7F8B481D75eB2a8C2,1,0.600242,0.000182,0,0.859554,0.074074,0,0.001994,0.546427,4,1,2
0x498a5F13f44f3BA8e0E21E531de5b8B69C977F46,1,0.6,0,0,0.486892,0.295774,0.235824,0.606918,0.489256,21,0,1
0x591db7CCbe8c5f75CC62e6f5dd6ED5c6bcF16F19,1,0.6,0,0,0.10468,0.038461,0.073731,0.285203,0.393294,2,0,1
0x1E98b1313d03Fdd3eD908B90412c0459372a559d,1,0.410633,0.121533,0.187374,0.744477,0.122807,0.207104,0.285203,0.361982,7,1,1
0x27ca59Abe4A42Cc519046Fe465fC201E1891F25F,1,0.6,0,0,0.005204,0.074074,0.036794,0.162479,0.388214,4,0,1
0xeD1B9b20E1C14525d3bD2A740942A7d99c0d2D3f,1,0.659763,0.050058,0,0.585374,0.090909,0.017295,0,0.563007,5,1,0
0xe0497f17aF2245907E63B4a655C3C7Cf1B5820ff,1,0.6,0,0,0.437574,0.509803,0.860362,0.968608,0.56978,52,0,2
0xbeb69E7ac7f59BDb79b89fc94ED862c6B39F3C00,1,0.590565,0.004769,0.007924,0.812985,0.137931,0.9351,0,0.672423,8,1,0
0x57cb15A2168F7B0E289b7d395aBfE711398981ad,1,0.6,0,0,0.639974,0.484536,0.787586,0.933043,0.593399,47,0,1
0xf0158F64010440bE7271B8A6aFF23dcA350c73bE,1,0.60237,0.001785,0,0.862607,0.074074,0.23065,0.54313,0.529558,4,1,1
0x66D5b5aAA0FE86746b807500487047C41856Cbc7,1,0.6,0,0,0.406456,0.019607,0.021334,0.098286,0.452586,1,0,1
0x2f323fbEb46A0B9451381986EB351aCA5e4d13b3,1,0.648314,0.039582,0,0.841729,0.333333,0.790584,0.807273,0.661816,25,2,2
0xA503CaadC4767CA98d5F4Ade44716fF7573065fd,1,0.619399,0.015061,0,0.702881,0.152542,0.140154,0.391686,0.531326,9,1,1
0x9c6c85323Ae3E695bA36D17c86f3ec2242cF712A,1,0.942319,0.640343,0,0.640166,0.814126,0.995726,0.961676,0.949819,219,3,1
0x285eB0160b503D02137775AF4Ca4914631a10554,1,0.6,0,0,0.535799,0.107142,0.049429,0,0.50225,6,0,0
0x7eC6331188468269DC7C1Cf6a84C972632178B1E,1,0.6,0,0,0.566811,0.367088,0.550925,0.774825,0.544294,29,0,2
0x9457EEC3fb68292266a129A0Ea78251Fc8324f23,1,0.642815,0.034712,0,0.838272,0.468085,0.915688,0.908009,0.681783,44,2,2
0xceFD881cC962Af7E657657cc1A3382Fc99c374E1,1,0.920888,0.548907,0,0.636925,0.691358,0.760834,0.321505,0.937644,112,5,2
0x1Ccc538b03A84967B80aFf857fACcAF2368EcD8C,1,0.281518,0.399276,0.48853,0.830243,0.242424,0.899307,0.589903,0.321578,16,2,1
0x4841F0B35eBF245174269ae12B23075e1b6d8df3,1,0.6,0,0,0.870098,0.056603,0.002394,0.001996,0.545788,3,0,2
0x88eCd904Cdb88B9c3F8A2fEfec836a8e53e15635,1,0.951383,0.684372,0,0.823165,0.81203,0.992031,0.531111,0.966585,216,9,1
0x1c50f59b6D6b1f4346090B008DA20C237Dc89198,1,0.6,0,0,0.230625,0.315068,0.631974,0.804075,0.487012,23,0,1
0x79F8795918D807Ca55127f2338381D5f89527F39,1,0.6,0,0,0.221456,0.019607,0.006754,0.032882,0.424992,1,0,1
0xA868a1254b57b900A0cfFb12E6397572A6D0e5aC,1,0.191569,0.390098,0.515976,0.641018,0.107142,0.794458,0.777034,0.199755,6,1,1
0xdeFF3dCbF7e6023DE44b090A84D48418661304B6,1,0.6,0,0,0.155738,0.038461,0.097146,0.350227,0.398982,2,0,1
0x76b3e78012f776aCFF52BAE02febcb5869E5B0f8,1,0.6,0,0,0.768545,0.056603,0.090743,0.165971,0.524979,3,0,1
0xBeDbA1AcCaB87460F80CE52C249Fb2D7149d5Ab3,1,0.558438,0.021839,0.035877,0.862233,0.122807,0.100233,0.17287,0.51457,7,1,1
0xcC4a3aaf16069db754290955093fC770e72A65F1,1,0.6,0,0,0.318973,0.038461,0.000399,0.001996,0.446654,2,0,2
0xc6D9404F85c8d18A7Bc1305c87ed00D1ca665211,1,0.300984,0.487227,0.556835,0.623227,0.21875,0.736022,0.734406,0.260451,14,2,2
0xA97B8168706A696dadA0d652B60f7a486AaB0FF8,1,0.6,0,0,0.846551,0.019607,0,0.000999,0.535925,1,0,1
0x9975b4739Ba9bd714B26964F3d6478f8ccB80D24,1,0.474358,0.07361,0.116945,0.705866,0.565217,0.151103,0,0.499975,65,1,0
0x68B698FC219c7C974F14d59be03FB54E8e076D69,1,0.6,0,0,0.606261,0.074074,0.756049,0.93939,0.521661,4,0,1
0x14Ba051502c0d7D41d83a9ee75a3DFaf3C9866B8,1,0.6,0,0,0.265619,0.206349,0.798362,0.951943,0.486999,13,0,1
0x89423E6f5C39c311fdB497fF3c826879F6716E57,1,0.6,0,0,0.376906,0.137931,0.804763,0.953735,0.49699,8,0,2
0xFdCA78134C7Ee4bC24DF00691bB1f34E494a04f0,1,0.959496,0.726978,0,0.826219,0.565217,0.943156,0.56984,0.964289,65,7,1
0x90526e89f3B28A37C7973906A7862C0FfD80316A,1,0.195679,0.382667,0.508145,0.647062,0.180327,0.768454,0.860607,0.202285,11,1,2
0x8562BB02d1bC052752B7F4F8F761A75637F6E862,1,0.6,0,0,0.287207,0.180327,0.520567,0.626587,0.477752,11,0,2
0xF0BECf514A067DA9C78CE97cDa91d6B715F554c4,1,0.6,0,0,0.570525,0.152542,0.063319,0.078341,0.509385,9,0,1
0xE720B903D1E25487E9DDE876585c634678AE6393,1,0.527877,0.221579,0.206378,0.838142,0.635036,0.915636,0.289336,0.653839,87,8,1
0x578c5BE12f42cE124E1C8421886f877CFF965989,1,0.890179,0.44218,0,0.468673,0.898989,0.951615,0.494142,0.919647,445,3,3
0x4eF3f62f6C68e95d1A1F69ff39C590c4Bf517368,1,0.190414,0.404281,0.528411,0.698265,0.875,0.475836,0,0.314824,350,5,0
0x96Cd37ca4D5962c6e0bb132012170b46f2F1B308,1,0.6,0,0,0.393101,0.107142,0.654552,0.904571,0.477605,6,0,1
0xAc8f9218bc3460FF2a339657c99DEb5d18c86047,1,0.6,0,0,0.624718,0.038461,0.046892,0.198075,0.487325,2,0,1
0xDbf452f4919AF06f3575CFc988ed03aCd5611bD1,1,0.6,0,0,0.297225,0.019607,0.799975,0.952374,0.464773,1,0,1
0x698Ee082AECeCe58c40EA02C6e40b79F0D0B36ba,1,0.6,0,0,0.324756,0.019607,0.003984,0.019607,0.443652,1,0,1
0x627980bE8B7F28f122abab7B1427A8f008f4894D,1,0.6,0,0,0.862512,0.074074,0.000799,0.001996,0.546832,4,0,2
0x42ff7a76B2f35F46513474789a493105B33e9E97,1,0.6,0,0,0.201396,0.107142,0.279435,0.621212,0.416889,6,0,1
0x5f0D32Eb4981f7cad732827399F1004CA60b58b1,1,0.764796,0.173688,0,0.734831,0.537037,0.628363,0.56208,0.781789,58,3,2
0xF39DfAFA74F1c453Bb8f06e94eEf939155EA79C5,1,0.63471,0.219144,0.133077,0.642127,0.166666,0.13119,0,0.578408,10,2,0
0x41Da1a2A60d2679F64f8DDF95761DcA703e3e0CF,1,0.6,0,0,0.2884,0.019607,0.000399,0.001996,0.438584,1,0,1
0xF6aA6057049DC721024F33258Cece4bef8935ba5,1,0.6,0,0,0.628097,0.019607,0.565179,0.866648,0.495971,1,0,1
0x03f8914777ddF52B9D06D1E733974B6aB8952306,1,0.6,0,0,0.849368,0.056603,0,0.001996,0.541832,3,0,2
0x714F68453Ea8cFCF11463D8EE8bc1922a8732Eb1,1,0.6,0,0,0.793731,0.456521,0.968545,0.991453,0.635079,42,0,1
0xF08a0043Fb6D003AE5dFb202E57ED89BD14436be,1,0.6,0,0,0.389273,0.107142,0.029879,0.137187,0.460044,6,0,1
0xA8CCeEcBd541D20e2E48f23e27D8535A6E9d7D0A,1,0.884461,0.424828,0,0.747192,0.358974,0.828655,0.357892,0.903348,28,3,1
0x30833E96E5231469E0448875f94CAbc8D1EDc242,1,0.6,0,0,0.328289,0.019607,0.056603,0.230769,0.431244,1,0,1
0xF3EF5e5adCFc5E178895550d020F03d008BEAEBC,1,0.470975,0.075944,0.120473,0.73366,0.122807,0.077831,0,0.424825,7,1,0
0xF6c780dBB01185cDAf8e546A27b795c2cdE0602b,1,0.6,0,0,0.208881,0.107142,0.463979,0.744114,0.433213,6,0,1
0xE6EC44c6004C974Ea9a99B555131b85DFd659B56,1,0.6,0,0,0.573336,0.019607,0.047437,0.199359,0.475475,1,0,1
0x9d0aEe88d8d8d02A41527303A0637B2342502610,1,0.6,0,0,0.616796,0.230769,0.273572,0.628528,0.505737,15,0,1
0x6DE933F9fb2a9EC2C3074afbe9CC605D5998c079,1,0.6,0,0,0.269985,0.038461,0.087258,0.323867,0.419428,2,0,1
0x2DC20fe296fE7FDbC6EDf99a6488488093192CBA,1,0.6,0,0,0.304828,0.019607,0.000799,0.003984,0.44128,1,0,1
0x8D59b9Fc743cB2d80b47AD8Bc0571432B45c68d2,1,0.576842,0.0119,0.019678,0.862487,0.107142,0.004182,0.01088,0.530726,6,1,4
0x2eC381584816497f3fe5DEeeb8D50D7e9eE3Ad70,1,0.6,0,0,0.351006,0.375,0.502289,0,0.577391,30,0,0
0x6F993B01e83b60CA3740d6435946e3759e6Ef2E3,1,0.6,0,0,0.180288,0.019607,0.004777,0.023437,0.418596,1,0,1
0x57d1DB22C511E7E83840b621F969Bde02C7a302A,1,0.829691,0.288056,0,0.352261,0.193548,0.375156,0.467639,0.749754,12,2,2
0xfE5453C5948242C8A3C8b5868b3Edba6E82Cf81b,1,0.6,0,0,0.05999,0.056603,0.000999,0.006951,0.404627,3,0,1
0xc69F65D2720DF32c244163E0F608284415aAEF4B,1,0.6,0,0,0.6161,0.137931,0.108734,0.331103,0.496708,8,0,2
0x71141cddD439b582ded264CC6ACFee41E0dca111,1,0.6,0,0,0.852464,0.019607,0.000599,0.002991,0.536845,1,0,1
0x0584eaF81999B9098ac052f081741c39824D1CC0,1,0.6,0,0,0.755964,0.090909,0.642806,0.888876,0.538386,5,0,1
0xBeCD6cffC4006e33b865BeBEA93744Da17628384,1,0.551264,0.025836,0.042331,0.760172,0.166666,0.014195,0,0.501117,10,1,0
0xA0cd996C26df42a8177E8CA3F96C04F35c2F0dCD,1,0.498059,0.05785,0.092836,0.587424,0.074074,0.031007,0,0.411022,4,1,0
0xAF1C20De31DCB22E6088e54A27CC3DaA96350102,1,0.6,0,0,0.113958,0.166666,0.255952,0.633296,0.406133,10,0,1
0x978aA6B3c359AEd80aA0E1c55BbE7428CC2a912e,1,0.526577,0.04015,0.065173,0.741448,0.107142,0.083745,0,0.476596,6,1,0
0x096fDeB421b72029394Ea586701A6b2F971569DE,1,0.6,0,0,0.585863,0.074074,0.719825,0.927792,0.513828,4,0,1
0xB7724a5730D6f774eCA73A0EB775F79Ec9F9d12D,1,0.6,0,0,0.197207,0.090909,0.70231,0.921253,0.446574,5,0,1
0xD41D9B0B1Edd8E5091a7C8283da6beb46d733262,1,0.6,0,0,0.494147,0.074074,0.037721,0.165971,0.471678,4,0,1
0xa69a8a05999EC48471290AdCc35c0681358f4eE3,1,0.108007,0.577443,0.694896,0.615098,0.350649,0.939157,0,0.235257,27,1,0
0xC3ef278E6a93d17ec781Dd70948C38c6f8195D05,1,0.6,0,0,0.558656,0.074074,0.020759,0,0.49699,4,0,0
0x88cf82B8F54453d9Af31C6EA2cB1167C8eD775a2,1,0.624414,0.019127,0,0.801962,0.358974,0.568928,0.644448,0.621174,28,1,2
0x0FE9D25D9a53A34Fc383c34905140840490ae552,1,0.669488,0.671563,0.521896,0.579991,0.242424,0.904977,0.327521,0.61957,16,3,1
0x440162ee5799C4246445d87205c008AEb5A0fbB5,1,0.6,0,0,0.849705,0.038461,0,0.000999,0.539286,2,0,1
0x43d06EE06c2b181B942015329D3F3a4BB4A29461,1,0.206878,0.363087,0.487212,0.751862,0.137931,0.804779,0.233128,0.267807,8,1,1
0x60CB64a152802c2c256691AA4911d67a70e941F1,1,0.657142,0.047619,0,0.171371,0.253731,0.026669,0.089222,0.505031,17,1,3
0x6d6AEDeDF2766965d287B183c08fD6543bb86A78,1,0.819158,0.835354,0.586713,0.801663,0.822695,0.984226,0.481875,0.809051,232,15,2
0x595565fC5A833Ab212014a1f0F8eC2E08B9AA2da,1,0.838627,0.307297,0,0.501954,0.137931,0.421363,0.289683,0.791287,8,1,1
0x74a861942A5E0100458CE5ddC860C9a808AA5EcB,1,0.710236,0.102439,0,0.636354,0.324324,0.335017,0.271224,0.676582,24,1,1
0xfc64F7695708093c7B490c979fE20f472f34833B,1,0.6,0,0,0.175352,0.019607,0.00438,0.021526,0.417883,1,0,1
0x36ccF400A3dB22a37419eC2B77D5107A466EF45B,1,0.918293,0.53889,0,0.344816,0.39759,0.982683,0.580068,0.91129,33,1,1
0x8347Cbc55216e897ca242d5616D34DCa0147F789,1,0.6,0,0,0.223321,0.090909,0.752438,0.937876,0.456903,5,0,1
0x5FC033A8DAC5884bE04004057B883491c5b4A3b4,1,0.943324,0.64505,0,0.611448,0.137931,0.938761,0.600491,0.933315,8,2,1
0x5A0d12c1060690567d6e820B4b7F8FA2CBe77099,1,0.886722,0.431606,0,0.396789,0.152542,0.774531,0.391171,0.863103,9,1,1
0x1Ef1Cc00c279E4F49A7006CFAA1c4d1a8A53800B,1,0.859451,0.356414,0,0.754831,0.68944,0.799148,0.124986,0.908506,111,2,2
0x2c3DAF8c89385E9e7605865b69B5aF917058A78C,1,0.783766,0.203158,0,0.330848,0.122807,0.540863,0.526502,0.693438,7,1,1
0x36f8C61e0dafB83daB7b74e7F0920d1a57a16D27,1,0.6,0,0,0.189019,0.152542,0.059266,0.04489,0.445578,9,0,1
0xF6d0d6c2D084D942743DDbDddB633566684f715b,1,0.6,0,0,0.699035,0.019607,0,0.000999,0.51017,1,0,1
0xC369434D382CEBd349405Ca4541b1E0Ab689cB94,1,0.814719,0.257976,0,0.373983,0.122807,0.751441,0.76254,0.745399,7,1,2
0xb2016dCFc0f17B4a985dF5e8e7ab71355b9F1652,1,0.6,0,0,0.690327,0.038461,0.009704,0,0.513028,2,0,0
0xc374dD895109240434b9D9fba41730C8ccfD0264,1,0.898003,0.467095,0,0.372836,0.494949,0.973582,0.558063,0.899603,49,1,1
0xa23Cc81E3FA2430BE410FFBe1543F10EDd378089,1,0.679102,0.202038,0.087477,0.753744,0.438202,0.299817,0.145517,0.690283,39,8,1
0x8F1f1376c8e2333008c6352510115B03ce8B0390,1,0.6,0,0,0.508903,0.038461,0.137782,0,0.500494,2,0,0
0x15de7B6a83ee7735EA00Dc4a0506059cDA4Bef49,1,0.432781,0.24673,0.282258,0.745319,0.206349,0.732634,0.823605,0.402967,13,3,1
0x213d15a21bF06eaCfC4bDBf75496e285C1497FF7,1,0.6,0,0,0.612187,0.019607,0.065245,0.25871,0.479003,1,0,1
0xF82eb395E80427Cb234fA8c678d623F7b50D64d3,1,0.6,0,0,0.28796,0.152542,0.432977,0.183006,0.504919,9,0,1
0x64EE4f0F5298Ba8ab527677BdcD74Af5c3add4aa,1,0.6,0,0,0.273649,0.137931,0.027048,0.100719,0.447756,8,0,1
0xe432410c37CCDbA785ddEa3447DC769EEE39cE18,1,0.6,0,0,0.247105,0.107142,0.590432,0.878241,0.445276,6,0,1
0x227179eD22661F446450Aa5EFe0a6Ac45A8bc2CB,1,0.6,0,0,0.165863,0.056603,0.116139,0.341672,0.40687,3,0,1
0xd56Aee0352BC2ebCb36d157DC6B26b22a4B6E070,1,0.6,0,0,0.577214,0.056603,0.042329,0.099909,0.490863,3,0,1
0xd0B659A807dCC55e2f78eAd5F74A08B27D2167eA,1,0.6,0,0,0.286954,0.137931,0.657369,0.902429,0.464331,8,0,1
0xd6bbDd5Ad9F576C7C5f9BF5a6352D4e758c4be5e,1,0.050106,0.767026,0.84585,0.609704,0.382716,0.958634,0,0.211468,31,2,0
0x51574C055aA103868A934bC06C17A8B694eA4bba,1,0.597676,0.001164,0.00194,0.835669,0.038461,0.000199,0,0.53491,2,1,0
0x10F2f598DD7425eDA77E44e2b6F048583aB1B493,1,0.692077,0.082323,0,0.700997,0.285714,0.173553,0.259304,0.641823,20,2,2
0x00C05DF34f14Fe9084c954F9F090cb8691C5CF14,1,0.082784,0.652092,0.757509,0.629169,0.404761,0.949327,0.966662,0.168324,34,2,1
0xD7799549a568F97E92389c78C262FFEB92693A6F,1,0.6,0,0,0.09649,0.019607,0.038276,0.165971,0.395533,1,0,1
0x1d52d3bE6C2255D7dE8C387548aAaCb3CD5BBdf2,1,0.301365,0.229156,0.331313,0.778857,0.107142,0.411557,0,0.319148,6,1,0
0x3A43e2176e2814f76F0100639Fa7eC34Bb932359,1,0.6,0,0,0.379307,0.019607,0.000199,0.000999,0.454378,1,0,1
0x17Fe91954B4a7EDB225796fF52Fb05BA3a2Dc6FF,1,0.590565,0.004769,0.007924,0.750892,0.122807,0.012052,0,0.52817,7,1,0
0x06ba455a213342623079c8829AF23EEd65f60648,1,0.6,0,0,0.574451,0.537037,0.966767,0.990291,0.61023,58,0,1
0x2A6768c228f276898B2Bc8648A5Ed59A6D57b3a8,1,0.777859,0.193677,0,0.665288,0.122807,0.82139,0.66668,0.755409,7,1,1
0x6f5c23D53e03762Dc84f6643d08eBe0625202a93,1,0.602187,0.001646,0,0.849754,0.074074,0,0.000998,0.546649,4,1,1
0x8538B9A09d080B753ed0C47A9c43557B2C7B331c,1,0.491305,0.787198,0.761372,0.438572,0.541284,0.920986,0.183809,0.437212,59,5,1
0x5d38b4CAF8a833A4de73d3219fD8f001c0c37803,1,0.268895,0.559764,0.631662,0.77678,0.431818,0.865196,0,0.359266,38,4,0
0x7C08Bdb8413b5Ac3d97773c5a5ada76406D31d65,1,0.6,0,0,0.564583,0.090909,0.018645,0.047619,0.495474,5,0,1
0x626fF61796915Ac66331aBfab12AE6f26271db80,1,0.6,0,0,0.622321,0.038461,0.167083,0.500998,0.47466,2,0,1
0x44b704B503C951F42Ad3DF9677aB1e359c0BB92A,1,0.714594,0.107504,0,0.757968,0.122807,0.168468,0.035734,0.672064,7,2,1
0x8f2f3b836Ec745Abd04c0B3233cCaa9a04e913B1,1,0.480226,0.069614,0.110877,0.764577,0.180327,0.066641,0,0.445661,11,1,0
0x91422B8BA0d4A92495056C0a663FfE2D202DdE0e,1,0.471271,0.118408,0.154492,0.709556,0.390243,0.175597,0.24238,0.447682,32,4,1
0xf5a2213A4c59Bd7107adbBaa6bE7047bF8c16574,1,0.6,0,0,0.206925,0.019607,0.006754,0.032882,0.422509,1,0,1
0xF207E69a7CC3b4a00FEC3039891a77B3dF8c3577,1,0.789883,0.429861,0.144634,0.69774,0.090909,0.900984,0,0.825312,5,2,0
0x2839f3A53De60D0332E1866F56Fb60D0152CAa71,1,0.648961,0.040162,0,0.726486,0.431818,0.901908,0.967062,0.658222,38,1,2
0x953CAe2853278159d3eadDFeC4C6eB04FC4615b2,1,0.303726,0.549452,0.609883,0.816807,0.662162,0.842994,0,0.423354,98,6,0
0x06f52CDF54B593BEBb11780c01812B69eDeE0244,1,0.6,0,0,0.305414,0.166666,0.040491,0.179655,0.451707,10,0,1
0x722a3DE027b4498779F78dDF1d5B7Ee87FBf86Fc,1,0.6,0,0,0.580581,0.056603,0.028937,0.082568,0.491177,3,0,1
0xb55CF83cb8d2825d07b67Fe7178539f2FB4Fb5b0,1,0.952191,0.688473,0,0.785177,0.438202,0.956528,0.218376,0.961927,39,7,2
0x0e4AbA960b746dCF1096510AfFECdAF79DEcc5Ab,1,0.6,0,0,0.353029,0.107142,0.012833,0,0.464835,6,0,0
0x63eD5f0B0E9F723eA9Eb6BD06E4b9179AB29Af53,1,0.6,0,0,0.176124,0.019607,0.000999,0.004975,0.419132,1,0,1
0xCc19D98bC702D366eE9c44a988a8aC0b1d006d97,1,0.59537,0.002327,0.003872,0.85455,0.038461,0.001398,0,0.536327,2,1,0
0x18713fa0DE08EA1888d7e5d062d1DDc402cCB1AD,1,0.776376,0.191342,0,0.70445,0.382716,0.546361,0.333611,0.780843,31,2,1
0xAA1f1Af1aABCe74C02C5b28a6eF1c5aC8D16A16a,1,0.6,0,0,0.685734,0.305555,0.734607,0.931544,0.567459,22,0,2
0xaEA0D9db6F6b7dcDA01aD3DA86749FBbBc78d1C8,1,0.19482,0.384208,0.509774,0.61055,0.418604,0.877086,0.815054,0.235997,36,1,1
0x88094cbd91B076d9a02c781ab6223E3B70516C92,1,0.879756,0.411063,0,0.768925,0.425287,0.817291,0,0.915521,37,4,0
0xA1310e850EB0186bc09D8Db2Ffea5a3BBc713380,1,0.6,0,0,0.152249,0.019607,0.166527,0.499749,0.39135,1,0,1
0xe140fB6CAc16b1d3ebc650facbBc1Daf44138C1f,1,0.6,0,0,0.033828,0.019607,0.065245,0.25871,0.380155,1,0,1
0x3Dea23452dac235381633fc50281F3B42d1da388,1,0.799496,0.229877,0,0.464274,0.180327,0.261774,0.227756,0.729657,11,2,1
0x2d8873c5270c64C66E831e1E359f88f9E81A91Fd,1,0.982362,0.866735,0,0.63343,0.206349,0.999447,0.571841,0.966801,13,1,1
0x577BE3eD9A71E1c355f519BBDF5f09Ba2018b1Cc,1,0.6,0,0,0.753855,0.264705,0.887072,0.749937,0.612727,18,0,1
0x4000cEB6aB0d765549edACAf5cB70B360A6AD61a,1,0.6,0,0,0.264754,0.350649,0.671225,0.892031,0.495411,27,0,2
0x19213f85107ba87F06aD10894163160Bd8642955,1,0.6,0,0,0.167669,0.038461,0.341932,0.722145,0.400532,2,0,1
0x9Fee5D3D63430314F1504C7D64a88B9Ed6280119,1,0.6,0,0,0.630263,0.305555,0.615029,0.659516,0.567025,22,0,2
0x2a8c375693da4741F78Db476AA6253A4f722Bf6E,1,0.6,0,0,0.524864,0.074074,0.253508,0.56408,0.469619,4,0,1
0x7D88fD3a64c8d81551E837998B305b30397BEfd0,1,0.852391,0.339045,0,0.554279,0.315068,0.48917,0.296465,0.834672,23,2,1
0xAcE3371545521BA5Bb1Bd1555d360C680e835eb0,1,0.813003,0.544189,0.209853,0.772372,0.8,0.975456,0.253149,0.888486,200,10,1
0x7149F1da3dF5C96bd77E968bA343bb8eB14AD8Fa,1,0.51698,0.045961,0.074324,0.778067,0.090909,0.043428,0,0.465625,5,1,0
0x023d17612dCC38d333Af7BD65DCff98eE07698d0,1,0.259366,0.282639,0.396377,0.615582,0.074074,0.545413,0,0.271836,4,1,0
0xDEdDf2DA39E0E39469a28F5A0392DcFbe40323de,1,0.607773,0.00591,0,0.682984,0.137931,0.003388,0,0.533057,8,1,0
0xd2AcEC24aa745dF7212c78E3551F821586b843d4,1,0.209942,0.578753,0.667125,0.664418,0.411764,0.890977,0,0.301024,35,2,0
0xDFd2b210E93af142C48a75DB52942ED98D86331d,1,0.6,0,0,0.095235,0.019607,0.019607,0.090909,0.399831,1,0,1
0xAf8415DE1ac41456ddA2d27Fa9Cb711963c58423,1,0.343328,0.183193,0.272091,0.766319,0.285714,0.811661,0.839279,0.358272,20,1,2
0x6984c0C3040D75c0B4181794491ec20620e40d97,1,0.6,0,0,0.737289,0.152542,0.082063,0.252615,0.523936,9,0,2
0xC121EC6f7a0bD88F8eCE7059d1040FD26f8e166e,1,0.25495,0.50551,0.590491,0.745007,0.603174,0.787982,0,0.363007,76,3,0
0x29ceD035a1203d13984F4FCE60f7A308FCE6886d,1,0.6,0,0,0.236763,0.056603,0.242079,0.615236,0.410682,3,0,1
0xc249ED011753Fd310c637c08DFAA86154132b32E,1,0.910525,0.749861,0.225874,0.807654,0.849849,0.94594,0.44656,0.935734,283,15,1
0x7D5115DA7Cdd50f13266B4Bf23BceA340273D54C,1,0.636199,0.028985,0,0.471076,0.333333,0.355337,0.655218,0.540438,25,1,2
0xd561E4536E17eBcb6FC2F4Ff6446C1eE3E6Cf779,1,0.590851,0.004981,0.007924,0.86253,0.107142,0,0.001994,0.543537,6,2,2
0x302d8d638e10df112E705b3d9cfE33118E0E113D,1,0.6,0,0,0.862569,0.056603,0,0.001996,0.544125,3,0,2
0x6C2f42f46A4a5D7519a3BDd4ee0561227c228263,1,0.6,0,0,0.853894,0.019607,0,0.000999,0.537203,1,0,1
0xC0F98E5207951b02E2AE061eb52b5d4adC2a5023,1,0.6,0,0,0.014279,0.038461,0.166388,0.499749,0.371219,2,0,1
0x9520222eE3c3Ef10f9da626931cfF4bD131B8f9F,1,0.618544,0.014374,0,0.556564,0.090909,0.091569,0.332002,0.494364,5,1,1
0x64BeDDe251A9b9D2a04a07154e23cb6A3ABE6cC7,1,0.302792,0.336507,0.424609,0.741136,0.64539,0.841143,0.090267,0.426793,91,4,1
0x00000001FD5F90B69Bc5D650985Ea1BfE5feA7ac,1,0.910356,0.509476,0,0.825345,0.834983,0.965868,0.141451,0.952802,253,6,1
0x5b7a27D64D0252A58Cf8fc1326d749B88544659B,1,0.359441,0.226923,0.302481,0.862181,0.295774,0.365321,0,0.399332,21,4,0
0x5ACdAbEc96C1D2bc16C030b7dD98D2A8d669DC98,1,0.976636,0.828656,0,0.782461,0.72067,0.994306,0.028413,0.980015,129,6,2
0x2CDA54008853FF7a5b9d392DE309bdf8a155EBAC,1,0.6,0,0,0.841242,0.019607,0,0.000999,0.535,1,0,1
0xb2426756573c680b9cCD03418c5641faF3b70684,1,0.86001,0.357825,0,0.287558,0.818181,0.967405,0.581278,0.877472,225,1,1
0x958d62982DA21516754C3101c92aD17F3A4415B2,1,0.526137,0.78296,0.742665,0.654507,0.791666,0.985277,0,0.570049,190,8,0
0x1463EB999FA790Ff5065695C026D135F38357fAF,1,0.802564,0.235352,0,0.525023,0.275362,0.598361,0.370274,0.77849,19,2,1
0xCF7235B8781298311604e087fDc856b5268f2840,1,0.949716,0.676003,0,0.610627,0.788135,0.94352,0.588701,0.957929,186,5,3
0x364795630CA52026B4fe9702e6433CFaBB93Dff0,1,0.506558,0.052437,0.084443,0.719204,0.074074,0.061561,0.144568,0.43168,4,1,1
0x8AD4692652cb70298a433b5A36f93706470ec1Ff,1,0.6,0,0,0.117256,0.056603,0.148501,0.466382,0.391406,3,0,1
0xbFB744bf537a17fDCD66e79c0231E6cfEaA428b9,1,0.247016,0.3356,0.447636,0.568695,0.206349,0.566273,0,0.269584,13,2,0
0x0A15E7BEc3221334400814dc900652C9035de34D,1,0.6,0,0,0.28514,0.038461,0.002195,0,0.441271,2,0,0
0xb3A056E049AfEeE3169615e03Fe707518C62C12B,1,0.590565,0.004769,0.007924,0.869566,0.038461,0,0,0.534453,2,1,0
0x5a9035af69b717D54bc1cfB9a03ca2BD9319F6dF,1,0.6,0,0,0.297145,0.019607,0.013612,0.064546,0.435884,1,0,1
0x8f77e9cF3b7579D52236Cbf37039202646552B4a,1,0.914783,0.525657,0,0.637256,0.565217,0.706486,0.452111,0.922762,65,3,1
0x2d30ee938f76Bf8a15542197Deea5f1441f0aB59,1,0.68606,0.075989,0,0.783066,0.038461,0.517421,0,0.684636,2,1,0
0xD9aD7c0A0d3fdcD9BEC82784B594b0aB6C6D81f9,1,0.6,0,0,0.802645,0.107142,0.014195,0,0.543552,6,0,0
0x7bec6f6e70Ec0f8dd4Ec6decb3423E019B75Dc88,1,0.21458,0.350162,0.47315,0.618732,0.473684,0.503229,0,0.27815,45,1,0
0x91f53015Bc25Bc27c637f28a543F580441D2Ac0d,1,0.6,0,0,0.17777,0.438202,0.363381,0.390615,0.497286,39,0,1
0x1937Eb91d1821ccd1601D7BDE9D27084d49b15a8,1,0.435539,0.101753,0.158816,0.721884,0.152542,0.041227,0,0.388798,9,2,0
0xc376147CF0C443B9ED55e0B92eA4b8A9470e428f,1,0.782769,0.201538,0,0.799031,0.324324,0.61044,0.652849,0.777325,24,3,2
0xA5b225c649e4cF465dD6E5cB59A0C30239Bb1AeC,1,0.6,0,0,0.20689,0.056603,0.092064,0.33687,0.410785,3,0,2
0x1B8b33B0d414850218B1b0fc2ecFa3377A6f3987,1,0.6,0,0,0.166268,0.074074,0.762763,0.941448,0.445693,4,0,1
0x7df8d5A23b820c811A94acEaa5841A4570105eb4,1,0.399487,0.150759,0.217484,0.823916,0.444444,0.089916,0,0.418749,40,4,0
0x12Da023Ec2A566282d576B2d161FF5B432e3f581,1,0.916875,0.533499,0,0.617235,0.166666,0.896248,0,0.927279,10,1,0
0x564C15d5597731271F885C116E6c6904695EE1f5,1,0.928604,0.579969,0,0.614165,0.444444,0.963431,0.578224,0.934479,40,2,2
0x51Fb342e8Dd8e396890B7901E3030d72e943b478,1,0.821165,0.270612,0,0.538451,0.137931,0.29627,0,0.781457,8,2,0
0x4bcCEDA91Fcd6eAfc35b3016D212ad462E9d0BA8,1,0.826838,0.282122,0,0.219575,0.342105,0.549346,0.36301,0.772004,26,1,1
0x45BeB3B2c02a3fc63633d589726Ae329F71a5f9e,1,0.877766,0.405374,0,0.541088,0.295774,0.842693,0,0.895016,21,1,0
0x39F3839D1F621DfA5bfd7093f5a0794E820167e7,1,0.6,0,0,0.394161,0.056603,0.002593,0.014778,0.461457,3,0,1
0x08A738dD2d106e63705456636B2FC1BB04e0878b,1,0.477961,0.071149,0.113212,0.862367,0.107142,0.090578,0,0.45315,6,2,0
0x7cF8895204a2cb2b563B61Dd26284B89beD9F3fB,1,0.654797,0.045457,0,0.51919,0.137931,0.021909,0.067324,0.547398,8,1,1
0x2429288814D7377a746394d9E0ad7748c2aEd16E,1,0.6,0,0,0.081839,0.056603,0.00833,0.042145,0.40598,3,0,1
0x70907fEF005ff09c979D94a7FaA66C83EF626cC5,1,0.6,0,0,0.325951,0.090909,0.736772,0.933328,0.472888,5,0,1
0x70422dD062F9ECe1B1d24C4932E39f07E7857411,1,0.6,0,0,0.849244,0.038461,0,0.001996,0.539106,2,0,2
0x45A2Df4FDf11Ef636a6e36e2C6d9bb64BDEc2D02,1,0.6,0,0,0.544953,0.090909,0.029314,0,0.498401,5,0,0
0x717A3Acd369b74D9Eb40fb68C027A261cF603ed1,1,0.6,0,0,0.159464,0.180327,0.187124,0.259807,0.442302,11,0,1
0xC9C65140106ccCDE5710562aEe1F397C04E34c48,1,0.6,0,0,0.309422,0.5,0.945637,0.890865,0.566511,50,0,2
0x089433bC9D25ff8A864d16ac00eaD2639A4Dc222,1,0.6,0,0,0.56407,0.586776,0.705345,0.906699,0.585997,71,0,2
0x23b158DB89f8721b047b33b5Af7e5c539F144518,1,0.124766,0.533297,0.655705,0.567771,0.193548,0.785334,0.736772,0.1632,12,1,1
0xd63077397e5B73483660e153b2CbC82f1Ca60C63,1,0.090955,0.626725,0.736725,0.577834,0.242424,0.905656,0,0.206595,16,1,0
0x34C241Faf3e5fF210CD50f23D781F090Fd8D6d43,1,0.6,0,0,0.849557,0.074074,0.057315,0.233716,0.529973,4,0,4
0x5B94BD427A336F92C977c1F3DEDb42f7982BB3aA,1,0.6,0,0,0.85505,0.056603,0.000799,0.000999,0.543037,3,0,1
0x3E92aa4095Ccb765570914BE8493761e3292Db62,1,0.6,0,0,0.162654,0.107142,0.686795,0.91645,0.441184,6,0,1
0xa910c760FA8C34F0b5e569dB2f5b1b66D7FB65F0,1,0.382978,0.145299,0.220779,0.63305,0.137931,0.114417,0.230177,0.314461,8,1,1
0x2a20c3eFEA8A58973962F394dE42F0FF150f73A4,1,0.6,0,0,0.039941,0.074074,0.212598,0.402985,0.396223,4,0,1
0x9e9679D5AA85E6D2c88b64500AeE87faFA0953a4,1,0.729051,0.125023,0,0.533448,0.468085,0.829159,0.93479,0.705909,44,1,2
0xf740382Cd1a87B00D19fCB2F8C157FF43418F3AD,1,0.594898,0.002565,0.004269,0.873538,0.038461,0.152398,0,0.561627,2,1,0
0xC31Bd8A6cfCaaCEc6f26f7120dDd81F680047195,1,0.6,0,0,0.772096,0.710982,0.827615,0.856795,0.659464,123,0,2
0xD3127262238110C32951730485a7Ae366686F8b2,1,0.543649,0.405144,0.35325,0.74967,0.799196,0.94505,0.618696,0.630242,199,2,2
0x65d13975Ecdc95E5c4e12ab39AB3D89aeEbc9197,1,0.6,0,0,0.582582,0.038461,0.374843,0.749937,0.473978,2,0,1
0xC7ab7F8B673C5522fCc7A4559718ec5E91F60465,1,0.60796,0.006054,0,0.8516,0.056603,0.01826,0.04483,0.54819,3,1,1
0x890a382ffa1921a73D867632e9CbD26DA7425fa6,1,0.6,0,0,0.359575,0.122807,0.63219,0.895276,0.471678,7,0,1
0x18a3D560ab3B02F764B23b704c5Da11bD804bbc4,1,0.924985,0.565158,0,0.55551,0.166666,0.757458,0,0.925096,10,3,0
0xf6553EF5B180bc35F7B3Ed5C994a1F56F6C5FF30,1,0.881755,0.416856,0,0.750354,0.462365,0.772582,0.476911,0.899613,43,2,2
0x63581B250647BE01900a3566FfAbafE52924FBAA,1,0.777919,0.193772,0,0.581535,0.456521,0.524624,0.713548,0.745132,42,3,1
0xC36816F99AB33d692aB5Ec6460ad2A762C1Aa24F,1,0.964292,0.753735,0,0.834737,0.815498,0.975144,0,0.977582,221,10,0
0xfAF9c45c65e646A43BD5C79701447Ea934a6Fdf0,1,0.692191,0.632916,0.456057,0.828376,0.747474,0.958379,0.386518,0.759514,148,13,2
0x1D60B58b64b68d84F06D92Cd34667425107CA28d,1,0.539861,0.599409,0.540776,0.876626,0.523809,0.869672,0.341859,0.585289,55,5,1
0x61eD73B9b03AbF500d4ADB3122ff54C26A44329c,1,0.6,0,0,0.173307,0.038461,0.291584,0.673095,0.398937,2,0,1
0xdc011ea58c0c55f1772F20C2f8328d40deC992a8,1,0.6,0,0,0.197519,0.375,0.033255,0,0.480814,30,0,0
0x82132073F6bF5589F365bdf7A016995a8E38cd2e,1,0.73337,0.130482,0,0.733743,0.305555,0.387179,0.390692,0.709425,22,2,3
0xDF46A5EeEaCD70d920c8D6D46B8327a8905cC586,1,0.6,0,0,0.266113,0.166666,0.887615,0.975308,0.492182,10,0,1
0x38D539090e971aA365F775786a5a6e9fDB3aD628,1,0.6,0,0,0.381629,0.166666,0.563242,0.860393,0.475253,10,0,1
0xb2FcDa628a80e7Fe82b5b3Bb4De8DF51d433BB7b,1,0.6,0,0,0.133509,0.038461,0.02591,0.118165,0.407288,2,0,1
0xB0c3832690627BB3ED1dbe18D1d7ceD5A723b258,1,0.6,0,0,0.506744,0.019607,0.500249,0.833472,0.468355,1,0,1
0xF6319e571Be2571E5566CB0477bB9087F61310C8,1,0.398046,0.132101,0.202349,0.725983,0.137931,0.459342,0.565783,0.358602,8,1,2
0x067Ef3c16F47cca6a3ACB5942C6D4BC89Ed0A8B1,1,0.176335,0.629367,0.717747,0.727055,0.664429,0.906618,0.144175,0.307941,99,3,1
0x6E84958B48D8E186aDaa2Af7424eECe036A08304,1,0.6,0,0,0.556853,0.038461,0.001996,0,0.48852,2,0,0
0x7Cf67A1A486D5716517A989F180112ba26D1Afcf,1,0.396082,0.910947,0.912265,0.877759,0.888143,0.998341,0.307807,0.465106,397,16,1
0x972258dCFE21BDB24100E334c3e92966B2784aFc,1,0.6,0,0,0.864432,0.074074,0.000799,0.000999,0.547265,4,0,1
0xF95660aD4D4c27003826f8F501170d6DB033b7fF,1,0.52975,0.03826,0.062181,0.619493,0.074074,0.017102,0,0.443466,4,1,0
0x6e3dF3B2aDCC1869941C076E15886b3864BFb206,1,0.651428,0.042386,0,0.360218,0.315068,0.068727,0.214177,0.535051,23,1,1
0xd335A8AfB1a1c322dedA3868cb198896766F36fE,1,0.837781,0.30543,0,0.674642,0.62406,0.365643,0.165644,0.852604,83,7,1
0xEC323Bf2918c4F81f22F43C022ef48fAff7A67Ac,1,0.072505,0.685787,0.784371,0.619209,0.50495,0.969468,0.833305,0.181192,51,1,1
0x6562CDb87Fc2f2E9cFe9Cca0B3309F17b9872079,1,0.6,0,0,0.177161,0.019607,0.006161,0.030067,0.41762,1,0,1
0x4Ce256ecbF30CFcD65513DDD2482aC99405BE593,1,0.891271,0.445572,0,0.619112,0.193548,0.544003,0.322088,0.875928,12,2,1
0x90a4841fcAF1237BE42A7A111D390d3214f945E1,1,0.6,0,0,0.370931,0.038461,0.030819,0.137931,0.446716,2,0,1
0xdf6B0B758157fDc092247733999886AB5384ae29,1,0.6,0,0,0.075024,0.019607,0.285612,0.666555,0.379665,1,0,1
0x891F6a8DF7673D24783F856eeD248F5745a3d866,1,0.642103,0.034089,0,0.876789,0.122807,0.638728,0.634187,0.627666,7,2,2
0x5c6fb0F8C8F63b15c40834566adA80D44c3265eA,1,0.6,0,0,0.495713,0.107142,0.015941,0,0.490214,6,0,0
0x62B8e137ee87Ab3CaEB2FEA3B88D04abeA7C5579,1,0.674877,0.943934,0.900849,0.838178,0.647887,0.999495,0.320355,0.583253,92,7,1
0x0aAb4a8942d2f5285f5C4153f3a907D8470F7adA,1,0.743685,0.143964,0,0.793351,0.242424,0.749874,0,0.789785,16,2,0
0x8bc1Be38858d2Bf12405E16e24b8394Fc07a7A29,1,0.6,0,0,0.184347,0.152542,0.876862,0.972687,0.474426,9,0,1
0xB667109B45878Ec4baD9b27A5548E8D953603086,1,0.420936,0.577442,0.584785,0.691046,0.603174,0.95244,0.676543,0.436131,76,3,2
0x40Fb8cAb1C759e43bCE58efc8FC9e948645488A7,1,0.40999,0.901294,0.900735,0.625391,0.509803,0.99651,0,0.406418,52,3,0
0xba6FE5d4Cf1F7F285940BB9a569A930Fe4027421,1,0.104026,0.588531,0.70448,0.7514,0.64539,0.945593,0.961092,0.214069,91,4,2
0x6AFcbfc68B5190ffCBaac81A5135C8617CF745E1,1,0.846141,0.324296,0,0.424733,0.180327,0.437886,0,0.815574,11,3,0
0x02AF0411F1Ce321D1c85866AF55f6dc7Ec07e2F4,1,0.202129,0.541208,0.638676,0.696323,0.778761,0.861908,0.173067,0.332767,176,3,1
0x4bE5C409aa3d3128e56bBfC5fb1847A947B27826,1,0.6,0,0,0.434141,0.038461,0.082232,0.309868,0.448278,2,0,1
0xB850379f04Ca8CeEbccF4057Cd58c71e8cf0a333,1,0.6,0,0,0.872223,0.019607,0,0.000999,0.540391,1,0,1
0x161bE4b4767597233650747a17af252aaE56631e,1,0.6,0,0,0.104202,0.019607,0.004975,0.02439,0.405629,1,0,1
0xb5bB72F2E5406c9aD56A8Aa31e248f5C8F1823Db,1,0.6,0,0,0.405887,0.038461,0.016909,0,0.464397,2,0,0
0xDC3256186493cE02e6EA7cB04F913ec73c000239,1,0.6,0,0,0.025495,0.056603,0.206978,0.566536,0.375049,3,0,1
0x946e846c70A310b0bB7e7dbF8f61b2E9A473429E,1,0.6,0,0,0.376602,0.090909,0.975621,0.995027,0.511379,5,0,1
0x8E2c2931d709E81A65EE739de998C0A9734A8cB7,1,0.6,0,0,0.446046,0.193548,0.594747,0.880225,0.493281,12,0,1
0x4091169144594B073e5CbE25505D53dd2A433005,1,0.362028,0.164717,0.247364,0.736557,0.494949,0.561288,0,0.446013,49,2,0
0xe699cc0d0129eBE0F1462FFbdA7f966287dB82cc,1,0.966038,0.763782,0,0.638352,0.315068,0.974912,0.521302,0.959193,23,3,2
0x989d639c27557e73f0465Cb253Ee6699333a1713,1,0.920359,0.546847,0,0.709346,0.583333,0.911563,0.57557,0.935779,70,3,1
0xAFE6351E851DEB52918dC02308320B29dE7f6dcE,1,0.6,0,0,0.530018,0.038461,0,0.001996,0.483329,2,0,2
0x0e23e4aCCEcc468620F978BBE74B2b3a012919bA,1,0.737838,0.136242,0,0.556264,0.166666,0.098286,0,0.666156,10,2,0
0xDd9D47cCf03c91020B659e25b5226125d5db52f2,1,0.70114,0.092168,0,0.751357,0.333333,0.600223,0.181873,0.726298,25,1,1
0xd035A9Abb8CF0E11030e297d4506aFF22C8FB773,1,0.6,0,0,0.551959,0.305555,0.917059,0.981805,0.566409,22,0,1
0x272184ef45971418c27791cD806Ba410d2E4Fa03,1,0.6,0,0,0.007461,0.019607,0.003785,0.018645,0.38979,1,0,1
0x887F6e635B0c65B7f72dA4155189154ca827A340,1,0.6,0,0,0.041722,0.019607,0.05285,0.218139,0.383534,1,0,1
0xaf4a6f23fD3d7b534771c3e33207959a81398b32,1,0.6,0,0,0.095231,0.122807,0.425287,0.787234,0.406279,7,0,1
0x1a6Be2d610A13661e82e222AB32f226B492B0F31,1,0.106893,0.580523,0.697568,0.669356,0.390243,0.870244,0,0.238261,32,1,0
0x2E3eCAeEeC7D9c5f88148dae8Ac136895b7920Fd,1,0.6,0,0,0.849785,0.056603,0,0.001996,0.541904,3,0,2
0xe839512832651860aF050cdB19dEfAf00F4709D7,1,0.6,0,0,0.641434,0.019607,0.019415,0.090081,0.494097,1,0,1
0x3Ec7F231a939765aC93AFFf8bd1EeAf46b3cF14d,1,0.6,0,0,0.177257,0.019607,0.004578,0.022482,0.418143,1,0,1
0x77884B7aEaCcbf1B8A0C5a33E254391b9B49eA8e,1,0.6,0,0,0.871673,0.019607,0,0.000999,0.540296,1,0,1
0xf057F77A97E0fB215af1Ebfb21056e064c3d2eDD,1,0.6,0,0,0.475538,0.350649,0.893249,0.970369,0.557511,27,0,1
0xd952F64ffde9D76caF60CC889e3BD5600D04911D,1,0.6,0,0,0.10179,0.019607,0.021334,0.098286,0.400473,1,0,1
0x973FC34E800114B1FE738d8E4e14D622885B8215,1,0.343561,0.182955,0.271777,0.691232,0.166666,0.241504,0.229583,0.309142,10,2,2
0x481D1F1365D782D78fB581b6269dBC6E0e321969,1,0.802615,0.235444,0,0.527825,0.425287,0.461728,0.283111,0.786175,37,2,1
0x6BC6B9bfcb9F723BD47176343CD67cB16ab653AF,1,0.913784,0.521956,0,0.816107,0.479166,0.86571,0.666488,0.927753,46,4,3
0x3bE6D373995bDD94851cb23584653e43E7733EE3,1,0.6,0,0,0.20568,0.418604,0.321941,0.703528,0.461798,36,0,1
0x44bCB8669EA5706221e1dF93C8Eddb507aFB8DaD,1,0.643757,0.035539,0,0.728938,0.166666,0.17979,0.189729,0.587641,10,1,1
0xe24f48680a17bF0060b79b1902708d4F7083b31C,1,0.777316,0.192819,0,0.627208,0.549549,0.892662,0.755989,0.795909,61,1,2
0x87E08A4C269FfE2F8C2874E567288b7402252D95,1,0.622204,0.724778,0.622223,0.718749,0.884526,0.997717,0.022757,0.698405,383,2,2
0xfb98923697E9EeDB98aCBFd1BFb6b41c7a7C9dB1,1,0.6,0,0,0.305438,0.038461,0.230532,0.599839,0.419523,2,0,1
0xCC13D589fBD57Fd974C8973013CFF62416Aa5efA,1,0.700536,0.0915,0,0.836336,0.333333,0.861342,0.026522,0.777542,25,4,1
0x18F93c25512FbEc1Fa07995B9d404Da920926f19,1,0.6,0,0,0.180484,0.019607,0.003984,0.019607,0.418886,1,0,1
0x9b87a7687312E050bBb99F993f467A0cB2BC6340,1,0.433439,0.103366,0.161171,0.721738,0.107142,0.134798,0,0.393704,6,1,0
0xB8B5f3CDFa1F6eF22B84D89038E2BDbd5dc6a868,1,0.6,0,0,0.869143,0.019607,0.000799,0.003984,0.539678,1,0,1
0xFEa8286230d3a9Ee2B4E6aEc6e71963f173E9526,1,0.6,0,0,0.021089,0.074074,0.375,0,0.456165,4,0,0
0x2760607440FeA7A57AC3bffbf5e762685fd091B2,1,0.80773,0.244783,0,0.550229,0.305555,0.456934,0.093252,0.794455,22,2,1
0x7E42c912DaAc6D9F9a0d91Ca139C832211381840,1,0.6,0,0,0.622481,0.253731,0.143688,0.434069,0.510138,17,0,4
0xb33F0C984B4f93847F4ba734f3eA1d298B88e5A0,1,0.6,0,0,0.756837,0.056603,0.227083,0.594977,0.500501,3,0,3
0xe9b31F8DaaB3D2855CbA7327A4A94b2fCBd594C1,1,0.993159,0.945183,0,0.819328,0.632352,0.997445,0,0.985245,86,6,0
0x8E32A790a4b0cD89160E3583511f0FdB0f917e4D,1,0.6,0,0,0.799023,0.137931,0.012833,0.05482,0.541863,8,0,1
0x8cBaF50B6704D13811d813803d51A91E17ac11D7,1,0.6,0,0,0.659784,0.019607,0.23065,0.599839,0.478032,1,0,1
0xaA065E46e620f5339D71ca1e261e289939353B42,1,0.802101,0.234521,0,0.403683,0.074074,0.28551,0,0.73275,4,1,0
0x27F621EFb95741140a2B454915a9254e8bBB0011,1,0.6,0,0,0.132933,0.074074,0.137336,0.443826,0.397085,4,0,1
0x082A41FC0E3E7546425767ea1fb1E9aD62361005,1,0.6,0,0,0.610304,0.107142,0.309773,0.692212,0.485124,6,0,1
0xaf615b6A69c81611aE1A0986d9C6E442988E2743,1,0.477529,0.806855,0.787185,0.650714,0.944008,0.998285,0.000962,0.547304,843,8,1
0x9aA34B8a245dcA9d0F3fDf54815B82145A47e234,1,0.6,0,0,0.181056,0.152542,0.30148,0.55516,0.42974,9,0,2
0x2cA69A476F6eeA3312aCE574BE35F5b0E685A31D,1,0.943601,0.646356,0,0.544121,0.739583,0.975002,0.536847,0.952738,142,4,1
0x1B2C5B95413487f27723a655e9F68eB6985Fe1dF,1,0.6,0,0,0.25992,0.074074,0.015554,0.038461,0.44037,4,0,1
0x2f0CE0364AA68464827c48C8C39f46589b172303,1,0.6,0,0,0.361728,0.206349,0.854248,0.965858,0.510804,13,0,1
0x2d9D72e375995028E9094ed6F7087ed51a5F00b6,1,0.6,0,0,0.496254,0.137931,0.971418,0.99415,0.538753,8,0,1
0xFa327f04B403Cd2D9Ff0D26a500e169728bBe00a,1,0.6,0,0,0.202457,0.038461,0.199743,0.555357,0.401914,2,0,1
0xbF3b8928D486B2471F6aD476915C5b0a48eEaC2C,1,0.817278,0.637275,0.298937,0.611726,0.746192,0.936837,0.31394,0.859625,147,6,2
0x9E7EC6B67cF1f827613565aFA4e6F33E799866fd,1,0.232489,0.321679,0.441459,0.652586,0.382716,0.60172,0.000999,0.298991,31,3,1
0x39FAe6e3DbfE5A1dfB47A455Cd6C4Eaf36e74DB6,1,0.6,0,0,0.524368,0.090909,0.0824,0.304105,0.472379,5,0,2
0x637ad4A0ce1de3a76aE0D4DE146301c7b7Bc8Fb7,1,0.6,0,0,0.306926,0.090909,0.243226,0.616564,0.427687,5,0,1
0xbda7aC81461d885B107A7F3A77D72f0BA334C336,1,0.6,0,0,0.795731,0.019607,0,0.000999,0.527067,1,0,1
0x931203465AA2de95954658663Ae93Fa62D5AFe9a,1,0.848264,0.329242,0,0.744807,0.68944,0.805295,0.358516,0.891833,111,5,1
0x69CC9A9E7f38117dc40d850dF43eC21b6B416A47,1,0.6,0,0,0.686365,0.056603,0.149225,0.467802,0.48921,3,0,1
0x1ea43Ab42D393cD70c0be00F0Ed8dc3Ec96E0fD3,1,0.6,0,0,0.62003,0.038461,0.186727,0.534667,0.473841,2,0,1
0x0db91aDEA384123148A7eBeDf0b7E80F7b293eDC,1,0.472503,0.080302,0.1232,0.859714,0.21875,0.066467,0,0.460146,14,3,0
0x564fcA0fB2dab1C61C83b6cB33001377291101C7,1,0.794102,0.220463,0,0.770298,0.861111,0.975019,0.746302,0.85843,310,1,1
0x0F506b6F1eEc3933e9b5d49B21808aA26EeB2a00,1,0.823251,0.274799,0,0.623353,0.468085,0.271667,0.093916,0.816649,44,3,1
0x3426648b4cCCb33A7dF81D69993b71EF5e7207d7,1,0.6,0,0,0.256901,0.056603,0.003984,0.018645,0.43751,3,0,1
0x9A75BEff8061505A030237F115A8083015ed71Cd,1,0.6,0,0,0.290531,0.056603,0.042695,0,0.450897,3,0,0
0xb7944Abb035Eb94c2B220B1fbA31bDBEAB30B611,1,0.6,0,0,0.454202,0.056603,0.070113,0.27431,0.456175,3,0,2
0x9923e5A3c839540047bD270Ff8ee4102b077d713,1,0.975543,0.821638,0,0.742098,0.884526,0.995401,0,0.981203,383,10,0
0x5a4b1E8F168c59469FD3887E067Ca844e0CaeB85,1,0.6,0,0,0.818764,0.019607,0.000599,0.002991,0.530975,1,0,1
0x319977E961A5b86638508DCdB87c4E9d0311Ee1A,1,0.6,0,0,0.870663,0.074074,0,0.001996,0.548128,4,0,2
0x358d0EC0Ceb0699ddf10b072c9d48c64A74A87EE,1,0.6,0,0,0.711666,0.166666,0.025151,0.093381,0.528943,10,0,2
0xd07b1B79431A11C1d909eAb7C9a76eA3b43632b4,1,0.464093,0.134554,0.171375,0.730355,0.137931,0.089419,0,0.41727,8,3,0
0xD86a2b27cAEB8001619dCcf174e34976D2D19C2A,1,0.6,0,0,0.105108,0.038461,0.310154,0.692212,0.388378,2,0,1
0x017E019D6344B47854635Ee87f728831260c87b5,1,0.779367,0.19607,0,0.804445,0.206349,0.346576,0,0.780029,13,2,0
0x27cAD03f9AEe8FF1DF5A2Afb74A69D796bb2C0EB,1,0.6,0,0,0.614321,0.090909,0.137633,0.183006,0.508485,5,0,1
0x465045B35Fbb3ad7a2c0a43169612066bCF050CB,1,0.752913,0.156588,0,0.524698,0.473684,0.79664,0.698426,0.744999,45,1,1
0x994d8F2Cf41B2f04e4e07F22429B7207dEf536e7,1,0.6,0,0,0.025118,0.019607,0.019415,0.090081,0.388165,1,0,1
0xA23f4C76cB22e112E938fBD3f52d4a55e57c51b5,1,0.6,0,0,0.173857,0.019607,0.00438,0.021526,0.417629,1,0,1
0xf38b915C83Be8C5180e304754E41e529eB9931A5,1,0.6,0,0,0.019716,0.019607,0.112531,0.388004,0.372358,1,0,1
0x0d0b13e064963cBF84Ca7CEE8EEB7c8C3B7EB4b2,1,0.6,0,0,0.841101,0.019607,0,0.000999,0.534976,1,0,1
0xF33735639407536a15a6A97814b889888E716101,1,0.6,0,0,0.871679,0.090909,0.000199,0.002991,0.550735,5,0,2
0x791BE632291a0B8D0FbC772347C4A7BC2D81B08f,1,0.6,0,0,0.51226,0.193548,0.165554,0.160369,0.512471,12,0,1
0x7E4e5551B8cf58BE391a598ea2F96f0Be8735815,1,0.6,0,0,0.173221,0.612403,0.78143,0.598876,0.564145,79,0,1
0x3e763998E3c70B15347D68dC93a9CA021385675d,1,0.847501,0.327456,0,0.812534,0.324324,0.882755,0.13928,0.887574,24,4,1
0x32D3BBB0cc1D1FE32CdAB957C2Ed206eA872b0d4,1,0.945448,0.655144,0,0.780281,0.994202,0.996203,0.02274,0.972496,8574,9,2
0xEf4d3Dd425C985bf4756be8e69733Ef8988F8675,1,0.723393,0.118032,0,0.716179,0.230769,0.693495,0.667458,0.702332,15,1,2
0xCE2Bbb41d9018D86f21f9f2DE1C805d0Dfc6f8B7,1,0.6,0,0,0.744576,0.152542,0.528613,0.74849,0.542522,9,0,1
0x770f5A805EB3e544C96dE670D8bD2B2B2aD6F93B,1,0.6,0,0,0.868603,0.019607,0.001796,0.008919,0.539242,1,0,1
0x43CC5F33bB7dE3E8e0568b63C009CE47392C9EdC,1,0.6,0,0,0.847476,0.038461,0.000799,0.004975,0.538622,2,0,2
0x44bA28F1108A8246984f9010E68d41BB61A54231,1,0.6,0,0,0.129895,0.019607,0.009704,0.046711,0.4085,1,0,1
0x458623c20c8E7eFDfe59B316c309FaB681A4bc88,1,0.727272,0.122807,0,0.432423,0.166666,0.07868,0.158152,0.616679,10,1,1
0x7A242eB5613fBea7d98dd9c874E4F284d8d1c1A9,1,0.6,0,0,0.410895,0.019607,0,0.000999,0.459835,1,0,1
0x09a355821d6FFD337aBF360A26E1F6c02EfF606c,1,0.6,0,0,0.322151,0.193548,0.96503,0.99165,0.515992,12,0,2
0xB4192AB96664248c260F9B7E3EF5d55B55B55384,1,0.961155,0.736094,0,0.853682,0.664429,0.966387,0.176868,0.972662,99,5,1
0xa67D009169B3e43C87A37CD965D3E06F27ae8987,1,0.6,0,0,0.755608,0.137931,0.765555,0,0.648172,8,0,0
0xC270ac5827096FA6aA3Cf4D11AD773D11f2aF821,1,0.361987,0.274112,0.342345,0.697336,0.425287,0.404549,0.285391,0.365106,37,3,1
0x71FFb4e22bA64AAe647B3f61c372D1EAE449916e,1,0.730104,0.126345,0,0.535805,0.230769,0.051053,0.082051,0.648942,15,3,1
0x228f34a17955Eb84ba8073304Df75be2609B9772,1,0.426189,0.10901,0.169374,0.597376,0.074074,0.236291,0.428244,0.336834,4,1,1
0x93fDd4649DC3e83826dD2F17e88F4F0fc5B757f3,1,0.6,0,0,0.839429,0.019607,0.000599,0.002991,0.534576,1,0,1
0xAC9f41a6AF6CeCC84903c828Cc3742Fe586ca37F,1,0.6,0,0,0.497291,0.038461,0.166527,0.486916,0.454212,2,0,1
0x2D3da809432CE62889169d1c207BDb2381423884,1,0.6,0,0,0.08633,0.019607,0.106983,0.374609,0.383798,1,0,1
0x01550D6334B68Fd5cC88e8e6e1b29926f58a9D54,1,0.778877,0.195291,0,0.762627,0.21875,0.338011,0.243913,0.75739,14,4,1
0x93bDd1D1d668f8405B9898c46c59915e03266396,1,0.066372,0.706914,0.800795,0.756801,0.275362,0.968046,0.984615,0.164183,19,1,1
0x01EFDfb2e2246EEf14716FCaeeaE5b5dc7990012,1,0.6,0,0,0.216536,0.056603,0.052491,0.217527,0.418246,3,0,2
0xc8a3438e5626d9DbEA89FD00dE857372d07C4AFc,1,0.076985,0.670848,0.772564,0.782413,0.275362,0.97135,0,0.234178,19,2,0
0xa234Fa8d89478Ca50aD4e7975dc185ee89112550,1,0.6,0,0,0.485854,0.107142,0.151679,0.473407,0.461584,6,0,1
0xe21a8181bF4Dcb86b69b6E9E2DE8e1e226Be0955,1,0.419378,0.588843,0.596158,0.600165,0.615384,0.94172,0.603107,0.424461,80,2,1
0xcF8F6EcA8D835B4a1A6B79Ec79CeBCAcEa884C11,1,0.921166,0.549995,0,0.26249,0.668874,0.977558,0.078531,0.934953,101,1,1
0x80fC8b1fcE7c4e1d7b4be153Fc896672d0228fE2,1,0.88836,0.436585,0,0.464101,0.285714,0.87157,0.379906,0.885606,20,1,2
0xD70318ec92d35678a6d1863b76C85ab7D80e1c6e,1,0.6,0,0,0.24542,0.074074,0.106185,0.373825,0.418343,4,0,1
0xaAf5E34aA67Bce901d8530f3E3D5Cb3BEA29035e,1,0.507075,0.052111,0.083936,0.706099,0.166666,0.019607,0,0.451647,10,1,0
0x39Ca04cDd47f96b5D996471fd6667Fa96beBB43d,1,0.6,0,0,0.39286,0.038461,0.126179,0.342537,0.444425,2,0,1
0xfbaa6104cE2321eA98f0ad6C5Ab3D49871bc0f4F,1,0.636669,0.029387,0,0.845137,0.253731,0.562631,0.2512,0.660174,17,2,2
0x76661cfd592fd97A088941214Dca2B69ec01875c,1,0.683941,0.073796,0,0.633031,0.166666,0.103139,0.232977,0.597675,10,2,1
0x0AEd252334ed2Bd2563313D34aAC148561a93224,1,0.991033,0.92899,0,0.649887,0.87745,0.998633,0.608834,0.980969,358,6,1
0x28c9602C188001C233d22fFC101Cb45b26Bd61A5,1,0.37366,0.432712,0.476283,0.745514,0.107142,0.671009,0,0.380718,6,2,0
0xBABb8C095f99364dc5CBf55a735D89BaaF1a8c5F,1,0.6,0,0,0.46707,0.038461,0.001796,0.004975,0.472307,2,0,1
0xdB02db34221f6116A993B4a70cEFe28b9aFF379B,1,0.6,0,0,0.210054,0.019607,0.166527,0.499749,0.401029,1,0,1
0x18c357044A874788F5Fe9516c8Bb5c86F13E9f1A,1,0.581423,0.009494,0.015724,0.70891,0.166666,0.02496,0,0.521141,10,2,0
0xb35080144beD502280ca1662e79eCf7E605f6630,1,0.941488,0.636481,0,0.853312,0.671052,0.891502,0.720385,0.953767,102,9,2
0x7352182757bBD8Cdafebb9B15282DcdAc4BAF7E2,1,0.590565,0.004769,0.007924,0.686601,0.090909,0.020759,0,0.513467,5,1,0
0x7fF848070B88CF0640E34F03075418F97b1DEFf5,1,0.6,0,0,0.853083,0.019607,0,0.000999,0.537062,1,0,1
0xB5DD167076d4E6bE55d2d1aAA0f591C1D5C3302c,1,0.050971,0.763669,0.843397,0.623296,0.739583,0.947391,0,0.250231,142,4,0
0x895361170286D850EEB732d73DE69afb28463Ac9,1,0.6,0,0,0.604736,0.090909,0.572722,0.662959,0.524058,5,0,1
0x425F13578B9A07b0385494388D517e05028aa8C7,1,0.6,0,0,0.525846,0.137931,0.360859,0.738835,0.477973,8,0,2
0xac9fbC6f028B8B936287529ABd3Fa590f9E618DA,1,0.6,0,0,0.470683,0.193548,0.156829,0.369085,0.483025,12,0,1
0x1e121993b4A8bC79D18A4C409dB84c100FFf25F5,1,0.656966,0.872453,0.795176,0.699331,0.561403,0.997392,0.348567,0.582156,64,3,1
0xa1a7Ae2f202C5762f3C4ee2FeD99E3f42c6F1f1F,1,0.6,0,0,0.242679,0.180327,0.983332,0.996621,0.502355,11,0,1
0xb1333Cce3577A22Df461129ddE8F4aB74BC39A6C,1,0.6,0,0,0.631103,0.719101,0.967727,0.963524,0.647589,128,0,2
0x5115DaD03662dd8A60Ba91bEE2BFb83c5c5163EB,1,0.6,0,0,0.870785,0.074074,0,0.001996,0.548148,4,0,2
0xFfe63c4eb1aE124480aab8fbfAb455b85345F285,1,0.941304,0.688621,0.043695,0.793058,0.817518,0.855679,0.403734,0.959092,224,13,2
0x1A645D3C035688C1f83820a91EEaF5f8b8fE4d4B,1,0.6,0,0,0.855252,0.038461,0.000199,0.001996,0.540181,2,0,1
0xC546e5aeae617E6309b2be27bE38c662ed04bbe4,1,0.6,0,0,0.576125,0.107142,0.132697,0.401197,0.481687,6,0,1
0x746a71D36bA43790eEda46a21e4fA597C7e4b047,1,0.6,0,0,0.288563,0.056603,0.551448,0.86012,0.440971,3,0,1
0xf4D1952B11D37c39dAf04A0E66aE7C1dE4a336Ee,1,0.929322,0.582959,0,0.829128,0.375,0.958949,0.737012,0.937559,30,5,1
0x1614624C5A732812bA3c76E4679D20B2bF7b6D10,1,0.896762,0.463048,0,0.635883,0.576271,0.771679,0.204077,0.919363,68,3,1
0x2c67c00Af8cf2d8142c8B9e837bEaC8cBD81E12E,1,0.572559,0.014174,0.023402,0.831864,0.180327,0.101365,0,0.548028,11,3,0
0x049473Ab328466c40d13c4a566E4555770F3d066,1,0.463827,0.080945,0.128002,0.72651,0.137931,0.085421,0,0.420236,8,2,0
0xc1808e30bfD7902fAA227E0e65e4AB7905398326,1,0.6,0,0,0.236286,0.107142,0.644102,0.900537,0.44916,6,0,1
0x6611aA550cfDede8658B727B62a5125391CFcB5A,0,0.6,0,0,0.74784,0.137931,0.497285,0.654576,0.545569,8,0,1
0x98c16a27BD8a1c243FB2b2Ff22D96Ffdc06E3d20,0,0.691038,0.081217,0,0.747212,0.382716,0.838683,0,0.763488,31,1,0
0x4476B0B271BBEf4eC48efE726994008a4E3e287f,0,0.607457,0.005667,0,0.544383,0.107142,0.000199,0,0.503451,6,1,0
0x534FE51896e0ec832AD35965bd5d636580b5fD4b,0,0.601308,0.000983,0,0.844742,0.056603,0.004578,0,0.543134,3,1,0
0x7CfC58881D6074bC32D5382c353641Ecee1C11bB,0,0.6,0,0,0.738053,0.21875,0.036979,0,0.552325,14,0,0
0x1f601c5a971cF39A4E3171a8b3730c38C8449DAa,0,0.6,0,0,0.649148,0.253731,0.471849,0.817584,0.525656,17,0,2
0x9D7333158f76B09F408E8cdfc4202610579086B1,0,0.6,0,0,0.775423,0.404761,0.969002,0,0.712396,34,0,0
0x7186211654a25a6a75eEFd6e6C6b458045D050F7,0,0.6,0,0,0.851848,0.333333,0.345549,0,0.632654,25,0,0
0x00818be58023ED472f331e5BcC292552717aca30,0,0.6,0,0,0.660938,0.107142,0.386126,0.755978,0.499057,6,0,2
0x8e4C7A93a69FF5bF224edB82adB9Af21A6C86F44,0,0.6,0,0,0.851453,0.180327,0.804969,0,0.674189,11,0,0
0xc1A2163D2b400A1623C0E4B67490eBc59f50828D,0,0.6,0,0,0.844379,0.038461,0.005568,0,0.539288,2,0,0
0x647B41B745cf5E32E244e432902468C4Bd89643C,0,0.956122,0.708871,0,0.836347,0.979175,0.99992,0,0.977284,2351,1,0
0x2ce81533b95575cdCB8fB8D9B752b44A18280620,0,0.6,0,0,0.544047,0.206349,0.086257,0,0.52408,13,0,0
0xF0828b33ba1b28029c0bb122B70A27dbBd78F99C,0,0.865633,0.372284,0,0.771251,0.583333,0.866709,0,0.9157,70,3,0
0x38204B0F1b0b523Ff25aBe402CF6e3766e56b724,0,0.95683,0.712621,0,0.739085,0.848484,0.965945,0,0.973546,280,13,0
0x76717939fbb21bF0A9F486eD6EE4650800C47f35,0,0.762141,0.169781,0,0.702211,0.152542,0.806905,0,0.792446,9,1,0
0x7e32013a76169c158Be81f74Ccf53db838e86e8F,0,0.6,0,0,0.752894,0.137931,0.00833,0,0.538618,8,0,0
0x9e13264351A03a1e294d2D8298E7B59Fbb97b119,0,0.917415,0.535542,0,0.634419,0.561403,0.880639,0.422984,0.932268,64,2,2
0x93bb5d9badb952c63D16FE9A8d3A95FEf23B2D1A,0,0.788035,0.210192,0,0.757754,0.253731,0.645364,0,0.816473,17,3,0
0x69B2AF334F3B377eFB88a3Fc97c789F7c62370dC,0,0.662947,0.053054,0,0.82119,0.107142,0.583194,0,0.685953,6,1,0
0x42321586D05739816121BD115D7868aa07644c17,0,0.941159,0.634959,0,0.768035,0.479166,0.87742,0.345081,0.952081,46,5,1
0x93822fD4434F7E23cd8708CC866BF2d12715fDeE,0,0.941932,0.648974,0.007894,0.83454,0.75,0.983732,0,0.967982,150,11,0
0x18f7febB924bd8546E96d97F0b58818ec71c4f26,0,0.890366,0.44276,0,0.738665,0.367088,0.866263,0,0.920975,29,3,0
0xb552b2D6e58F4b5d0AE9c9469c443Ea7393B2B15,0,0.935483,0.609375,0,0.08614,0.358974,0.896267,0.407629,0.913033,28,1,1
0x3331A9e673Ab9650851403decf6c8a2C03EdF9BE,0,0.689609,0.079706,0,0.746997,0.122807,0.264164,0,0.660293,7,1,0
0x2D9afDBb15B8496d2Da5Eda80574F1Bf8193eD2B,0,0.6,0,0,0.523106,0.137931,0.02477,0,0.500948,8,0,0
0x26923DCD959CdAa229f6A2fF502598557d1D1710,0,0.971063,0.793685,0,0.720543,0.70238,0.992381,0,0.977033,118,4,0
0x054CcC98F2f55323b5E9DC279721aA707B267227,0,0.6,0,0,0.757858,0.137931,0.75988,0,0.647755,8,0,0
0xa791c7FE7bc00739f5e63B2095855aa336C738Be,0,0.6,0,0,0.843655,0.074074,0.005568,0,0.544467,4,0,0
0x99c828E86C1fbfD1CDE6C231D504B70C8E84C266,0,0.6,0,0,0.706281,0.731182,0.974298,0.968168,0.661596,136,0,1
0x12883923bD92E9275e03E0f0cDBDB0892c393167,0,0.777078,0.192445,0,0.537063,0.367088,0.270605,0.020793,0.751719,29,2,1
0xE19D89fcA38e692B8CBe7628ecFD5FFfC937BB0D,0,0.603477,0.002624,0,0.854714,0.038461,0.031383,0,0.548192,2,1,0
0xAb80Dbcc5907358A42C9b1e2bD0d8B7f886241Ec,0,0.26182,0.279275,0.3924,0.795043,0.074074,0.28602,0,0.267927,4,1,0
0x4c25b2A867CB8A64B74C14B0D471Bd2f97a7bEcB,0,0.601463,0.0011,0,0.870923,0.074074,0.004182,0,0.55036,4,2,0
0xFcc76a4De8ff8498c92e8189C29617E8BABC167c,0,0.6,0,0,0.610718,0.038461,0.001996,0,0.497945,2,0,0
0xb65B600B65022E3C1D530a2CedA51Af3419EcEEa,0,0.916653,0.53266,0,0.729861,0.411764,0.991355,0.520404,0.932005,35,1,1
0x051eA48bcA932a95287C04B2b9C698ADd8d2432e,0,0.858253,0.353412,0,0.73662,0.166666,0.755572,0,0.879021,10,1,0
0xa7235341C7deDB22C74e39792A51140329024bdA,0,0.6,0,0,0.222296,0.242424,0.960314,0.977228,0.506589,16,0,1
0xE98328267DE365FFc0495B37042C10Ea64829F6c,0,0.6,0,0,0.706132,0.107142,0.022673,0,0.528015,6,0,0
0x0FfAD609D35c4BEF104ee245A9c4c891D463aA2a,0,0.958992,0.724237,0,0.832014,0.912434,0.999006,0,0.977289,521,8,0
0xaaeA5C93c8C2A08Fe162937f287D96a73Ec62FCF,0,0.874348,0.395779,0,0.753682,0.230769,0.963146,0.265952,0.89919,15,1,1
0x9e363FE080F3bA14994026efF91635498eF120C9,0,0.6,0,0,0.211301,0.038461,0.013028,0.002991,0.429868,2,0,1
0xB3f83Ebc7672a96A058F29d42503Ea6C366C21e5,0,0.909548,0.506581,0,0.704111,0.166666,0.870777,0,0.924835,10,3,0
0x82F439536125467501A0aaa23e64c11f2B043665,0,0.667006,0.05693,0,0.781515,0.21875,0.647763,0,0.706117,14,1,0
0x16949708157f12d2E6791573a5bdFE5E67f7ee17,0,0.6,0,0,0.697357,0.230769,0.887529,0.973272,0.576841,15,0,1
0xB36E8e78131dFACE94A5cB752355582d4EA4DC5a,0,0.973702,0.81,0,0.841424,0.826388,0.97591,0.718298,0.974866,238,16,2
0x835E5b1760239f0A9655e653Aae45371E6587870,0,0.6,0,0,0.414958,0.107142,0.006951,0,0.474753,6,0,0
0x08e5F67b4c49460Cb6172c5F0482439709d96563,0,0.777099,0.192478,0,0.756195,0.253731,0.313375,0,0.773342,17,2,0
0x4e2a1aa6BD000220A324416f2302e408972443cb,0,0.6,0,0,0.486934,0.166666,0.225766,0,0.529045,10,0,0
0xeb84E622872264C7308eb116516D4EF25293A166,0,0.6,0,0,0.043366,0.090909,0.001796,0.01088,0.40652,5,0,1
0x356D279f0E58530E7763F1b8d336a055C3Ad5366,0,0.630551,0.024207,0,0.835709,0.253731,0.580888,0.768367,0.60754,17,1,2
0x6eBBb0672744697f7301251f2DAe48749e805536,0,0.766897,0.176815,0,0.494614,0.438202,0.112845,0,0.726313,39,3,0
0xbdF81b19af7848F7384c38E68208885ff0C9F390,0,0.926437,0.57105,0,0.770871,0.681528,0.983066,0.18907,0.954808,107,5,1
0x6321B0af614646E4FEEf0C62BBAb87458dc9B8F3,0,0.6,0,0,0.211714,0.019607,0.861091,0.968745,0.457384,1,0,1
0xB9041f55B7C66bD70357A8Fd41Bfe895304A4F30,0,0.6,0,0,0.779394,0.038461,0.314974,0,0.573864,2,0,0
0xd53e88c97d3F3F0D7D3274fc4732e68F84207588,0,0.778762,0.195107,0,0.484851,0.206349,0.499699,0.708645,0.699933,13,1,1
0xE3B2d4c38a8e9Fd0f4a177e64eBf5bD913d51d83,0,0.837137,0.828536,0.544015,0.698802,0.89154,0.995056,0,0.855568,411,11,0
0xE426D8BAacb6156677E51cc65142D54224a390C7,0,0.956797,0.712448,0,0.79665,0.68944,0.94677,0.41938,0.966775,111,4,2
0x040Cb77fC0B8eD290dd5949bb700D94F9E9dacE8,0,0.6,0,0,0.831674,0.107142,0.002195,0,0.546805,6,0,0
0xB8ba0EB0D5689Cd3D46fC004111633395f06D2E4,0,0.975569,0.821807,0,0.455409,0.773755,0.993667,0,0.975573,171,2,0
0x30F3727d5DeB8246ECD5e88c9af865Da16974Aef,0,0.608845,0.006738,0,0.857476,0.166666,0.17736,0,0.593944,10,2,0
0x1d68FD5064AE7820E4597641FeCC94B9C47cF217,0,0.686789,0.076748,0,0.845691,0.596774,0.928125,0,0.802769,74,3,0
0x95624aCCaF97Ff40B497E57b64b8e0Cf83FcC84a,0,0.852107,0.338362,0,0.558345,0.710982,0.579372,0.624863,0.855699,123,4,3
0xb825cb597940301fF8B854413c534EDACf307E9a,0,0.6,0,0,0.749495,0.166666,0.04961,0,0.54845,10,0,0
0xc8067A465A361aB16e6aB5082234ddFD9E675711,0,0.954525,0.700496,0,0.343403,0.719101,0.950393,0.491177,0.953044,128,3,1
0x28EAEdfde2Ad2fA9EDaF65931B42B752bBD8c846,0,0.609563,0.007295,0,0.650621,0.107142,0.099909,0,0.538938,6,1,0
0xec7e373819c9D4B95993ebAD920cEB6a0428DF68,0,0.773109,0.186257,0,0.77347,0.489795,0.662595,0.423761,0.801851,48,3,1
0x112885cc944c130639Ef8DCe42C211D76E49aAF8,0,0.86115,0.360713,0,0.509891,0.180327,0.948182,0.835784,0.837219,11,1,1
0xd3Be0AA83c6EdA0AAe9D591745F6498589a9579a,0,0.6,0,0,0.745666,0.137931,0.902219,0,0.665089,8,0,0
0x603416BCE01f2464c44B97fc29AcDe2e617F51e0,0,0.6,0,0,0.610345,0.122807,0.918687,0.981261,0.549742,7,0,1
0xF538fb62dAC84FEb897AAC554E6Da7130F65CA3e,0,0.60731,0.005554,0,0.833624,0.038461,0.059973,0,0.552399,2,1,0
0x8932a146275dd1990FD33564569cCe1A03383Cec,0,0.6,0,0,0.706572,0.358974,0.698504,0,0.661298,28,0,0
0x57A09836fD92B5b71BD5438340bC0f97720635f1,0,0.746506,0.147764,0,0.554701,0.431818,0.190152,0,0.720963,38,2,0
0x9318e7fe23CBdFc108f5b4B523e5B1874aFB00ab,0,0.904452,0.488732,0,0.372708,0.39759,0.869713,0.349767,0.902177,33,1,1
0xF0637aF0CC4Ba2c4980d169c945DF24D6DFd101c,0,0.615423,0.011888,0,0.858799,0.425287,0.072872,0,0.622242,37,3,0
0x589fF3a693aE8E5f6e822b38f8d8382622AF9dbb,0,0.848842,0.3306,0,0.614806,0.342105,0.74844,0.238538,0.861592,26,2,1
0xB90e88a768009Ecd4008Dc93a91b5453B2C52661,0,0.6,0,0,0.449596,0.074074,0.003587,0,0.475349,4,0,0
0xaE76734454D96DcaaE1f090D0b3edB35cd0a8510,0,0.6,0,0,0.402618,0.074074,0.004975,0,0.467363,4,0,0
0xFee9B116C9105a636FC63E980ac497Bc8950ec1D,0,0.6,0,0,0.77932,0.019607,0.001198,0.005964,0.523887,1,0,1
0x0E8414F7f991583bcAcc420e381adacE614Dc989,0,0.87902,0.408948,0,0.477473,0.275362,0.437127,0,0.864623,19,2,0
0x1BB0aFE6dA1FC6f87C2299143f39d0c5438E3249,0,0.869673,0.383005,0,0.761722,0.857954,0.988721,0.518169,0.920109,302,2,1
0x38c630Db76385D3675bC141A4A9b325165099849,0,0.6,0,0,0.516141,0.107142,0.020184,0,0.494425,6,0,0
0x88b127fC43307614802b0D286D25d8341ef59E2E,0,0.829989,0.404339,0.071793,0.633392,0.691358,0.74326,0.137822,0.879273,112,4,1
0xCA0073964efe7f9422CeB16901018b1DB0cC4785,0,0.964177,0.753079,0,0.808458,0.754901,0.980375,0,0.976379,154,12,0
0xBc7C46bac04350BaE5E67d88f4dB7ae6cc8C6e7a,0,0.618612,0.014429,0,0.407375,0.242424,0.047074,0.146134,0.50296,16,1,1
0xb04E51DF952Ed99e57367b99790FADF525413D40,0,0.754487,0.158797,0,0.831627,0.166666,0.916098,0,0.811886,10,2,0
0xe3D290E5AFa3E6A225ea8b6BcC129c37E0060c90,0,0.239607,0.310928,0.429239,0.550368,0.152542,0.390169,0,0.238872,9,1,0
0x1eA8b17fC9Ca7e82084Df7F97F3DC906c5D0c1B1,0,0.6,0,0,0.245671,0.107142,0.006754,0,0.445297,6,0,0
0x2e178d3a9e319088C3465419F940885Bbac87521,0,0.671372,0.061169,0,0.660591,0.090909,0.31063,0.539028,0.578411,5,1,2
0xe074eD8C64788Fa6aa9a39cF4636EF505Aad1673,0,0.6,0,0,0.843678,0.038461,0.000399,0,0.538396,2,0,0
0x79863C66C933f162dA6E1Aa51fC27631608D66D9,0,0.402692,0.346909,0.385542,0.747806,0.206349,0.891401,0,0.466328,13,2,0
0x1b0D666D4651D9c38eBB95430fA6eE5c2b186ba1,0,0.626041,0.020463,0,0.67866,0.090909,0.019415,0,0.545347,5,1,0
0x34a24F893037b1DD00208116b6B3Cc18C96381aa,0,0.602535,0.001909,0,0.853893,0.074074,0.036794,0,0.553255,4,1,0
0xe916A84619E5510d1Ec44b6744a86fdC8c9D6D2e,0,0.815217,0.258936,0,0.817,0.489795,0.870817,0,0.879162,48,5,0
0xFeF114196a4d9644826825496edeba7093cf2EFc,0,0.983409,0.873947,0,0.539945,0.242424,0.9981,0,0.972764,16,2,0
0x0Be3dFF7df1382b43F6a15A105b559d27888624b,0,0.6,0,0,0.705954,0.038461,0.85503,0,0.638823,2,0,0
0x69AeF1BcD41aD8413472f39410f6aA0BCC7Bd7Ab,0,0.6,0,0,0.843593,0.019607,0,0.000999,0.53541,1,0,1
0x930715929a28f977Be9F150bD4181DA727a43811,0,0.674494,0.064246,0,0.726376,0.333333,0.536005,0.253152,0.683728,25,1,1
0x98896671E67107e3E41c0E6c90D138B485eff3dE,0,0.6,0,0,0.343778,0.166666,0.239312,0.428244,0.4633,10,0,1
0xBA64e853e67fB8eB92f2d265BEf3e7b87e02A305,0,0.6,0,0,0.853895,0.019607,0,0.000999,0.537203,1,0,1
0x052a695B596dB62266B4E0a84aefB85ef97a60eF,0,0.897762,0.466306,0,0.702428,0.193548,0.782154,0.508198,0.895234,12,3,1
0x80fcF8151b342a6c21D62EDbbEda27F8A8549Aba,0,0.901282,0.477967,0,0.836934,0.285714,0.946901,0,0.932941,20,3,0
0x078bE7a796F3AF7B6AD5A5FF15708cdA712faF98,0,0.985118,0.885893,0,0.517371,0.931318,0.998942,0,0.982133,678,2,0
0x53f6db571248742d26BE32925e2635650ef658c0,0,0.591863,0.004107,0.006826,0.851771,0.056603,0,0.000999,0.535121,3,1,1
0x084Bd041e4A664E2d7167D6D942D5Fc3112FD1fB,0,0.643117,0.034976,0,0.834086,0.444444,0.633323,0.561844,0.671537,40,2,2
0x912b3508fdA227f0785903F75C698dD01A1Db166,0,0.6,0,0,0.851807,0.090909,0.005964,0,0.548444,5,0,0
0x17EC682f5BEcc2773f7f4Da425200d434c146189,0,0.792075,0.216995,0,0.684734,0.425287,0.667663,0,0.82956,37,2,0
0xb08f7F5AA7c7bD215a55e6D65A23829b3678506b,0,0.6,0,0,0.851803,0.074074,0,0.001996,0.544855,4,0,2
0x43BE52dcF7247BcDddD7bc47382d30133bf0fe11,0,0.6,0,0,0.59305,0.206349,0.926343,0.961881,0.562176,13,0,1
0x5EeefdAC5a68d3117994BD8ceC068cC3fb3Bc402,0,0.839429,0.309075,0,0.856229,0.691358,0.959924,0.590146,0.892992,112,3,2
0x13Cb98fF1aAB2741A5e63D6bBBF81fA6d6135658,0,0.898419,0.46846,0,0.664842,0.285714,0.923668,0,0.921952,20,2,0
0xFd03658c533c53A6f67787a05Ca1e3B04542C35A,0,0.85892,0.355081,0,0.138141,0.333333,0.701135,0,0.83713,25,1,0
0xC9FC80756f9e468De14306d96eaaeabb41478e5A,0,0.612477,0.009566,0,0.733621,0.038461,0,0,0.531018,2,1,0
0xcff561D053D266414759679A580a5aC49073Aa54,0,0.6,0,0,0.853947,0.038461,0.020376,0,0.543158,2,0,0
0x144589581c91b366Fad40c34fEbB72F1CdbBD888,0,0.659959,0.050241,0,0.748045,0.152542,0.271137,0,0.635842,9,1,0
0x20326EB316Afd6FAf15b07793adf6F1f5e46571B,0,0.6,0,0,0.851878,0.090909,0,0.000999,0.547471,5,0,1
0x8c593016C782E82e0F41874B4b34Af797c0C956f,0,0.6,0,0,0.70521,0.166666,0.187784,0,0.561269,10,0,0
0xde5f99E701408381d8Dd4fc4b37e25978e3aE2B7,0,0.6,0,0,0.664839,0.056603,0.923074,0,0.644097,3,0,0
0x4E69f7541D992673c19c449f3c49EfbA17f5B845,0,0.6,0,0,0.433621,0.21875,0.837403,0.962636,0.523026,14,0,1
0x4E934897385260275FAdD54060C802Aff63FAc78,0,0.60846,0.00644,0,0.705949,0.275362,0.000799,0.001994,0.557552,19,2,2
0xE19eeeeb7844b13f4545Cbc51D165A38225c23aF,0,0.605698,0.004317,0,0.850874,0.056603,0.051773,0.000784,0.555258,3,1,1
0x1622D955ebB3BF47f6E58ed9D702F20f50fEdF7E,0,0.735653,0.133411,0,0.666055,0.152542,0.153833,0,0.685967,9,2,0
0x38857C53834E940B1a05E6D2348d70450d51C073,0,0.6,0,0,0.802587,0.705882,0.75272,0,0.726507,120,0,0
0x4777FFF212B2111c0Fd827953e7bc68b560Aa21D,0,0.600561,0.000421,0,0.844605,0.038461,0.000199,0,0.539054,2,1,0
0xcF4cA1421EFe8d62c2AB9E23746E037e2a7aa06D,0,0.614805,0.011399,0,0.860166,0.090909,0.042512,0,0.56925,5,2,0
0xEb00Af6FE0eeD4425bB48CF516d85e5EdB08D6be,0,0.629547,0.023369,0,0.851347,0.21875,0.582985,0,0.675144,14,2,0
0x56cdD4168D782F1e0Fd6d82bca8E4a4DdE50ECC2,0,0.822452,0.27319,0,0.746633,0.561403,0.966347,0,0.889429,64,2,0
0x77726e6A7DCD8D9E34b36E2585A56c04Ee31FbbF,0,0.935704,0.610345,0,0.786273,0.747474,0.981376,0,0.964133,148,5,0
0xF907d71b29E0DEbA3b6d602Af9d51ceE117Cf719,0,0.6,0,0,0.843643,0.019607,0,0.000999,0.535419,1,0,1
0x5cF5679f0D6173280213Cd1aE04239defd443e9e,0,0.6,0,0,0.705994,0.056603,0.325872,0,0.56554,3,0,0
0xB2619CbDD6cD25B3e59CF9609c894ddEc64AEcC2,0,0.6,0,0,0.709744,0.107142,0.011466,0,0.526969,6,0,0
0x147b529da113C325f0f5a08b6AAD3eC3C8b75598,0,0.6,0,0,0.834744,0.479166,0.96428,0,0.729164,46,0,0
0xC07B2d3E78bC277b556C0b507A3C69ee422DF1c0,0,0.688975,0.079038,0,0.658368,0.152542,0.390689,0.450549,0.625561,9,1,1
0xe270Bc6e22C100F5207d115530Ae094F67E0E448,0,0.6,0,0,0.854629,0.038461,0,0.000999,0.540142,2,0,1
0xCfB37B70Ee2391a49A9295098bC16ded2C7a1Da0,0,0.828551,0.285672,0,0.667708,0.342105,0.809414,0,0.863742,26,1,0
0x8fF20aA0D2Bd1aAB12dE0ceB5948258a875Bd984,0,0.947547,0.665305,0,0.294041,0.431818,0.879593,0.408376,0.936608,38,2,1
0xc25729C08dE61D09E6D4A56356e719f0D3318dfe,0,0.606715,0.005096,0,0.851811,0.038461,0.002195,0,0.546405,2,1,0
0x6EA39c149Cc0b1D29a85c731137879e82fE0d766,0,0.6,0,0,0.40156,0.056603,0.838704,0,0.588623,3,0,0
0xFA264FC7b2F28A65b014cBE1A2DAf68416a09b42,0,0.755798,0.160649,0,0.848292,0.438202,0.979352,0,0.843166,39,3,0
0x5011Ea71f006B3907C6655B241bBEf0Ec6f7D1D4,0,0.976057,0.824929,0,0.583211,0.931129,0.996307,0.356734,0.976771,676,6,1
0xb0159a82A4B3e6082bc289fb446baD6926c5C1D7,0,0.914997,0.526452,0,0.575428,0.484536,0.817218,0,0.933297,47,3,0
0x7176A0CdE52D249dC9dA2BD57922a408D71110bF,0,0.857009,0.350319,0,0.755196,0.456521,0.966997,0,0.907783,42,2,0
0x985Fb616946D23dca45482a0627a33B00127e1ef,0,0.6,0,0,0.457626,0.784482,0.547224,0,0.659116,182,0,0
0xAb6a56dDB7D7060F1Ba3B2134f3AF9ad551E132e,0,0.60024,0.00018,0,0.859646,0.056603,0,0,0.54404,3,1,0
0xaFD73B36031016B0e70988CB8e9ea51533FF502b,0,0.861779,0.362316,0,0.753007,0.431818,0.943829,0,0.908517,38,2,0
0xd333Bc5c9670C9cEb18f9A2CF02C6E86807a8227,0,0.879122,0.409242,0,0.75331,0.537037,0.849347,0,0.92075,58,3,0
0x4319e7238c8049b85488E47c47D6F553C2f37AAa,0,0.894157,0.45467,0,0.69974,0.315068,0.489691,0.087429,0.897824,23,5,1
0x7F465E30bA28401B6b9e6323342F923C66a9CDee,0,0.861101,0.36059,0,0.694511,0.549549,0.841425,0.37544,0.891691,61,3,1
0x5d0fc11Df62a21BAC401b124a0b963f376405794,0,0.681241,0.231476,0.106659,0.642097,0.553571,0.314411,0,0.704745,62,2,0
0x2fe1651B484fD7e2fFbC8ba1635fb96CEa950ab8,0,0.6,0,0,0.081982,0.137931,0.947363,0.988303,0.463377,8,0,1
0x7d6e74D0C1298Cb8A5DF19EA8899a9A73E46c241,0,0.471934,0.07528,0.119471,0.738111,0.193548,0.290276,0,0.468467,12,1,0
0xF8eB86a7a64b1BecfDc8BFd88cEf4ee68DDd82D7,0,0.6,0,0,0.613059,0.50495,0.894548,0.939769,0.606573,51,0,3
0xa09040FC1fD9806B3B48742aC6089011ac59cF6A,0,0.6,0,0,0.744681,0.411764,0.939237,0,0.705136,35,0,0
0xcBeCAeC9c68496EDdF3e54cD24a9180f0A552ABb,0,0.6,0,0,0.70594,0.038461,0.019607,0,0.517242,2,0,0
0xb41566d0c6fF6062732fe86f4bCE0622306dD79f,0,0.6,0,0,0.71044,0.074074,0.005173,0,0.5212,4,0,0
0x5F274f369068DD1ccFB565b6365C447C661B8aad,0,0.87582,0.399883,0,0.727916,0.456521,0.460101,0,0.893145,42,5,0
0xf60F84c79d1f0B5Ccf53577F13741afAbebA7975,0,0.6,0,0,0.621856,0.152542,0.349889,0.72951,0.496239,9,0,3
0xB5c8E0091A96e8B8F7A0C62767B13AE134307213,0,0.6,0,0,0.84358,0.019607,0,0.000999,0.535408,1,0,1
0xaA844a4b3F18796f2613FDE3A2aF1cb6A57601d8,0,0.6,0,0,0.851818,0.019607,0,0.000999,0.536842,1,0,1
0x4bE2AF8975705494f47B828F5ef39e7605052138,0,0.6,0,0,0.817079,0.253731,0.879221,0.970035,0.599579,17,0,5
0xCED11FBF2D65929d0aA5f3b2b4763eAc8c296E73,0,0.6,0,0,0.854668,0.038461,0.000399,0,0.540307,2,0,0
0x30888c2eDca1879D9b332E6106aFFb8E3EbDC7e5,0,0.6,0,0,0.850403,0.038461,0.003984,0,0.5401,2,0,0
0xc98d4e715Dc7c011f6d88A43732Bc8315EcA41d3,0,0.6,0,0,0.705884,0.107142,0.005766,0,0.525443,6,0,0
0xDAEa0E784FbF134945bdA128d62Cf3F899DfDCd1,0,0.6,0,0,0.747765,0.107142,0.031945,0,0.536655,6,0,0
0xEE64cfe4034c1Ad47Ba49638FC592650E986A3E2,0,0.6,0,0,0.650865,0.074074,0.003785,0,0.510578,4,0,0
0xc0452197C14e5c1Ae74D26CA65dD4E58a968dcaB,0,0.6,0,0,0.727748,0.180327,0.965029,0,0.67626,11,0,0
0x11Bc19056032962Cc8aC8C50F26345C7192781e2,0,0.609599,0.007323,0,0.850348,0.056603,0,0.000998,0.551158,3,1,1
0x57ACAB4d3d3Ea02cbD78c94161fE513f68298F12,0,0.6,0,0,0.087211,0.264705,0.792307,0.933492,0.46552,18,0,2
0xcfb2dFCe734F2F5956c6A1CB93ceDf35Cd4790CF,0,0.934974,0.60714,0,0.630138,0.21875,0.826815,0,0.940629,14,2,0
0x5fF5d45698f78B17eE0893BD180d763666AD5C57,0,0.601188,0.000893,0,0.859624,0.074074,0.003785,0.000979,0.547989,4,1,1
0x9eA0dE5Ae7A2cC108e5c6E835B9b07634aB25418,0,0.64786,0.039176,0,0.855891,0.206349,0.069074,0,0.620871,13,3,0
0x00000EE4618bF11DEd9737e498cd3D918b664426,0,0.832935,0.294924,0,0.629688,0.770642,0.979275,0,0.901198,168,2,0
0x2261db48612c2b64dE3216eF5C605E89853DBF6F,0,0.6,0,0,0.522406,0.107142,0,0,0.492493,6,0,0
0x50d9753D966764b068c56493D0F8b0296Ab0B24E,0,0.647261,0.038642,0,0.849364,0.193548,0.154119,0,0.629379,12,3,0
0xd3A1D0DDc15b5eC970aaE0E595AcB81E9536f122,0,0.6,0,0,0.415619,0.21875,0.013417,0,0.49256,14,0,0
0x20eebeB9F65027f0150D3cddd29a6f33fbeCd319,0,0.801746,0.233883,0,0.803754,0.850746,0.983718,0,0.897645,285,5,0
0x67252BEf6bd19EF884374341108E4b89CCC21aF4,0,0.6,0,0,0.843669,0.019607,0,0.000999,0.535423,1,0,1
0xa04e882B072f477500FdA5A2c2F0fC00D87B3dda,0,0.6,0,0,0.482024,0.431818,0.328588,0,0.582649,38,0,0
0x32e01149f656f6062168Ea437a3E3192fd669c8c,0,0.6,0,0,0.862604,0.107142,0.106185,0.000999,0.567441,6,0,1
0xCA7fa549fa8FfC028D452c3C752eAe4cddd00138,0,0.982493,0.867627,0,0.622105,0.85119,0.998085,0.473458,0.977935,286,3,2
0xB8747785f6dE7c821FD0DA057659960BA11a136e,0,0.561679,0.020056,0.032987,0.61082,0.038461,0.003785,0,0.463763,2,1,0
0x41E315CD4234F19A2e29e3Ea76114f6fa98e41D0,0,0.6,0,0,0.35235,0.342105,0.272092,0,0.538712,26,0,0
0x696bB8B00d072428d4f977bCB977F60Bbc229aa1,0,0.66893,0.570781,0.411524,0.634162,0.404761,0.92591,0,0.710929,34,4,0
0xf9D0fB2aAd8e195feedF82C102281fa308F76D39,0,0.606525,0.00495,0,0.843662,0.038461,0.0261,0,0.548366,2,1,0
0xEd521d16Fb291E1e3525Bf07df6Dd01EeeA34C2E,0,0.967223,0.770705,0,0.778277,0.9269,0.972536,0.184995,0.977576,634,9,2
0x7D78dD0f953dbee6Ce8d50Cef43f8718Cf05A01d,0,0.222972,0.33655,0.458128,0.771101,0.285714,0.761188,0,0.316368,20,1,0
0x1079ff1C24f953AEa76965d0cDB8178Bf189E923,0,0.712519,0.10508,0,0.78142,0.333333,0.782447,0,0.774333,25,2,0
0xaea8E3Bd369217CC6E3e6AbdDf0dA318fBA8E59b,0,0.996698,0.97301,0,0.728458,0.671052,0.99971,0.30708,0.983949,102,4,1
0x62A96Ee1DBF5feC65f42f5acC804aeE324077cb8,0,0.724846,0.119811,0,0.764893,0.264705,0.508406,0,0.745741,18,1,0
0x67cb9c8FbAE47c4fC859ccaB86C213Ee6e458d9E,0,0.543711,0.20208,0.180826,0.772637,0.489795,0.737808,0,0.641703,48,2,0
0x6a937e1F0c02903DE88A40C848d452a9ec08c061,0,0.954821,0.702038,0,0.721791,0.883449,0.996713,0,0.97347,379,2,0
0xe9942F3322FE8B3a7bEE238aAdE682bc0d294777,0,0.6,0,0,0.848496,0.056603,0.002792,0,0.542294,3,0,0
0xCF5E37E471F53f3FA3092b7462DC735641D5197b,0,0.85975,0.357168,0,0.833208,0.375,0.994737,0,0.911454,30,3,0
0xc66b91ee9e0c4e69f63638ef896cAf8cb2a44D9E,0,0.6,0,0,0.843679,0.019607,0,0.000999,0.535425,1,0,1
0x9Ce39b245D7c2C3bda48eB370D615A337602966B,0,0.605266,0.003986,0,0.860256,0.090909,0.104103,0,0.569339,5,1,0
0x3A6D8cA906108a5a5b02fdFD72efcA5153220747,0,0.6,0,0,0.713821,0.074074,0.382487,0.746707,0.503731,4,0,2
0x93F7D5C4DC3d5eCe07bc17ac17D1eAaAd38BBB80,0,0.6,0,0,0.619622,0.056603,0.053568,0.155405,0.49442,3,0,1
0x89cBD77e0F6c492C29240131A74A6d3aF0A7DC9d,0,0.761482,0.168818,0,0.739563,0.285714,0.926754,0,0.819658,20,1,0
0xdfB0e7121f1d20E5A8F43bc0674f6b088b3ba77A,0,0.770757,0.182648,0,0.682453,0.206349,0.401555,0,0.76197,13,2,0
0x37141E301a550B62276e806560E0b6A907dF5d49,0,0.648026,0.039325,0,0.541106,0.324324,0.103782,0,0.590298,24,1,0
0xD69B6671c3957393ACF83aDa85800a3f5d9BC072,0,0.917687,0.536575,0,0.773791,0.253731,0.992248,0,0.94127,17,1,0
0x1ed6451C89dD28802D79b3e692Fb5e71b909361F,0,0.6,0,0,0.84161,0.019607,0,0.000999,0.535065,1,0,1
0xC59f5B1ebA8614bE4b720440fe8cC48B290aBeB3,0,0.910864,0.511303,0,0.658485,0.418604,0.867976,0,0.933503,36,4,0
0xF85a2b81471aBe8584c70bFC60b7e0847244CA66,0,0.959509,0.727047,0,0.767076,0.723756,0.987309,0,0.973513,131,4,0
0x8409BE8Aedc057D59cC7B0d53aBcE88590BB842C,0,0.818398,0.26513,0,0.802433,0.456521,0.969512,0,0.884434,42,4,0
0x51BD7532B3c655DAFF12d80743A671CA17eF4298,0,0.782473,0.201059,0,0.850209,0.253731,0.893589,0,0.84196,17,2,0
0x02bBaE4d2310CeE2Ce5c36Ed6796D204CFbe2c0f,0,0.575557,0.219525,0.174368,0.647437,0.324324,0.428244,0,0.583419,24,3,0
0xa052e19DA8DE9F63CC5780B2C92B39B7A2016d46,0,0.461353,0.0827,0.130631,0.74791,0.074074,0.35048,0,0.451252,4,1,0
0xE559f28C86650002B7cE5C3bAAc729aE14165F2D,0,0.976178,0.825709,0,0.798276,0.668874,0.985372,0.011415,0.979483,101,8,1
0x09297A47E8034864e528f5cFF0037e04bA5456B5,0,0.6,0,0,0.854604,0.038461,0.062265,0,0.549501,2,0,0
0x744Dbe9ef7c92c7C9d2fD1337a17E26e1FeaCB1c,0,0.801167,0.232847,0,0.325652,0.230769,0.349889,0.331664,0.720717,15,1,1
0xad44438923400ce0b520882a796c8D086305e7FC,0,0.600266,0.000199,0,0.851835,0.107142,0,0,0.550222,6,1,0
0xAdf24908714aB2665128846BB901d1aDBA1bf090,0,0.6,0,0,0.401362,0.038461,0.009704,0,0.462534,2,0,0
0xC35d6B71B68B5E3bABBB8A3bcD3DD9a47B9DA8d8,0,0.6,0,0,0.735116,0.074074,0.042145,0,0.531038,4,0,0
0x1b2e1C5935c2b0CcA46D5c6d332D60796761D6fC,0,0.41428,0.118545,0.183104,0.57451,0.074074,0.113789,0,0.344683,4,1,0
0x2f1605b6d53809Fb703992aaA1dc55685D7aCE97,0,0.656139,0.046691,0,0.758119,0.056603,0.213712,0,0.612126,3,1,0
0x2fFd851e76c8eb58856988F9d415A4109A9af905,0,0.6,0,0,0.802115,0.038461,0.130283,0,0.550508,2,0,0
0xC1Ddd2dED9419c3A1a50f6878e0715DB726C58Ac,0,0.284921,0.24911,0.356052,0.7087,0.242424,0.602037,0,0.33642,16,2,0
0x1dF2535cf0956AbEC21C4738534885d3849d6578,0,0.794202,0.220636,0,0.855088,0.444444,0.533712,0,0.838353,40,6,0
0x02d443A6CFAD672C0A95e4a0B512dc571CA4b9cE,0,0.595612,0.002205,0.00367,0.706078,0.056603,0.008133,0,0.514352,3,1,0
0x8Da075397256109A6EF9e7b0fe782DAeff0936E2,0,0.832583,0.294171,0,0.791233,0.568965,0.944061,0.707053,0.86946,66,3,1
0x60364E0346bD870DcC2ce2007AC99C6d12d67e9a,0,0.572559,0.014174,0.023402,0.650741,0.152542,0.007739,0,0.49827,9,3,0
0x525D2b9f443615546a2366D21b41804E3Aaa5e60,0,0.175458,0.915501,0.937893,0.75565,0.450549,0.99761,0,0.296786,41,3,0
0xc4714B7aC82408B0813A07Ce0fB5b783E58f9D27,0,0.757895,0.163637,0,0.61016,0.242424,0.135247,0,0.711526,16,1,0
0x28Afbdcc167db5101Eb55006D5E60Ed3e7E88dAD,0,0.326453,0.200882,0.295261,0.717823,0.275362,0.392245,0,0.352538,19,1,0
0xe53470DfC6823Ed12288b29a20c3C9Ad514F2AA2,0,0.6,0,0,0.714748,0.342105,0.86891,0.860821,0.604106,26,0,1
0x0c328C36a1e49b16054d35cAACF2D3e6424b4860,0,0.946398,0.659717,0,0.756002,0.650349,0.935692,0,0.965387,93,4,0
0xaaaD5886412fdeaeb475770a5044BCdb88c0BCd3,0,0.824489,0.277311,0,0.741067,0.333333,0.851645,0,0.868703,25,1,0
0xC20e318fe1830DE929bB8eE57F6209a89F0ab00F,0,0.952313,0.689096,0,0.73002,0.6875,0.998012,0,0.969364,110,1,0
0xDa19088E45F10E82BCa2B435a88Dfc9667cc3E23,0,0.89138,0.445913,0,0.559712,0.404761,0.732047,0,0.907399,34,2,0
0x20B5db733532A6a36B41BFE62bD177B6FA9622e7,0,0.365541,0.512951,0.551749,0.748613,0.683544,0.887138,0,0.47807,108,3,0
0x13ACf1d8F1C17dC4D0AE60546b004425480B70a5,0,0.6,0,0,0.681415,0.438202,0.931738,0.919698,0.615638,39,0,1
0xa46B695D91F4a50e237479bf71f2Dc7e0c9b5120,0,0.936525,0.613975,0,0.697405,0.773755,0.965241,0.247055,0.958794,171,7,1
0x110CdFbC337895f2c3b23fA212DFDC83123815E4,0,0.878304,0.406902,0,0.423072,0.72067,0.964056,0.6028,0.895846,129,1,2
0xC4a980af292D7644Be102B7b2b617a6B3B39f828,0,0.658735,0.049098,0,0.268986,0.107142,0.016135,0.032679,0.505881,6,1,1
0x02668BD758068d1ff40dcDD2ebc6f344C70A030d,0,0.6,0,0,0.454407,0.019607,0.006754,0.032882,0.465244,1,0,1
0x007Fc2b70207af311994Dd9dbD925e411eC89e7a,0,0.85874,0.354629,0,0.753544,0.425287,0.728982,0,0.894563,37,3,0
0xc3dD6b9A4b7b51738E592773Ad0faD4A18cDC9EF,0,0.987067,0.899788,0,0.733323,0.626865,0.992049,0,0.982182,84,6,0
0x78A91f0da383999CB67B16e22A785E4Ebd775b60,0,0.6,0,0,0.760309,0.864864,0.810835,0.609832,0.697137,320,0,1
0xdD0Bb96a8CB362d6690E39689889373c5CD95Fb0,0,0.87753,0.404704,0,0.273947,0.107142,0.565103,0,0.842132,6,1,0
0xDF4F75252dA6297091C60F5f64ED506c539745c7,0,0.761131,0.619917,0.362554,0.650316,0.917355,0.987091,0,0.848758,555,4,0
0x73fC678cd1E7b646E42faaFd91Ca57Ec84D0F82a,0,0.324824,0.496354,0.554881,0.762131,0.382716,0.873041,0,0.402013,31,4,0
0x40Adc755c1ba22085555a98E70e9f190CF0F33de,0,0.6,0,0,0.843613,0.019607,0,0.000999,0.535414,1,0,1
0xfeE6f592e7Da9b955F244404c5D0D1dBE5Dc7bCB,0,0.378755,0.149109,0.226046,0.617646,0.230769,0.374061,0,0.376718,15,1,0
0xc4ABF2509Ea9084b1A3e212fFF8daE2CA36B8f83,0,0.960327,0.731524,0,0.652708,0.717514,0.975121,0.604564,0.963878,127,5,1
0x4Acb21aB63686264FcF5Aaa0A6E0Af57be3f9bFb,0,0.574912,0.012921,0.021352,0.851813,0.038461,0.005173,0,0.518079,2,1,0
0x58943587D676a9aa99d7Db3a59a3e0D59855a43C,0,0.827603,0.283703,0,0.814613,0.847094,0.937087,0,0.910718,277,4,0
0x07567b95880b4d9A3a031f5A64cE60F1c90070CA,0,0.826949,0.683148,0.337031,0.80926,0.923195,0.964917,0,0.900143,601,17,0
0xD40F4c6A86B9CeffDb96dF57CE3e4E5e65531DF4,0,0.6,0,0,0.7049,0.655172,0.995877,0.992205,0.651849,95,0,1
0xBcAa3b87698778F6Ef206E68bE6dFB4A721d4Cf8,0,0.891288,0.445627,0,0.752817,0.166666,0.976301,0,0.918359,10,2,0
0x0e7121299279d976C246957617DB97a81A9A1a4B,0,0.981901,0.863584,0,0.720747,0.553571,0.997648,0.287697,0.976904,62,4,2
0x0A009741192Aa0BFFE53B376E000CE7435F00012,0,0.958273,0.720345,0,0.833537,0.629629,0.998876,0,0.972937,85,7,0
0x0cd61687F04B0E9380548c139f0e36bBf6bAF9ba,0,0.283065,0.328428,0.426218,0.838238,0.382716,0.536951,0.296311,0.328975,31,2,1
0x082A865b449032952850FB474f62CFfd3690723C,0,0.698596,0.089367,0,0.629356,0.107142,0.087091,0,0.624299,6,2,0
0x01AC7e293ca033Aa09338fe9Da508e45085Da255,0,0.801705,0.23381,0,0.402388,0.438202,0.246987,0,0.768622,39,2,0
0x0a9B87Ddc7C30187076D9acd8D018cA9E7394B9a,0,0.6,0,0,0.843668,0.019607,0,0.000999,0.535423,1,0,1
0xbB3d4097E9F1279f07E981EAFF384Eb6566fbE2d,0,0.922844,0.556601,0,0.641419,0.21875,0.831938,0,0.93241,14,1,0
0xA7C24974733A0ce63608c256a6541D208B290E3d,0,0.568562,0.016317,0.026902,0.708388,0.193548,0.036051,0,0.515128,12,4,0
0x471D4835E240a5683d37CC6e5787c420428D7661,0,0.590565,0.004769,0.007924,0.759999,0.090909,0.016135,0,0.525599,5,1,0
0x5984bb82F11171cb1DC2287E2A6935c44D491538,0,0.581569,0.673134,0.591066,0.875708,0.264705,0.977405,0,0.61712,18,2,0
0x59FA5aF2e51dfd06bAa037ac1b7dD19811E0B379,0,0.825001,0.278353,0,0.54286,0.230769,0.814766,0.555561,0.809765,15,1,1
0x43fcFCa0Ad4324a262A4896834B8Dc4e13E70015,0,0.6,0,0,0.750467,0.166666,0.039938,0,0.547181,10,0,0
0xfAD52C91dE37230cBA7eA5b3aE98Ed44b1737Ef6,0,0.665444,0.705079,0.565281,0.664856,0.590163,0.950142,0.580951,0.646972,72,5,2
0xF732428A49b346FfC80270edbd19CB79060533C6,0,0.6,0,0,0.756075,0.681528,0.98561,0.994236,0.661915,107,0,1
0xBDf8800Dd7f14ee8A171330041EfF38875f26441,0,0.6,0,0,0.496409,0.166666,0.019607,0,0.499813,10,0,0
0x55bf9FE03bC7AD5c07a15d5de1D59Cc55462DA95,0,0.6,0,0,0.831639,0.074074,0.287546,0,0.583976,4,0,0
0x66a2dF1F94b5868FF79858bBeb1b76136AB7DcB9,0,0.6,0,0,0.738757,0.350649,0.952352,0,0.698239,27,0,0
0xF4c22298db921Bc29417d3316BBC2A2031849b8c,0,0.6,0,0,0.853913,0.019607,0,0.000999,0.537206,1,0,1
0x48c873ed0A267c7E543C19683ABc60fb0eEFCA02,0,0.658356,0.048745,0,0.579233,0.193548,0.012052,0,0.574823,12,1,0
0x2B1310ea509CbD11FF6f7F5553293998f53f4959,0,0.6,0,0,0.76791,0.074074,0.595894,0,0.617634,4,0,0
0x3f0785ea8509074cF78334E7cB5235C30Dc6e76d,0,0.608244,0.006274,0,0.839814,0.324324,0.333688,0,0.635068,24,1,0
0x9943ab699B0Cf1D2d7b0aB7114249b53713370EA,0,0.6,0,0,0.6488,0.6,0.988944,0,0.720617,75,0,0
0xb4fF70F06c41306e31cbBab69e5ACA0e7d0142F9,0,0.871971,0.389236,0,0.782862,0.375,0.892129,0.362845,0.899617,30,4,1
0xeC962fb02938608AEa913169e985777F18Fb937c,0,0.6,0,0,0.449629,0.038461,0.001597,0,0.469731,2,0,0
0xEf00a765D2D463E295284606781C0b9C1e920b80,0,0.766461,0.176164,0,0.706211,0.324324,0.375936,0,0.770509,24,3,0
0xB63AcA895Ca814db5081D70b47cAce1D85BD6D7e,0,0.918956,0.541427,0,0.749054,0.803921,0.995103,0,0.95703,205,4,0
0x932B6a952394F052263ed41a39a19EF65dd79279,0,0.673243,0.063008,0,0.754718,0.586776,0.203187,0,0.698246,71,2,0
0x27B89050D7Ab1655310D2142ED90d4f2Ed189c8e,0,0.926772,0.572418,0,0.634832,0.285714,0.782542,0,0.93567,20,2,0
0x458724EF85e02F4587cF42d887605830817c30aF,0,0.760715,0.167703,0,0.635867,0.180327,0.351995,0.435442,0.701602,11,1,1
0x9aa21192dCBA52701E002dC598D7d052d4D00C52,0,0.929896,0.585363,0,0.570489,0.561403,0.962127,0.188596,0.946253,64,1,1
0x9e9993B3447D9FFA00f7C2A15C710D6fBb76541c,0,0.6,0,0,0.633538,0.193548,0.0261,0,0.528784,12,0,0
0xcD5AdCB3A1F63180f8d4F75d8F12DE8883F7c641,0,0.962635,0.74435,0,0.71755,0.922118,0.990827,0.443977,0.97241,592,4,2
0x42F76892b4ea3042820B1A96Ce8326004790795A,0,0.811711,0.252235,0,0.781463,0.180327,0.565066,0,0.82737,11,2,0
0x7483c763B583DF7EC0E57c4122Ae938F312b1C6c,0,0.6,0,0,0.758926,0.137931,0.021334,0,0.541605,8,0,0
0xcD833f78dAeBf9F744d06BC8728c47D9482486c6,0,0.6,0,0,0.637673,0.056603,0.235941,0,0.540385,3,0,0
0x89FbDdd5b83c661D29db5ce9C6110Ba3D316F5D1,0,0.926845,0.572714,0,0.643652,0.671052,0.911943,0.495943,0.942392,102,4,2
0x646Ea661a5243caf0C5C6f0DDD1195faf4c7580b,0,0.823868,0.276049,0,0.297466,0.152542,0.17979,0,0.743281,9,2,0
0xe1bf672c69DC48B77cDBa9Ca86020afc85D63b39,0,0.719218,0.112986,0,0.749195,0.462365,0.538191,0,0.763822,43,2,0
0x3DA15042228950228909B21451d8f0926Aca1Cf2,0,0.71696,0.110295,0,0.463812,0.242424,0.822386,0.93059,0.652325,16,1,2
0x787f8cE0A28609109998A44b0c4eE528ABc9da72,0,0.873819,0.394312,0,0.770718,0.864864,0.998943,0,0.937251,320,3,0
0x55C2256580C84b150aA435F1E06A2C9002b1d88A,0,0.6,0,0,0.78881,0.572649,0.965267,0.990738,0.649904,67,0,1
0x1e0137f2D35A1541c4D58C65742F7433008C01c2,0,0.96219,0.741857,0,0.788682,0.894514,0.992575,0,0.977404,424,13,0
0x60E29C840D28E8039D786d29e3a8A53EC840e57F,0,0.6,0,0,0.843632,0.019607,0,0.000999,0.535417,1,0,1
0xe054f451357b5B05C34F7F82B2805B297275cB2d,0,0.6,0,0,0.610599,0.038461,0.154977,0,0.520858,2,0,0
0x6a477bC018CF55A03733D6a1589CC162fDb4D48C,0,0.672595,0.06237,0,0.519847,0.166666,0.224204,0,0.606415,10,1,0
0x4Bf03C8fF08753b2bb5dfD45223E090E5b8B509E,0,0.6,0,0,0.745728,0.019607,0.184871,0.531396,0.493036,1,0,1
0x5e452aBE0693b167bD8CAAF65483FdcCBecBa05e,0,0.23923,0.311489,0.42988,0.714447,0.253731,0.931356,0,0.340705,17,2,0
0x48188eE4489e45abeb5d1DFF7bf5E38Ff7B55f27,0,0.6,0,0,0.830737,0.074074,0.009312,0,0.542781,4,0,0
0x35282514072ea4F3eDCf6b7Ea173Efd774559E5c,0,0.707006,0.223081,0.079793,0.8374,0.152542,0.696896,0,0.753539,9,2,0
0xc496E4ABeD64c886f0eF19d5e89530CBD4DBb896,0,0.6,0,0,0.736268,0.324324,0.902189,0,0.688109,24,0,0
0xBf45101f96E46214CFf11DF3BE101fd1c35A66c2,0,0.6,0,0,0.715817,0.137931,0.043428,0,0.537401,8,0,0
0x29Fd42F4B0e9177361FE3232c37a38D8eFA3e94D,0,0.6,0,0,0.552168,0.152542,0.289368,0.580008,0.489917,9,0,2
0xC8a70BAbB2c9e2C6b93C317Ca821880610A07026,0,0.6,0,0,0.275608,0.275362,0.849042,0.948191,0.507072,19,0,2
0xC8d250541286993FaFd6F0f3482c1B45ee9ae5E2,0,0.811857,0.290872,0.022188,0.822958,0.494949,0.955497,0,0.884769,49,9,0
0x54B6Ef39dCf89bb9063e0719C001126e8a114A0C,0,0.6,0,0,0.53119,0.253731,0.11426,0,0.533108,17,0,0
0x2C83636A2d6809a1A58bFd0eEDe7DB666ba5A5eE,0,0.949639,0.67562,0,0.633457,0.39759,0.98541,0,0.959557,33,2,0
0xfeaC9AA9aaBa8645d1d582aB003a0FdC0F16D2Ab,0,0.6,0,0,0.414785,0.074074,0.005964,0,0.469631,4,0,0
0x476e93E40E12dA89B832E866E97EfAF227e4CC4D,0,0.685945,0.07587,0,0.767523,0.285714,0.117075,0,0.66193,20,6,0
0x987c06bB614265CEE784D237dE13Fcf1cD9A685d,0,0.269087,0.2695,0.380757,0.789809,0.489795,0.701403,0,0.382241,48,1,0
0xBe91eefEFa19De7a2caF64785CD92368942E1f56,0,0.883811,0.422899,0,0.822745,0.411764,0.810656,0,0.920258,35,5,0
0x0842a58cDc284cC2e98CF15F7d786aA19D3E2B14,0,0.975961,0.824311,0,0.783119,0.753694,0.995692,0,0.980409,153,4,0
0xAB41FecCd3DA8EE006a7690cD1c609b61C584d24,0,0.868617,0.380176,0,0.83116,0.677419,0.906349,0,0.926415,105,5,0
0xDb3Bd5fD788b9Dc9510E6aBC67a6ea83FE8d89cB,0,0.6,0,0,0.63203,0.074074,0.0099,0,0.5082,4,0,0
0xa941eDc402bE3C88CF51E889Ad4B9854C8fd05e5,0,0.979872,0.849894,0,0.658938,0.647887,0.981172,0.41643,0.974879,92,8,1
0x51d9Cd15BBB9976852bCA40fEAc24E3b4a27a6E4,0,0.590565,0.004769,0.007924,0.708945,0.180327,0.040859,0,0.533757,11,1,0
0x96678a33009de1256c3c52ccd9253072E4C1dBDD,0,0.6,0,0,0.543101,0.166666,0.043062,0,0.511499,10,0,0
0x792d60c8CC312b28456Ec4BeA786583cAbf02632,0,0.889962,0.441507,0,0.869641,0.425287,0.94189,0,0.932374,37,4,0
0xA8A641E8Df3D4BA4f2eD25Ac8548Ae5743D53B47,0,0.969381,0.783511,0,0.639268,0.820788,0.98388,0,0.97659,229,5,0
0xdC294C326D06cfbe2FC86799e43A7D9A56959Ebd,0,0.6,0,0,0.770589,0.107142,0.309392,0,0.581596,6,0,0
0x14F317040944261970aa6Ed3909B15D67ea96889,0,0.690776,0.08094,0,0.783674,0.152542,0.456698,0,0.69613,9,2,0
0x11AB84D9eB05Db1E4CcDfA42A7Afd7E4e1454141,0,0.6,0,0,0.714893,0.285714,0.12111,0,0.570653,20,0,0
0xf2eae206F22AFE2b9b1C71A274a85bD0D4CDeaC0,0,0.991349,0.931374,0,0.85521,0.710982,0.998762,0,0.985748,123,4,0
0x165e17187F809d78e5E6cBdff24E670d75B11fA8,0,0.93556,0.609713,0,0.785277,0.816176,0.997644,0,0.965771,222,3,0
0xFeD5F381870ccF1539A42b473893c7683242914b,0,0.6,0,0,0.632406,0.81203,0.989395,0,0.743366,216,0,0
0x528a20B38853132F999A055Bb92b2F97b5e78b7e,0,0.6,0,0,0.843651,0.019607,0,0.000999,0.53542,1,0,1
0x7d207f9A5cFa2313C23D91A1Ab45d2B8D74229B6,0,0.702023,0.093148,0,0.747818,0.206349,0.084249,0,0.66028,13,4,0
0x6d1752EF20216bd482267fdC1e3eF78CDb1d1a66,0,0.965542,0.760909,0,0.729333,0.691358,0.969848,0,0.97452,112,7,0
0x585214216D3524D6d7E8c59921d0706ca49AAAc2,0,0.919254,0.542576,0,0.796559,0.637681,0.967633,0,0.953638,88,6,0
0x4966d1e2be75DA8E2c323963d8c9ba22438A575F,0,0.231712,0.322871,0.442806,0.62561,0.411764,0.86991,0,0.33282,35,1,0
0x8931835A523228f799dEab267dF535817163A231,0,0.620173,0.366889,0.262952,0.744775,0.537037,0.949225,0,0.728755,58,6,0
0x9DAd3FD0DE17daC799ff52B97C495A4fdEB62212,0,0.623448,0.018339,0,0.650945,0.038461,0.007739,0,0.528414,2,1,0
0x3a00d9a2989bbcd25D3966342A0154706aC174fA,0,0.6,0,0,0.623255,0.549549,0.244142,0,0.611231,61,0,0
0x62274Bfe1579c28420fBfA74AB0FCBfE9e03D1ED,0,0.788315,0.210659,0,0.733593,0.242424,0.702132,0,0.818273,16,2,0
0x945d5bcda8dCd9Cd8b221fd23CF4b6C0E7e50bD5,0,0.932088,0.594649,0,0.841003,0.342105,0.965291,0,0.953943,26,4,0
0x616EF2901FD134C205e1df6792C55B0d678DE278,0,0.830341,0.28942,0,0.351697,0.285714,0.752768,0.720137,0.782861,20,1,2
0x82E8936b187d83FD6eb2B7Dab5B19556e9DEFF1C,0,0.965891,0.762933,0,0.803165,0.444444,0.991102,0,0.972511,40,3,0
0x2Cfb9c7e3f03De8Fc034951D9651e918C760E67c,0,0.6,0,0,0.537044,0.450549,0.818261,0.241849,0.641176,41,0,1
0xF1E749A2DC9d618BcdB8c1819576AADFAA46d61E,0,0.331092,0.589943,0.634819,0.804944,0.425287,0.987306,0,0.423868,37,5,0
0xA578994A409696E4d8D1cDcc93ABa4c34022C93B,0,0.662159,0.052309,0,0.74788,0.206349,0.926883,0,0.729547,13,1,0
0xacd65b8E9d50128780a114a16D8e9870E19c82c3,0,0.898653,0.46923,0,0.796522,0.865229,0.985724,0,0.9502,321,7,0
0x655b7a6cC6a58eB96FC1a67Ba3c8d6BA00e1cdB2,0,0.924742,0.56418,0,0.567062,0.596774,0.984714,0.286101,0.942614,74,2,1
0xd2397C7Bb14c1D77764b4D1425153b01c1584Cc2,0,0.788753,0.211392,0,0.749893,0.456521,0.429093,0,0.815086,42,3,0
0xFEb45783C330CD6A630324B6384394edd23C67b0,0,0.919382,0.543069,0,0.782045,0.565217,0.910875,0.676308,0.935054,65,5,2
0xf5792eEFAa1934Bc4aB7d2c25731F3470Eb05F20,0,0.609885,0.096334,0.060477,0.832184,0.166666,0.600191,0,0.652622,10,5,0
0x65B4e3f952df99201479eb558377f743D01c1D01,0,0.742668,0.142606,0,0.637459,0.122807,0.199615,0,0.691524,7,2,0
0x4EA470627a64d616CE5f86aCa42613C3000D7FA7,0,0.6,0,0,0.733441,0.038461,0.265569,0,0.558684,2,0,0
0xae9b59DbB4347869e07254403483490b0F6dd8C1,0,0.759052,0.165299,0,0.815641,0.553571,0.935797,0,0.848131,62,2,0
0x4B0173b2Aa6b8b4ecBfB98206EEc04c95C6a6864,0,0.591863,0.004107,0.006826,0.851842,0.074074,0,0.001996,0.537641,4,1,2
0x489D69939b4Aca357f630055e351A81F1Fbb7Fb6,0,0.6,0,0,0.862568,0.074074,0,0.001996,0.546723,4,0,2
0xBAe774a319ddBD10B0EF6Ae5A75588700550E74c,0,0.607233,0.005495,0,0.855005,0.122807,0.105385,0,0.57515,7,1,0
0x82E6755A5066705e2aEad92Fa64758d068ac59bC,0,0.6,0,0,0.843644,0.074074,0.000799,0,0.543756,4,0,0
0xbaA2866791de9742d2E963F28b8cAb9922BAFC81,0,0.6,0,0,0.757676,0.038461,0.652367,0,0.618897,2,0,0
0x4563FC211AF56a7B31743e3f8731F76415c030A2,0,0.6,0,0,0.525997,0.53271,0.907357,0.975322,0.594381,57,0,2
0xD9F4aF16c779E274411CcE721D84170DD6Dc5f78,0,0.627035,0.021283,0,0.757626,0.122807,0.079359,0,0.573515,7,1,0
0x6a5FD3e6F0e22119B92F58d88D263cA0201884Fd,0,0.774831,0.188926,0,0.755427,0.861111,0.946278,0,0.876286,310,1,0
0x53C0Bed2cd10BfED583B5D2315De0C89Dba040E5,0,0.6,0,0,0.70612,0.107142,0.031758,0,0.529372,6,0,0
0xabe1a006C31497440AEF2BcD1BC7550bC3Fd8ED7,0,0.892846,0.450514,0,0.752065,0.333333,0.992966,0,0.927231,25,1,0
0xeACD36c3B80EFfBB580f4c319Dd78FB215f61088,0,0.6,0,0,0.482308,0.074074,0.457229,0.808245,0.468318,4,0,1
0x47f425C7Cd2Ddc0294193994be84Cf02a2360E77,0,0.788562,0.211073,0,0.636194,0.038461,0.583298,0,0.776318,2,1,0
0xCD248eE3DA4497B0fE1691E29A2881EAbe06C153,0,0.847149,0.326635,0,0.777466,0.763033,0.987327,0.165575,0.913282,161,2,1
0x753033e2B5CE8BdFc78c89EB627ad6F0349B3F60,0,0.6,0,0,0.844644,0.056603,0.000399,0.000999,0.541169,3,0,1
0x8cE7319c5d8dFb2526183C49755649a3d3f0F1b8,0,0.6,0,0,0.749534,0.285714,0.796425,0,0.671274,20,0,0
0x36bb1d4E88CbFf40673744bF77daC7fA8EE5bE04,0,0.6,0,0,0.70366,0.193548,0.129677,0,0.556383,12,0,0
0xA74E28AB0F7e9d42Aa0A120E7f5B779502aA3258,0,0.703439,0.094727,0,0.860082,0.5,0.893478,0,0.804002,50,3,0
0x106469173Df090451f8c78875c4dC7e9E8751E50,0,0.904153,0.487705,0,0.781733,0.61832,0.989873,0,0.945282,81,5,0
0x2bc7996a1C08F726851b4bDc32D5844af931C42E,0,0.6,0,0,0.702037,0.523809,0.996834,0,0.719868,55,0,0
0x1EfA52437444E3C8AA2630cB7ee55fb086Ebddf6,0,0.780805,0.198369,0,0.411831,0.333333,0.644886,0.610637,0.7331,25,1,1
0xA80D3EDF3e358B2633fe7C0E419130BD7CE3d78d,0,0.024239,0.878959,0.923648,0.772836,0.683544,0.990843,0,0.260438,108,3,0
0x3df7e1e81a18775DEE86e38B5770d8D3d77B1A6A,0,0.6,0,0,0.851786,0.056603,0.004777,0,0.543161,3,0,0
0x6494fdbD74547f19e2eD140d35c5634F79fE1071,0,0.6,0,0,0.743813,0.5,0.963194,0,0.718813,50,0,0
0x06dcB3CF8a4C708C975c9D221C90a893B7A94b7D,0,0.601485,0.001116,0,0.858153,0.074074,0.002195,0,0.547872,4,2,0
0x01FaEf5760F405E607317ff0534cf06eE1Bf27c9,0,0.891922,0.447609,0,0.624056,0.431818,0.714823,0.365244,0.899565,38,4,1
0x56eAfc23271e22f2f1bc70D2F19B1657a1C60cD3,0,0.6,0,0,0.273757,0.166666,0.306037,0.688861,0.435292,10,0,1
0x990Cd3EcE8F8EDEa1a47cb5D86aD803C8a527769,0,0.742202,0.141985,0,0.837683,0.509803,0.454088,0,0.790817,52,9,0
0x09a613F9D29E2C14238b219Bd0B78c61ad7D40C9,0,0.667182,0.0571,0,0.726815,0.107142,0.130737,0,0.613462,6,1,0
0x4652d3C8B3373DF2f6cF6b01807554aE1d534fBe,0,0.308895,0.532288,0.592905,0.782387,0.615384,0.989366,0,0.438556,80,3,0
0x2c2391b1d279d3B6963bfba7D2E9C9AD9a9aA05f,0,0.833061,0.295192,0,0.664684,0.193548,0.572539,0,0.838312,12,2,0
0x19668553D1f43aCC59976407bccd85b6Cb1453b0,0,0.58436,0.007965,0.013205,0.851774,0.107142,0,0,0.536063,6,2,0
0xA5e4Edf63486Dae41d335049337557Ece80Ea531,0,0.118244,0.55001,0.67074,0.610304,0.390243,0.87616,0.62321,0.196214,32,1,1
0x4A253CE067875220f44938997Dd58b93d02cb145,0,0.987549,0.90327,0,0.21187,0.612403,0.991303,0,0.974544,79,4,0
0xbA47bbadd1dd94dCE3268f055D6C7F0f65AD7072,0,0.936343,0.613172,0,0.540947,0.537037,0.909719,0.571568,0.938778,58,4,1
0xAB65e53045cE26D18545f2CD09a1a88AAF7007ac,0,0.386585,0.142083,0.216316,0.819625,0.253731,0.384463,0,0.422936,17,2,0
0xC3d61D6660504Be5daB254434a2A33a7A75eb463,0,0.713029,0.105674,0,0.773319,0.242424,0.691262,0.771554,0.692504,16,2,2
0xf70728879FCff003f71C30aEb2C56637c0d5f180,0,0.83158,0.292039,0,0.778852,0.324324,0.853959,0,0.876778,24,3,0
0x3f3c4EFEcF7307D641c5A1699C8136bCB034Ed33,0,0.689145,0.079217,0,0.734108,0.193548,0.504607,0,0.698504,12,1,0
0x2c8Ed58C5eBBEC52acf69B4D3d9ab9cc31c5d6E9,0,0.868285,0.379291,0,0.702658,0.122807,0.666577,0,0.876906,7,1,0
0x59Feb606129152BdC416E4D60e32af17Becdc6eD,0,0.796169,0.224039,0,0.705879,0.137931,0.197174,0,0.762782,8,2,0
0x000a460f9E5Fc39B30976CbF3484d4826941F558,0,0.982474,0.867497,0,0.778436,0.736842,0.997465,0,0.98238,140,3,0
0x6D6A2CDEa4711fa5EB5b580c7aeE053Dc54aa265,0,0.6,0,0,0.271136,0.367088,0.996721,0,0.633689,29,0,0
0x5D786b865056D24fF25922766ff5AC3e9DD7A5D8,0,0.6,0,0,0.736587,0.038461,0.019415,0,0.522568,2,0,0
0x6b74F2D9b194c4ad961AAd70dF18F3EBD66aB0D0,0,0.788211,0.210486,0,0.75391,0.537037,0.232068,0,0.804241,58,5,0
0xF06a7caC9DB57EC62F6c1b3111E0Cf1A4DE7e975,0,0.780876,0.198484,0,0.826221,0.700598,0.715989,0,0.859141,117,8,0
0x940586824b84d0Fd7b713D5E4c64C4a550Bd17D8,0,0.6,0,0,0.582465,0.264705,0.723573,0.859491,0.549065,18,0,1
0xB99Be56138b8452BD8d02a19aFe0955710B7e279,0,0.776884,0.192139,0,0.405936,0.107142,0.104905,0,0.683047,6,2,0
0xA1F2324eeC16BF201475C1765cAEAEF963B7873C,0,0.953077,0.693009,0,0.761197,0.760765,0.969341,0.524351,0.964584,159,7,2
0x7ab242c2a2c38BA9aA49c0844289cae9cb332Ad9,0,0.902897,0.483421,0,0.763777,0.918032,0.815457,0,0.947787,560,4,0
0x33e49c476F672411659199ECF7011668b9648A84,0,0.6,0,0,0.738922,0.367088,0.005766,0,0.56978,29,0,0
0x6f520EBeC62a868aB354DEEF3c1d5ebDFfcA29f6,0,0.870159,0.384317,0,0.816116,0.411764,0.987614,0,0.918714,35,5,0
0xEEF20139e82E896BA49ee526Dbbe160F848D66E5,0,0.6,0,0,0.085186,0.230769,0.425551,0,0.498356,15,0,0
0xF129c6e535952C6018617d5Dd4B80609D7FC4A95,0,0.255785,0.316743,0.427627,0.860403,0.886363,0.993566,0,0.477864,390,3,0
0x736e4A1e2f57508A2B41c5c039c44Bb44cb7cF58,0,0.6,0,0,0.081873,0.038461,0.772706,0.944441,0.427083,2,0,1
0xFC2C9AfC4231f5522E66E3aE64adf5eBE8141aE7,0,0.541977,0.031117,0.050808,0.619526,0.038461,0.014584,0,0.448983,2,1,0
0x01f5a424f16A8ea1474B0Ad2F648780b195bA8fA,0,0.6,0,0,0.4498,0.166666,0.236524,0,0.524174,10,0,0
0xC7d02bf9379C5f715ffED76d2Fab5950b1C62005,0,0.61243,0.211006,0.142761,0.69628,0.612403,0.487967,0,0.676796,79,2,0
0x57986968D3681cB6C800784FbcBC3Cb741761b6a,0,0.73749,0.135789,0,0.730106,0.090909,0.652077,0,0.749804,5,1,0
0x8c9DeE67Bcf418912D6332D1e762004B0d27FF7c,0,0.639172,0.031541,0,0.787021,0.193548,0.684363,0.746242,0.615962,12,1,1
0x2D9a448D34ed2F0511072Ca29c3e2426Ff72a8D2,0,0.6,0,0,0.730072,0.107142,0.024009,0,0.532389,6,0,0
0x7522B51a5376c04CA8E6cf624c6B6A9E6bd6733A,0,0.6,0,0,0.779389,0.038461,0.000999,0,0.527284,2,0,0
0x69c83D3c2f99c61973Bb2242FEFFf37a34bAD94c,0,0.7543,0.158534,0,0.855572,0.565217,0.845983,0.276793,0.826984,65,2,1
0x09D87537BA0EA7fF07259f3D0351616c4CD61cdC,0,0.517803,0.045457,0.073533,0.72764,0.038461,0.008133,0,0.444581,2,1,0
0xd8495B95a3A6a85F4e3baA003E8b7ed1eD85562d,0,0.6,0,0,0.081655,0.090909,0.999253,0.99985,0.462898,5,0,1
0x7F0d61f167A34727A61cd49Feba70ea5CC7e98e5,0,0.83248,0.293952,0,0.823492,0.5,0.593595,0.462345,0.853742,50,5,2
0x807444D936DFC647e4f79b552ABfA3EEDB4a94B2,0,0.819349,0.267004,0,0.541837,0.242424,0.593396,0,0.818326,16,1,0
0x5969aa7335E84E7Bab74f9791CC355C5F9ED44d5,0,0.612936,0.009927,0,0.786136,0.166666,0.028182,0,0.563799,10,1,0
0x19e46b79E4bcf7f298F0Cc53742bE91b9DA633b2,0,0.6,0,0,0.757738,0.166666,0.6612,0,0.638101,10,0,0
0xe7C5AF99C22462748b9b2052B9d4dD26A108b7b0,0,0.927215,0.574233,0,0.740336,0.657534,0.988553,0.223776,0.953187,96,1,1
0xb827a1F3d8DbCF60c0e50232630848B67FB69848,0,0.834668,0.298646,0,0.564237,0.137931,0.534667,0,0.822154,8,1,0
0x44ef88fd0cf792Fef93e7875906FBfF622684f15,0,0.921948,0.55306,0,0.718736,0.275362,0.942997,0,0.940948,19,2,0
0xe0b794d45D67460eEEF4B6ADe9D376a20Ae3c0e7,0,0.6,0,0,0.833796,0.038461,0.037165,0,0.542157,2,0,0
0x1827865A60f98eA18f5251a9C1919a053F9EA561,0,0.61343,0.010315,0,0.863613,0.752475,0.830427,0,0.758701,152,1,0
0x709a98348B474fE67841ee6216b716B9Bc7A7461,0,0.6,0,0,0.403108,0.324324,0.896334,0.973507,0.541197,24,0,2
0xb183B636912808d662E7b22CB030862a1fB5B55F,0,0.6,0,0,0.705749,0.444444,0.790926,0.718151,0.619632,40,0,1
0x84Abe8c5Bf8ae9618e3d0933Aa6fC7b3c0E6EA36,0,0.6,0,0,0.843599,0.019607,0,0.000999,0.535411,1,0,1
0x183e1DC50103E9D97e7438CC431C12f9c4AE233B,0,0.6,0,0,0.848501,0.038461,0.015554,0,0.541494,2,0,0
0xe0BF06b278179F5f3050a4C059545596B992a9B5,0,0.6,0,0,0.73917,0.038461,0.047437,0.2,0.507238,2,0,1
0x125Ff07E99904F868481a423F656862312C96D0F,0,0.776872,0.192121,0,0.738161,0.166666,0.723129,0,0.803284,10,2,0
0x72DEC95526aE5259d0b1333BE5A1fCa1BbfA2e0E,0,0.963537,0.749437,0,0.75544,0.818181,0.971359,0.623355,0.969454,225,4,2
0xe5E7991B8068eC62Cef090742288708AFabFF926,0,0.742584,0.142494,0,0.745782,0.484536,0.437,0.468624,0.741669,47,4,1
0xA37D1bfc67F20aC3d88a3D50e2d315a95161d89c,0,0.899152,0.470875,0,0.797708,0.568965,0.991322,0,0.941593,66,2,0
0x10C44cc76d2115A33cbe086B5Ef0047a0dd58D59,0,0.6,0,0,0.747758,0.166666,0.042695,0,0.547121,10,0,0
0xDA41DE045940BC400d36f3b35e2DD59Eb1d5DcD3,0,0.962124,0.741485,0,0.726091,0.818181,0.99689,0,0.975375,225,4,0
0xe3e3744e4c2f194d194D21f609390856cCeB8509,0,0.975951,0.824249,0,0.788623,0.871465,0.969467,0,0.981504,339,10,0
0xA2D44a9026c3F96b0A52c4F6c196AA188A945834,0,0.6,0,0,0.843596,0.019607,0,0.000999,0.535411,1,0,1
0xa4C7677a9D6964128555d86CA2D3e9e1bC7f16A2,0,0.6,0,0,0.449316,0.038461,0.015554,0,0.471763,2,0,0
0x029030DbC61Aa2796468FB64309aA9b77e1A1a41,0,0.6,0,0,0.734918,0.074074,0.004578,0,0.525386,4,0,0
0xc81edd553d2269dA6C0356A86Be5490278e82fA5,0,0.717887,0.111396,0,0.730298,0.342105,0.564004,0,0.749762,26,1,0
0xc97c15625e1E1D8118F9779FB2af39883D30399e,0,0.657844,0.048269,0,0.834766,0.21875,0.847523,0,0.73001,14,1,0
0x81c23E860806250FE25a67568abFA3854e0D0ce2,0,0.860908,0.360099,0,0.660151,0.107142,0.966885,0,0.885187,6,1,0
0xF4e046f4EEdCe51d9131a8b4b2C547d52fB61817,0,0.6,0,0,0.542963,0.242424,0.836921,0.956766,0.546112,16,0,3
0x34f591F7369e00eb395c0eC8f0C7eE9FFAb41fb1,0,0.668193,0.058075,0,0.737312,0.892703,0.863797,0,0.799756,416,2,0
0xfe08d06A422992ab8eb3dBcD1475f39c8d595ca5,0,0.636898,0.062675,0.021542,0.839463,0.375,0.86858,0,0.735978,30,4,0
0x3D1d397ACD3b0989d9e633d6DBF7E6F8F5c03a2D,0,0.884703,0.42555,0,0.851827,0.6875,0.942951,0,0.93816,110,4,0
0xDA1006045F45739C296338130fBd75F9069B6209,0,0.587936,0.006118,0.010155,0.85461,0.038461,0.001398,0,0.529707,2,1,0
0xfEB24D80E18c96DbA777ee368be599B32602f866,0,0.6,0,0,0.851794,0.019607,0.000199,0.000999,0.536867,1,0,1
0x84276fFC000eF0398aB73fbc5B1d1eFBeE54e34c,0,0.6,0,0,0.758412,0.056603,0.323043,0,0.574118,3,0,0
0xcc9d64CeDB61D663C9Dd3aeAba3d41BF3734beAf,0,0.6,0,0,0.746581,0.107142,0.009312,0,0.533071,6,0,0
0x89AF87734f8dC20C0E454F4B2a314B94FC2927A8,0,0.942825,0.64271,0,0.744298,0.612403,0.97955,0,0.963537,79,3,0
0x81B5b0633c66d1bfc4842Ecb64D8420Edf736A98,0,0.781001,0.198685,0,0.730118,0.038461,0.757163,0,0.797229,2,1,0
0x797a9331f07011347e1C53384C3ee95166FCdbc4,0,0.577301,0.011657,0.01928,0.706083,0.090909,0.013028,0,0.503788,5,3,0
0xF1B04671F1057df0888e19E8dBa35EECe40b6fF8,0,0.975639,0.822254,0,0.54092,0.615384,0.997276,0,0.974805,80,3,0
0x203B1b7BAc5B79eD20Bdf704Ba68499c26E6F43b,0,0.839717,0.309716,0,0.738405,0.572649,0.913094,0,0.898264,67,1,0
0x333E0c7f7C3D34f81bb354186Ef162026Fd79939,0,0.784851,0.204932,0,0.560796,0.21875,0.316005,0,0.753423,14,1,0
0x579708cc1bB8673B78935a8D175a89E42e1d778d,0,0.572559,0.014174,0.023402,0.70951,0.230769,0.050692,0,0.526704,15,3,0
0x0FE2a6e05157aF2855e210fBE5512A1988832Ae4,0,0.832313,0.293595,0,0.701385,0.074074,0.341932,0,0.810913,4,1,0
0xC432cBA20edb8996c09A684062Fd4171887097FB,0,0.6,0,0,0.851825,0.019607,0,0.000999,0.536843,1,0,1
0x4dAf8ce9D729ca4F121381ec4B22123627C1C004,0,0.900728,0.476112,0,0.849535,0.707602,0.971309,0,0.948029,121,6,0
0x8D827717d6A6dCBfBACf8d619426B45EC7111250,0,0.841631,0.314,0,0.444455,0.528301,0.89365,0.793091,0.836327,56,1,1
0x6fEd11bfC58d6812c4E8CD55983556915aB1049D,0,0.595612,0.002205,0.00367,0.706101,0.152542,0.048162,0,0.534699,9,1,0
0xA17EF5e81655c405e0aAE04d700E2909e31F0F6F,0,0.6,0,0,0.8446,0.019607,0,0.000999,0.535585,1,0,1
0x28f17BD6BA2dfA8308f7fD03BA3fb656Ae57d540,0,0.915322,0.527664,0,0.73768,0.691358,0.809436,0.525631,0.934921,112,4,1
0x7069caE5A10217c0Cd2831C963DA24a532fF5433,0,0.606986,0.005304,0,0.843638,0.056603,0.056425,0,0.555987,3,1,0
0x9be6a9E257614061dC7fB1242Fa31d062E677E2f,0,0.6,0,0,0.637744,0.074074,0.253619,0.6,0.485764,4,0,1
0x2cA4CfE5A3d1eF1746BE9Bc81123Ee878444E9e1,0,0.600606,0.000455,0,0.84842,0.038461,0.000999,0,0.539878,2,1,0
0xA187B7cf15Ce415bc9f2De8ac08eCD92B315cf52,0,0.638363,0.030843,0,0.779331,0.122807,0.300307,0,0.619963,7,1,0
0xFb7221f64b8C638E6b1dcD173b742734233Aba69,0,0.6,0,0,0.114222,0.612403,0.842504,0.449944,0.577597,79,0,1
0x0EcC7EeD80aD46dBC8C3E2c2864e6E5b95DC735A,0,0.830108,0.28893,0,0.610586,0.21875,0.407863,0,0.818007,14,1,0
0x8810Bd54f4D64D59bafBB6Da9277011347DE80c0,0,0.6,0,0,0.817893,0.074074,0.180059,0,0.565865,4,0,0
0x8cFA7c6FEdC4dfec18EbA1aA09138147f4cd3842,0,0.913276,0.520085,0,0.858962,0.621212,0.997405,0,0.952929,82,3,0
0xfebfa8426E1CcD27b32D53139F508Aa752A3f650,0,0.600618,0.000464,0,0.862513,0.264705,0.597326,0,0.660003,18,2,0
0xDa37d2B79Be6E9083aF1B7bd07e59F0c5eac4DE6,0,0.6,0,0,0.611106,0.305555,0.384236,0.460334,0.549218,22,0,1
0xbb13B3Ef80adF8A791913Efaea3Ac93107DF2D8a,0,0.777044,0.19239,0,0.779565,0.565217,0.983747,0,0.862051,65,2,0
0x71E8A1584d45aB026fD54d2120F082aB8f2E0079,0,0.666636,0.056574,0,0.865591,0.514563,0.967104,0,0.786332,53,1,0
0x4e95D0D111755695eaa01CCF011F34E9D04C60C6,0,0.621837,0.017028,0,0.794968,0.090909,0.152255,0,0.580891,5,1,0
0x8cF92fb2D2Ef805D51210dac6FcA36CBF8E067Fc,0,0.63602,0.028832,0,0.667267,0.242424,0.024199,0,0.576293,16,1,0
0xa5828AA399F166E7723081dE17853c9700f63812,0,0.6,0,0,0.714658,0.264705,0.53271,0.850946,0.544464,18,0,3
0x89bEf9e035F4854D6e2B5456f3E4F37E0DE06576,0,0.6,0,0,0.427721,0.425287,0.743904,0,0.632025,37,0,0
0x7458D57c63D9ffC8C52cbe06a9DE4744d24a2BA9,0,0.6,0,0,0.747922,0.038461,0.09682,0,0.536115,2,0,0
0x3C52D129E4A310ee508F1Ce734305fB0Bf97DB7e,0,0.6,0,0,0.757539,0.038461,0.445737,0,0.589232,2,0,0
0x154979D6428B3d1261a2702D743795c9E9061906,0,0.6,0,0,0.843627,0.019607,0,0.000999,0.535416,1,0,1
0xFf2f0F12d41aC1D47623F75F6CDBdF1Cc5e2c108,0,0.106326,0.664131,0.761451,0.857823,0.736842,0.946453,0,0.31168,140,4,0
0xecb6dE0648Bce2C08564D20206c90f7193660E93,0,0.363663,0.811247,0.823831,0.780744,0.6875,0.985209,0,0.446658,110,3,0
0xD4E52A2393c888Dd88AB9549F5dEeE260530c7B6,0,0.6,0,0,0.519326,0.107142,0.03157,0,0.496689,6,0,0
0xB49aBB9300ADc584C3F770C6f0EdB1d2469A2C02,0,0.87819,0.406579,0,0.202374,0.253731,0.834426,0.293037,0.853503,17,1,2
0x8e2FEBB1cBAF3953b4944D3E98D048D907c789AD,0,0.6,0,0,0.843624,0.019607,0,0.000999,0.535416,1,0,1
0x544a40955bA1C7e56E161a59E1319e3313C25251,0,0.921018,0.549415,0,0.849755,0.39759,0.982361,0.006616,0.949961,33,5,2
0xde9D3e179B1D99b913bAdBa3Cc9947fB3d07e0C8,0,0.664909,0.05492,0,0.756612,0.350649,0.202551,0,0.659748,27,1,0
0x46F0849Df698b6c5e31936b21EA28f301fb8D7E2,0,0.6,0,0,0.85033,0.038461,0.000199,0,0.539523,2,0,0
0x39d03Cb73db6aD7D027507A574014DeE2d828da4,0,0.6,0,0,0.71993,0.180327,0.123575,0.203821,0.536127,11,0,2
0x95FB5E4C3c1601fCC2A69c7E28E80B9D0c4FbE80,0,0.6,0,0,0.211055,0.056603,0.000199,0,0.430901,3,0,0
0x06D8593b5674A6BD662AdCb9456fe3788034921a,0,0.846421,0.324943,0,0.402617,0.090909,0.629574,0,0.822689,5,1,0
0xAA0611D2A2AF82Bc12A0FC4a0D01d4EE195A8533,0,0.6,0,0,0.312944,0.122807,0.510475,0.839098,0.451006,7,0,1
0x96C31E7413E6CE1eB8dcaC3213bdaA63669D62C3,0,0.81908,0.266474,0,0.464414,0.295774,0.098286,0,0.765659,21,4,0
0x975Fdce400844FAec2C0f2CEb1cCee7b9544272D,0,0.959792,0.728592,0,0.79207,0.404761,0.988703,0,0.968799,34,1,0
0xb14d56ce29dADE0316EA5Df06D491636a7c4F3C8,0,0.6,0,0,0.83414,0.090909,0.994609,0,0.684646,5,0,0
0xDE7e8A57bBF068AB975ac8f89077B78C5aaec780,0,0.394701,0.352632,0.394737,0.673446,0.444444,0.581834,0,0.434654,40,2,0
0x4FE6519eEd2E70dB0C2A5D6C82d15e19CA5Ccef7,0,0.857176,0.350733,0,0.703065,0.709302,0.683784,0.241521,0.894434,122,5,3
0xB68E6dA1374ef8Aa85f3867DD8C62F8bd4439070,0,0.917994,0.537747,0,0.325075,0.333333,0.751181,0,0.914262,25,2,0
0xb5A01128058892114667d6E100e46a354970C1D3,0,0.6,0,0,0.754702,0.568965,0.985746,0,0.731278,66,0,0
0x5729F65027B47a6f1688CeffC3bD382bf716590F,0,0.6,0,0,0.36616,0.038461,0.295576,0.677315,0.431879,2,0,1
0x7De279f2d58BeBe0890859F23599Cff2469FE07A,0,0.6,0,0,0.695698,0.206349,0.07766,0.180999,0.531207,13,0,2
0xEB793d254c31a84b5e1991ae29cA52Eb35f666E1,0,0.6,0,0,0.470732,0.180327,0.819819,0.913621,0.526014,11,0,1
0x18F84f525e5e23a5AB132237762e9914550B173b,0,0.6,0,0,0.805299,0.719101,0.999045,0,0.756685,128,0,0
0xc479C700B777B250B29b785fFbCB9cEE2172116B,0,0.6,0,0,0.705973,0.038461,0.050873,0,0.521931,2,0,0
0x7BE8DBb062FfceeEa525e963F033fe4fDF35E41e,0,0.6,0,0,0.754949,0.264705,0.701955,0,0.656663,18,0,0
0x49aBBf1bAb43835Ccf133992C78a5357909c7BBD,0,0.60156,0.001173,0,0.795053,0.038461,0,0,0.531336,2,1,0
0xd555dE7D3fF6d0a4b3e39CC2b704f191A58563AE,0,0.949235,0.673614,0,0.667258,0.350649,0.980021,0,0.959029,27,1,0
0xFB0E1119c64Bb122cCB60C3BCd5736cB57F5DB80,0,0.773745,0.187239,0,0.649578,0.462365,0.562784,0,0.803451,43,2,0
0xbAb6643ee9C4d95955ABBfb59C12a4eAb0316F37,0,0.967224,0.770711,0,0.776967,0.979466,0.990591,0.277571,0.977673,2385,23,2
0x69C1EE080e95308b2195FD83d19ED80C89125e74,0,0.6,0,0,0.701125,0.137931,0.01826,0,0.531085,8,0,0
0x6aC94785052B06FF00A6e5f745E8Fc4cC93bc96C,0,0.6,0,0,0.757554,0.038461,0.299229,0,0.567804,2,0,0
0x74fafface6346D5B0026f8FF7912CB4F2317df1E,0,0.843941,0.319237,0,0.790819,0.603174,0.482294,0.048309,0.879437,76,6,1
0xea1F8FBCBAE4E3722389C47E0a24B7b5dEf78e2E,0,0.900215,0.4744,0,0.43987,0.5,0.598812,0.223947,0.897893,50,5,1
0x256c5d251a33a0A7B0C60c57562c51fCb22E5241,0,0.692887,0.083187,0,0.767772,0.137931,0.228633,0,0.664146,8,2,0
0xbB515e8EdEA426b8d3B5A6bd267639c83df2998D,0,0.517521,0.045629,0.073804,0.628161,0.180327,0.045983,0,0.45377,11,1,0
0xbc0F7D583c96FFBFB59c1f8215B272be92617964,0,0.747427,0.149016,0,0.74353,0.411764,0.399471,0.164104,0.756617,35,1,1
0x9a63808d81ae79d90FF4aD625b429Ac56d478712,0,0.644065,0.694901,0.570651,0.838165,0.740932,0.997469,0,0.729769,143,9,0
0x41f455283d6230A4eE83aE7216FfFb527bBd862A,0,0.728095,0.12383,0,0.708187,0.137931,0.190414,0,0.686905,8,2,0
0xDd7D2D90C1dD59B36E349f6ee49844E4593deB67,0,0.6,0,0,0.75853,0.21875,0.638388,0,0.642275,14,0,0
0x56014B052025fEd61e0f0Ab1FF7293EF3133DE3D,0,0.642178,0.034154,0,0.623029,0.21875,0.120183,0.102109,0.575458,14,1,1
0x752598496ee9D4726DEBE183E0a84B9b31cef864,0,0.470193,0.076486,0.121292,0.601328,0.242424,0.06068,0,0.416503,16,1,0
0x8f498DD491C05A9Fda40ACBAFB21fB0a5F419e13,0,0.6,0,0,0.240605,0.390243,0.909844,0,0.619746,32,0,0
0x3CD19b965212aa1abD650c64444C4A06Ea645F1a,0,0.6,0,0,0.650822,0.038461,0.038276,0,0.510402,2,0,0
0x48c7fEBE37c09BFe8ab140ca28Acc357ccde3618,0,0.965537,0.760882,0,0.780451,0.759615,0.98026,0,0.9765,158,11,0
0x6Fcff0C42160D70ca7Dac1926117A3129BE88049,0,0.761698,0.169134,0,0.784481,0.729729,0.810555,0,0.851114,135,1,0
0x9F16e72280F8c17Eca9722ccFFE9C6E3137A7213,0,0.6,0,0,0.449603,0.038461,0.006359,0,0.470439,2,0,0
0x70270cFf5Fd67ee7850a442834De617Df64BC1C6,0,0.563961,0.018809,0.030961,0.705716,0.21875,0.292886,0,0.552596,14,4,0
0x31D00a3b00895432fcB7e809C176Ac7d4f62B5cB,0,0.514445,0.599241,0.556114,0.798622,0.806201,0.914704,0,0.627317,208,10,0
0x14FcF1B183818007bFC1A29321cB8134f1E220BB,0,0.6,0,0,0.851837,0.038461,0,0.001996,0.539557,2,0,2
0x64b906A5c92053F1e952E4BebaE16f3500124f3e,0,0.918531,0.703697,0.140304,0.802601,0.746192,0.953377,0.363666,0.945292,147,8,1
0x339a9d7d7000f31af102a885089d3dE936a4A8a4,0,0.925453,0.567048,0,0.625145,0.206349,0.937811,0,0.937031,13,2,0
0x0D145a22beb12618999024B5789F0077469E9675,0,0.740152,0.139273,0,0.751734,0.166666,0.742758,0,0.773177,10,1,0
0x3f60008Dfd0EfC03F476D9B489D6C5B13B3eBF2C,0,0.6,0,0,0.35115,0.479166,0.999031,0.999806,0.56778,46,0,1
0x8052E51BA1471004A36140bfEcAf783606B82833,0,0.6,0,0,0.042403,0.090909,0.00537,0.029126,0.405115,5,0,1
0x91CCE0987b0611CF1DeEB77Eab1F570E9DD83c2F,0,0.6,0,0,0.851782,0.038461,0.009508,0.000999,0.541064,2,0,1
0x2A43BACde6c7Bea30EBAEC47DDbDBd8a831C4b66,0,0.799616,0.255506,0.014592,0.610504,0.152542,0.714986,0.07064,0.806367,9,3,1
0x5B3569f37C65A449d66747b1146f4276b6f567Dd,0,0.832336,0.293646,0,0.720386,0.285714,0.660947,0,0.85666,20,3,0
0x4BdE43a818979c3538eC288Aac9331b78fb1A73c,0,0.6,0,0,0.718283,0.193548,0.030632,0,0.54421,12,0,0
0xBf5275021bcdDe3082Fde90dE1Df9696A96b4232,0,0.6,0,0,0.405846,0.137931,0.017295,0,0.479319,8,0,0
0x418De1C07BBdD471FbcFbC0D07ff7bEf081D5eCE,0,0.6,0,0,0.566967,0.919871,0.984448,0,0.746393,574,0,0
0x76DB125136dE3Fc161A03a60C8023ec63CC468EB,0,0.6,0,0,0.735341,0.418604,0.826467,0,0.690355,36,0,0
0x68a55b784dF7AF43d8bEB3565958caAc3Eb81026,0,0.6,0,0,0.324997,0.074074,0.005568,0,0.453953,4,0,0
0x7682cc67CD39aD8b2e18EC5f102EF4028FbC1371,0,0.907973,0.50099,0,0.769315,0.705882,0.954895,0,0.948466,120,7,0
0xEc638fd5Bf4355fa53a23eF87B12dD9Ae9d95C9c,0,0.75233,0.155774,0,0.530333,0.760765,0.124649,0,0.754237,159,2,0
0x50d813D136dd79c6c72F8D4FebF00f699bAba680,0,0.6,0,0,0.843594,0.019607,0,0.000999,0.53541,1,0,1
0x42940e91D2B9B76714424Ea51897bb5c42212FeB,0,0.601757,0.001322,0,0.853928,0.038461,0,0,0.541769,2,1,0
0x86DB3BD22d677ee2b789fd730D9a0745e8881B5d,0,0.6,0,0,0.691675,0.832775,0,0.198717,0.609295,249,0,1
0xEbB94dFC47595763Ebd990b8109392D42e02d61b,0,0.883559,0.422154,0,0.734602,0.305555,0.955021,0,0.917186,22,1,0
0x0FB11651e41EC423696cD0e71eF37C5A9bEc53ae,0,0.921399,0.550904,0,0.721152,0.253731,0.941053,0,0.939891,17,4,0
0x33115bE33124EEF707D60654D37670fFD18a6f86,0,0.955573,0.705977,0,0.787038,0.827586,0.994366,0,0.974033,240,2,0
0x33DF133bc51291e8bd7A7904F9f95b27AFE2A19f,0,0.6,0,0,0.757683,0.074074,0.288964,0,0.571555,4,0,0
0xfF8CFeC8121A11AbA92E04d0859f7191E676b508,0,0.606749,0.005122,0,0.85427,0.074074,0.129677,0,0.570983,4,1,0
0x091ffb5bc7E262B38D709F2b0d7FdE73cac057ac,0,0.748553,0.523544,0.278612,0.714561,0.945414,0.995765,0,0.86067,866,5,0
0x192bDD30D272AabC2B1c3c719c518F0f2d10cc60,0,0.984619,0.882379,0,0.755963,0.657534,0.992058,0,0.981937,96,8,0
0xDBaeD16E2146329D19180eCfA98b7B7499e3991e,0,0.602958,0.00223,0,0.8492,0.166666,0.164857,0,0.585294,10,2,0
0x2fE7dF4DAd91Ef6531Cd14fC1C109D2bA1755203,0,0.758571,0.164607,0,0.802163,0.21875,0.866281,0,0.812347,14,3,0
0x6934Ae0565Fb5be4588E0e429eeF1eD266267223,0,0.6,0,0,0.379529,0.038461,0.006359,0.031945,0.455068,2,0,1
0xc5AA04b69c6d97Fdb388af4Ec4Ce82fB8FB278C9,0,0.711431,0.103818,0,0.858768,0.342105,0.893725,0,0.794766,26,5,0
0x88b737D891707B88Ab89af56b1CdB507a0362ad6,0,0.590565,0.004769,0.007924,0.71985,0.090909,0.006161,0,0.517093,5,1,0
0x26BA6d1796c302d4e95bd6b1ACa605c3d294307b,0,0.6,0,0,0.709184,0.107142,0.048162,0,0.532357,6,0,0
0x22d3c35e92d020601bCCBd50d4eA6887cc556e73,0,0.923491,0.559172,0,0.782233,0.715909,0.925228,0,0.956262,126,9,0
0x44F41DEDC50bB0368965948C44256D51516b5288,0,0.217644,0.345137,0.46763,0.740024,0.122807,0.681467,0,0.276927,7,1,0
0x62841b6be5D1321351987242c43192211E559eB5,0,0.860708,0.359591,0,0.631151,0.21875,0.375468,0,0.849752,14,4,0
0x36974580a50f418973162165fB30Ec094a697645,0,0.6,0,0,0.772281,0.987611,0.980652,0,0.779293,3986,0,0
0x3C49e3aCb7B699E94B8fded42494163E47d1CCC0,0,0.6,0,0,0.621712,0.137931,0.408073,0.775432,0.498158,8,0,2
0xa23096BEBB90CCaA753479647be09Fd433482048,0,0.6,0,0,0.763122,0.50495,0.825984,0,0.705316,51,0,0
0x1ABf3DeBd13d946228FF3a644DC4439Eb9F5aEd3,0,0.6,0,0,0.733642,0.074074,0.888883,0,0.652789,4,0,0
0x325cF102D26edc1d906D30BC6110976FefB491F6,0,0.6,0,0,0.75081,0.107142,0.090578,0,0.545919,6,0,0
0x8566b8a57bE65B9FB1bb750687bb6Fe293e98cDB,0,0.6,0,0,0.841717,0.019607,0,0.000999,0.535083,1,0,1
0x5c95724d9390BcE85924dCc219949aaB5A8897E3,0,0.703931,0.095277,0,0.852683,0.919484,0.995502,0,0.848326,571,4,0
0x3A9181f04c62d1Ca339ebcF0BA366F299569929A,0,0.6,0,0,0.838962,0.074074,0.001398,0,0.543032,4,0,0
0x4A9232915b787f51eBc6352513e6B05f1b7CcdB5,0,0.6,0,0,0.22373,0.122807,0.00537,0.01088,0.442547,7,0,1
0x3b2A274BD4886Cb67aE7647fe4A971bD3104b7Fa,0,0.97084,0.792327,0,0.246227,0.761904,0.992506,0.495292,0.962755,160,2,1
0x7c707eA96b204643689042Ba0166108a5BE84F05,0,0.784393,0.204182,0,0.795066,0.074074,0.962106,0,0.82907,4,1,0
0x70B8dcFd8b0Ea5E60C59d124e01E72D8A48b062e,0,0.968481,0.778138,0,0.758802,0.673202,0.990678,0.004861,0.976177,103,1,1
0x6e0DC3ecD13C2da2C5cD593374304AdBC835eB07,0,0.21274,0.630764,0.708886,0.828954,0.803149,0.99234,0,0.391164,204,8,0
0x58e789207F8E07d1605AcB855FCce993e9357F41,0,0.94561,0.65592,0,0.478318,0.6,0.963089,0.519741,0.947907,75,2,2
0x498Faa723b430f74d3D51bDcDad55Eb8DD2e8644,0,0.795723,0.223263,0,0.709596,0.358974,0.564876,0.38728,0.796756,28,4,2
0x85E10edcf3c0Ce4073e819f1F7f0B3B094306aef,0,0.6,0,0,0.705863,0.557522,0.030632,0,0.595559,63,0,0
0x99FfBe1989DdC3cca707B2a2a39085081F0f4437,0,0.660336,0.050594,0,0.650913,0.107142,0.020568,0,0.577712,6,2,0
0x1b6C1d0A743De120c9C1528943F8308BddEA0a9C,0,0.793344,0.490283,0.190036,0.616688,0.549549,0.938211,0.484794,0.831788,61,3,1
0x13E8494C882C8cCa398381C8c553104a5AF52f25,0,0.9448,0.652043,0,0.793606,0.484536,0.969462,0.36068,0.957257,47,7,1
0xFcA7FD5aF015cA55cf72A955fddee2fA3a53d8B6,0,0.6,0,0,0.667045,0.137931,0.009116,0,0.523771,8,0,0
0xbFc85CD303290DE4DB91eDa3d0B50c3972fd5b96,0,0.956094,0.70872,0,0.747125,0.107142,0.925916,0,0.958161,6,1,0
0xDB547Ea90167512A257A9332De3D8a98a58Fcb94,0,0.946997,0.662622,0,0.785961,0.86631,0.959201,0,0.970725,324,9,0
0x230C8D7558B5979Fd025a320715bB5365AeeE07d,0,0.790071,0.213603,0,0.27003,0.090909,0.145591,0,0.682668,5,1,0
0xdBc10a0eE6E8f16547a156b266677ea32E5F9988,0,0.6,0,0,0.844561,0.038461,0.001796,0,0.538757,2,0,0
0x770803973cbbdfb2F63778A4663456ba449a8D62,0,0.6,0,0,0.533779,0.056603,0.411557,0.777728,0.470896,3,0,1
0xFE6b7A4494B308f8c0025DCc635ac22630ec7330,0,0.61575,0.012147,0,0.844655,0.074074,0.285408,0,0.600426,4,1,0
0x678904309EE580aDF92B393F78663BC4035b4C4F,0,0.6,0,0,0.854656,0.056603,0.001996,0.000999,0.543147,3,0,1
0xB5Dd1Aaa6AB54A0c03Dd6A981b8C7FabDd015bf2,0,0.613517,0.015463,0.003347,0.847926,0.484536,0.639015,0,0.702724,47,3,0
0x440888714A6afeD60ff44e9975A96E6a36f7Fac4,0,0.97765,0.835234,0,0.64413,0.854651,0.998418,0.235677,0.978418,294,2,2
0xEd5867B464d841AEa7D92B69e22e830178d8C97B,0,0.6,0,0,0.749702,0.456521,0.070631,0,0.594133,42,0,0
0x8b8Ba5063A92A64A855F209B3e15C8924ccfE39b,0,0.6,0,0,0.619505,0.056603,0.520751,0.844599,0.495557,3,0,1
0xeff2220Ce049D9996F24d4dBa0f7eCE2E4bB429c,0,0.942818,0.642676,0,0.755702,0.305555,0.949948,0,0.956075,22,2,0
0x5A573eC70785fCf1be8f49B875210bBD49f7c301,0,0.6,0,0,0.043312,0.038461,0.001398,0,0.399929,2,0,0
0xeA4998dC033d87aCeB0d3D9729c18303790d26eF,0,0.785565,0.206104,0,0.781005,0.561403,0.814684,0.357387,0.837158,64,1,1
0x2B6611B8B0D4fD9BB3F80d3F6A0bb073949885b0,0,0.6,0,0,0.844595,0.038461,0,0,0.538496,2,0,0
0x34a59afdE5a6b208121a9BBf553716E76D16Fe5C,0,0.6,0,0,0.748416,0.193548,0.076638,0,0.55626,12,0,0
0x3f1da2e7Ed21EA211CF34df1326F4073450dd5D9,0,0.814342,0.257252,0,0.798885,0.193548,0.344348,0,0.813412,12,3,0
0x6047fEfDc29eE8cBe1ef4fC1a2919F3094335670,0,0.6,0,0,0.79513,0.21875,0.394526,0,0.614094,14,0,0
0xCb3888794af14fE2d088F009DE79E7618d182a78,0,0.947451,0.664835,0,0.738638,0.752475,0.907163,0.271965,0.963254,152,3,1
0xe57Fa0ED2966e03D2EE753b94Fd37401bC888f56,0,0.6,0,0,0.45115,0.122807,0.002593,0,0.482769,7,0,0
0xaACB5245bc1A36dF875F76F6cb13369e60f60885,0,0.506358,0.280678,0.268925,0.77693,0.723756,0.702929,0,0.627708,131,7,0
0x67023F2f5152a3f9C55133788230C3B1104A882C,0,0.6,0,0,0.841712,0.038461,0.013028,0,0.539936,2,0,0
0x39d720b80cBC2837e55d59a8CeA0fC4d995eA915,0,0.703995,0.095349,0,0.779694,0.411764,0.53484,0,0.748327,35,3,0
0x0673E64CAe39f69f22a360F7f0C2F66FA44a24ff,0,0.6,0,0,0.851834,0.019607,0,0.000999,0.536845,1,0,1
0xBe26865bC1Ae02F9710bbcB54dC5d5aaAE53D056,0,0.729462,0.125538,0,0.812014,0.479166,0.710094,0,0.799278,46,6,0
0x5532cA6Ad044e60B2b032dFF4A4f21980491aC84,0,0.6,0,0,0.638507,0.473684,0.888093,0,0.690833,45,0,0
0x61eB287752260C2Fb7106F8A4482B9557Cb0250F,0,0.667165,0.057083,0,0.664947,0.090909,0.156545,0,0.6045,5,1,0
0x5C2BE8892e39E31D17d659927C15aD9Fc870EEAa,0,0.597119,0.001444,0.002405,0.736647,0.090909,0.333511,0,0.574448,5,1,0
0x564057C3f8bc8bFB40DB2564107f46A0ce6E6272,0,0.921212,0.550175,0,0.534456,0.647887,0.977313,0,0.946595,92,2,0
0x0Ed2EF75e1B034c694d87DB83503cDC3c0F5Bb6D,0,0.6,0,0,0.854063,0.122807,0,0.000999,0.552586,7,0,1
0x2760f8A74b64e052067CEA9999E342ec0dEDd6B4,0,0.6,0,0,0.780127,0.180327,0.637681,0.886479,0.555347,11,0,1
0x2f7F6CC4cE0fFf7A6223490D2c666Ae8Bd147F8E,0,0.6,0,0,0.122674,0.107142,0.570668,0.869298,0.421856,6,0,1
0xBF9104e2Baa4c43189574aC2F0B174d4e572CF2f,0,0.645304,0.857828,0.779941,0.663686,0.545454,0.9859,0,0.604498,60,6,0
0x6C8444970C657a6043e08C3e070A4d6b49860960,0,0.6,0,0,0.650927,0.038461,0.01826,0,0.507419,2,0,0
0xE88323e5a82A7f6078E5B7082Ca50f9358208cD6,0,0.779031,0.195535,0,0.730613,0.39759,0.211605,0,0.776597,33,2,0
0xf73d1880fd112259571A29EEa1e0c66B435C56B4,0,0.6,0,0,0.63133,0.038461,0.978501,0.995625,0.548313,2,0,1
0x8B5f0E956bA3E4d1d5f9C8478ac3d4dA1261bb8b,0,0.6,0,0,0.719839,0.193548,0.054641,0,0.548051,12,0,0
0x4C09fdAA9Ea3dDB25D744441Ae4C47881D83BBC4,0,0.6,0,0,0.843712,0.019607,0,0.000999,0.535431,1,0,1
0x0221AaF568b823dCce70604C2AC6E08AE957829E,0,0.6,0,0,0.637506,0.166666,0.966662,0.990471,0.567108,10,0,1
0x54FC52a1477A186b075d210D3BF590F92275A811,0,0.6,0,0,0.595588,0.305555,0.936851,0.986701,0.576317,22,0,1
0xfEa4aa6640F4165a7F22247eDeBEC1D3892c16Db,0,0.786285,0.20729,0,0.670712,0.537037,0.354422,0.447171,0.775158,58,3,2
0x1618A38c8aE48dF4f54a3CA922C7115AB3428097,0,0.839777,0.343638,0.01953,0.789371,0.640287,0.674775,0,0.893587,89,10,0
0xD4005e6f1Af49Ab23c6DCC425c606E13c5a9e249,0,0.6,0,0,0.467406,0.090909,0.06699,0,0.490482,5,0,0
0xe20BC163cd48f7E595bc1b2676fD070Aa93066f6,0,0.79823,0.377205,0.094661,0.810935,0.675324,0.958923,0.529068,0.865869,104,5,2
0x3F7C10cBbb1EA1046a80B738b9Eaf3217410c7F6,0,0.940174,0.630427,0,0.824683,0.375,0.993861,0,0.95934,30,4,0
0x52c9812f619F1fA239f5bB836fb7276b4540D413,0,0.801365,0.233202,0,0.712928,0.382716,0.336606,0,0.807871,31,2,0
0x4b43246728B64a75A4c85A290cd32fE1F2aAef3c,0,0.592179,0.007233,0.008785,0.862578,0.206349,0.017681,0,0.562348,13,4,0
0x142058a0c3A0c4e4b5e9Cb6cE5E2234E2054b905,0,0.607725,0.005873,0,0.8605,0.152542,0.110794,0,0.581688,9,2,0
0x644257F4b2fdfEbaB1C2c515f029da24491974FC,0,0.812665,0.254045,0,0.852312,0.5,0.951998,0,0.885643,50,5,0
0x69a7560354B0241A2dcAc9AEBf813aa656CC71b5,0,0.447436,0.092799,0.145654,0.534081,0.242424,0.064371,0,0.384681,16,2,0
0x3d0782f7412aa2F062cC0444c904e786cf8B2326,0,0.358171,0.168435,0.252385,0.61965,0.056603,0.159663,0,0.306142,3,1,0
0x983e0cE1498ffD757c7D1Ab9e506d23FDa6d7A9d,0,0.6,0,0,0.740303,0.107142,0.035307,0,0.535858,6,0,0
0xdCBA9BcA317EeAa75959cFEfaB021EE3121D195d,0,0.590565,0.004769,0.007924,0.608385,0.152542,0.11801,0,0.523597,9,1,0
0xf99C8873B972b4192e789F55AB954188D0d9A133,0,0.818542,0.265415,0,0.836712,0.583333,0.982041,0,0.895078,70,2,0
0x891F5f6deD502900FD281aF00a343BbC1650b531,0,0.6,0,0,0.795187,0.193548,0.237688,0,0.587919,12,0,0
0xbF027aED399825a55c9d0980b75E2C6e6e53DDc3,0,0.926369,0.570771,0,0.687607,0.53271,0.973891,0.448333,0.942295,57,2,2
0x0a0bd78196D3C423E05E5Acdc94BE0a5d71CBdaF,0,0.58947,0.00533,0.008852,0.853802,0.193548,0.117387,0,0.571153,12,1,0
0x501405E1E075222fdcFb0bBE82d3935896fE2AfA,0,0.95629,0.709758,0,0.592528,0.5,0.984102,0,0.964311,50,2,0
0x7a5f2C91d71A8143E734E4ba12162f5B04aA38eE,0,0.952206,0.688553,0,0.610355,0.473684,0.942072,0.512116,0.952683,45,2,1
0x0e6ED6B284803B5733F4d239C4F0cC71DB1b5371,0,0.6,0,0,0.843678,0.074074,0,0,0.543643,4,0,0
0xb13114bdBd4803526483384cB99B6c0aa48A30f7,0,0.769675,0.181001,0,0.614813,0.382716,0.610682,0,0.792702,31,1,0
0x2f657761c076408C483EbD5c650357783F27c331,0,0.600278,0.000209,0,0.85032,0.038461,0.000199,0,0.539782,2,1,0
0x600C9250DD0D41BF658Ead8B0BCfD8e7B9484B2C,0,0.676603,0.066346,0,0.829578,0.230769,0.891249,0,0.751256,15,1,0
0xB5c76b218D2Ae72629247D76c1816245D9CE9d80,0,0.656351,0.046887,0,0.781041,0.180327,0.290679,0,0.644194,11,1,0
0x32b817C84E414f47A5C3dE759634d0e5BD025979,0,0.6,0,0,0.72416,0.193548,0.991823,0,0.680948,12,0,0
0x0de08132Ac97573BB705ee4DEA4c8bF0B203Ad7a,0,0.58563,0.007307,0.012119,0.712705,0.137931,0.081726,0,0.529773,8,2,0
0xd98b38BB01C4B1f835e6B40aAcDFcD788Bf445f0,0,0.6,0,0,0.618616,0.137931,0.008919,0,0.51528,8,0,0
0x8CC80E2F21FD3d6728E15ce92E7e9fE30c70c630,0,0.6,0,0,0.52986,0.056603,0.004777,0,0.486936,3,0,0
0x91388f4f061CDd7f98C2cE3e482D5AB81c6e2287,0,0.655588,0.272289,0.157531,0.754797,0.609375,0.422432,0,0.715535,78,6,0
0xB71fc5472620c2472C7e540Ea5b5C43AdB9a9a48,0,0.667095,0.057016,0,0.720029,0.122807,0.097635,0.099529,0.600246,7,1,1
0x777D2c6FdC7BF5Fd9a08BAf989d851a2075bc0bE,0,0.088187,0.635183,0.74371,0.720541,0.632352,0.826563,0,0.255833,86,2,0
0x648c1C726F6FD4859101062EfcB7a59bD4a7472f,0,0.6,0,0,0.757692,0.122807,0.009704,0,0.537402,7,0,0
0xa8d5EA346eD2e183530Bd0f70c572c747756eA27,0,0.6,0,0,0.831622,0.038461,0.582428,0,0.621205,2,0,0
0x76449BAfe9139B35FF3E7d56aed331079B0D6725,0,0.6,0,0,0.484744,0.963583,0.996863,0.77355,0.678343,1323,0,1
0x8d50170385723fd46aA417290CAfD35a0d7f59aF,0,0.601942,0.001461,0,0.817928,0.038461,0.000399,0,0.53574,2,1,0
0x9efc15df4C6e080193722b021E8343dd65DdF44F,0,0.708244,0.100155,0,0.611098,0.074074,0.168468,0,0.638611,4,1,0
0x2DF9Ecf165eA5C9186695E533E1C68e11B624FFa,0,0.439425,0.098795,0.154483,0.752911,0.596774,0.553012,0,0.539445,74,2,0
0x32988d3a6b3a18E6512de0BdFfb12aE61d7E9975,0,0.971276,0.794988,0,0.512218,0.450549,0.973276,0.498675,0.962538,41,2,1
0x3B8469A5B361eb5972FFeB1BDF38e6A0CD2B5388,0,0.879124,0.409248,0,0.765505,0.350649,0.861176,0,0.913442,27,5,0
0x752E1F977762373c782967fbC6023aD7d07Eaae3,0,0.773714,0.187193,0,0.846578,0.561403,0.948661,0,0.862556,64,4,0
0xa2F93e3d17d6d6094362a858f54C2fa472e47dFa,0,0.6,0,0,0.848426,0.074074,0,0.000999,0.544368,4,0,1
0x6ee35f98C85795787FBDa76b5786D8Fa64aC099B,0,0.793685,0.243175,0.013458,0.737256,0.206349,0.224685,0,0.776178,13,3,0
0xb624143057FCB3edb59FbC16fc4a0863b396db9D,0,0.572559,0.014174,0.023402,0.710443,0.230769,0.054641,0,0.527458,15,3,0
0xF2a0E9C6Ac8c74A16F7a13370A3Da6cB4Ca11F5e,0,0.464372,0.080561,0.127425,0.733647,0.056603,0.070286,0,0.407916,3,1,0
0x046fDF6e377445560BC0e71f3f7718eB1a719ac5,0,0.6,0,0,0.049931,0.038461,0.018067,0.084249,0.395362,2,0,2
0x75C67Ba3DeD290B86005745E57f8e43257162fFb,0,0.981408,0.860229,0,0.482009,0.818181,0.995246,0.455872,0.974873,225,4,1
0x52A0D6333DD9E38C3f3A749607bf28c4EB33aba2,0,0.807698,0.244724,0,0.402323,0.275362,0.715002,0.717739,0.756794,19,1,1
0xA1db0017a3B28B9ff5fe25a03d4c6B0c16c734b6,0,0.6,0,0,0.295662,0.264705,0.142808,0.217527,0.476134,18,0,1
0x68A84dAb81c7F0D11f96cDfd4A464dD03ab082BD,0,0.840905,0.31237,0,0.832113,0.350649,0.519738,0,0.867996,27,4,0
0xDc0cA142Cdb88D0beE3C3712991623CEB638B28E,0,0.6,0,0,0.69763,0.152542,0.009312,0,0.531321,9,0,0
0x99c20fcE5041EF1e334FDE5288E0a4DAbeeF707D,0,0.6,0,0,0.481627,0.206349,0.154834,0.478351,0.475647,13,0,1
0xE34e723d549a687d2DCf1c710BcF9A3C57899BFf,0,0.73369,0.130891,0,0.761953,0.53271,0.796896,0,0.810362,57,2,0
0x43032A5BAeC737693B91FaDfc491db06C604Cd9F,0,0.6,0,0,0.619165,0.038461,0.374921,0,0.555135,2,0,0
0x5c63b879C1fbC464a0F4D3A1305A6c8dF6070Ace,0,0.6,0,0,0.850412,0.21875,0.174508,0,0.591759,14,0,0
0x8fd8AcD193C594242ddD525EbFE0b2953fb1e933,0,0.581423,0.009494,0.015724,0.698582,0.166666,0.013222,0,0.517578,10,2,0
0xfC5d72C5a9EEAFe78aFC541D664f18678D387A50,0,0.6,0,0,0.833989,0.652777,0.924261,0,0.744599,94,0,0
0x217Eb91F407F815f60028f95D32751611E6D056A,0,0.6,0,0,0.449828,0.019607,0.090743,0.332888,0.447182,1,0,1
0x9C398b892B492787E79FB998078b56Ba0F6A250B,0,0.813325,0.570618,0.234772,0.869919,0.722222,0.996315,0,0.899368,130,10,0
0x9C6EDE2Fa48Ca8D61CCdb5d313FC5a47498903F1,0,0.6,0,0,0.747776,0.038461,0.001597,0.008919,0.520965,2,0,1
0x8A2B387801a834746e272c44e729b4e6039c695A,0,0.849833,0.332939,0,0.749703,0.729729,0.925027,0.696986,0.889523,135,4,1
0x62c0c8A0456a977aA007326bb9d8cC1e9D3CC082,0,0.882047,0.41771,0,0.630493,0.166666,0.864875,0,0.898479,10,1,0
0x55D8Afd35097165ce77c2CA9bC39524cE6d74e97,0,0.600266,0.000199,0,0.853065,0.056603,0.000399,0.000997,0.542881,3,1,1
0x5A9c0571c7F91eBA6E4203F89c4DF48712761561,0,0.601715,0.00129,0,0.872702,0.206349,0.002593,0,0.570218,13,3,0
0xED4D081B8dABE09B5cb35DE35ABEC885fFA288E0,0,0.64573,0.037281,0,0.61075,0.180327,0.034749,0,0.568726,11,1,0
0xf4673Dbb9188406FF51BD421fDfA339F7DBc5aeA,0,0.6,0,0,0.552926,0.572649,0.997623,0,0.704581,67,0,0
0x1aab15595A0F135a55aEbbfBbb08616a0D3541d7,0,0.749456,0.151793,0,0.619583,0.137931,0.641756,0,0.75119,8,1,0
0xd7dDDB83722C7f7400a84f6591B9D02371D0b166,0,0.957193,0.714556,0,0.674677,0.438202,0.966693,0,0.965117,39,3,0
0xD45884ed9e7e75A4f8F2ba2FBDc3d17E194FDDCA,0,0.6,0,0,0.594486,0.473684,0.777362,0.930982,0.582823,45,0,2
0x63b77A31Fc8870e4637B5d7C63C797713917Bf25,0,0.6,0,0,0.772428,0.090909,0.230532,0,0.567967,5,0,0
0xeb066e53731d70eD4Bfe89d7862E092d4fbeF0bA,0,0.892515,0.449471,0,0.834151,0.565217,0.906147,0,0.936206,65,9,0
0x368D46B71F4674c131D59B82D0E8A20833c2C881,0,0.827791,0.284092,0,0.381508,0.253731,0.905644,0.714316,0.795757,17,1,1
0x90774aB01BB5725d1CE10ADF47a1B791A594279c,0,0.6,0,0,0.851828,0.074074,0,0.001996,0.54486,4,0,2
0xC7B40008E98118FeCDFCA72d8Af63067162f6a08,0,0.6,0,0,0.854668,0.038461,0.000199,0,0.540277,2,0,0
0x38747443987d3d4e3FB20f42b771644df9E7710d,0,0.949743,0.676137,0,0.795891,0.756097,0.997451,0.766375,0.960743,155,4,1
0xe608984Abd6906141b32D8D4296b09E8dcDdfDC2,0,0.831585,0.292048,0,0.479551,0.090909,0.516207,0,0.803779,5,1,0
0xFa73352E64707C39c1218DA4beAACaCB9ac14fd3,0,0.280108,0.255181,0.363468,0.831119,0.72067,0.789314,0,0.446653,129,5,0
0xBb6BcBE71FE57835a6478020EAF90e511324a4AF,0,0.6,0,0,0.694544,0.509803,0.85878,0.89633,0.619823,52,0,1
0xac1e912fa0FB0b2dEC3fbd0f0b0a81e70D4D79bB,0,0.6,0,0,0.707933,0.137931,0.041043,0,0.535673,8,0,0
0x5A51f62D86F5CCB8C7470Cea2AC982762049c53c,0,0.623411,0.190836,0.119966,0.855676,0.494949,0.693608,0.707112,0.661716,49,8,2
0xAb08Ce2C0ABe1fe62137e810fBeC92711D3D0700,0,0.6,0,0,0.851774,0.038461,0,0.001996,0.539546,2,0,2
0xeB20cc8b23C81DF17a9A480e861FD5541A895F4A,0,0.844961,0.321573,0,0.657384,0.621212,0.86757,0,0.896858,82,1,0
0xB0d7B3313f0a2bc57CE042D86c97aa54Cb95Eea3,0,0.6,0,0,0.851835,0.019607,0,0.000999,0.536845,1,0,1
0x05CCa6ff180c7F8039060424dD6eE51dB7619b75,0,0.892156,0.448345,0,0.835778,0.841269,0.872014,0.644565,0.928982,265,4,1
0xAD1B849093B6482d8F4eD360DC6eEEc1e78284D5,0,0.581423,0.009494,0.015724,0.705862,0.107142,0.039569,0,0.513879,6,2,0
0xe852988837B92b53c1e6B233BCf978274b4B4A66,0,0.877061,0.403376,0,0.75635,0.152542,0.928565,0,0.904906,9,3,0
0x4c7dfb8F777DAC19735F2feD469C80181C0d63f9,0,0.6,0,0,0.705129,0.074074,0.038461,0,0.525256,4,0,0
0x353fb59F50b07705b669A66a1E46A71FC54BAfe4,0,0.6,0,0,0.848463,0.038461,0,0,0.539169,2,0,0
0xc0c328E147800384410B6a83C524BcF282495eCB,0,0.926411,0.570943,0,0.747979,0.107142,0.865479,0,0.936712,6,1,0
0xBC780cd7443377495d3cA04dA8E8383dBdeF868f,0,0.951083,0.682858,0,0.185798,0.404761,0.990699,0.751885,0.929615,34,1,2
0xE9edc047417cB61bdB28342DC8Af5C2Dfe23fe0e,0,0.662294,0.052437,0,0.619854,0.425287,0.128616,0,0.635454,37,1,0
0x9DfE67B2f0a55573E4B972CD723f27077D3f0a07,0,0.986984,0.899192,0,0.430411,0.295774,0.994199,0,0.973364,21,2,0
0x1a9836F6Dcc253332eE707Bd9808aB3d79d973D5,0,0.973144,0.806516,0,0.87405,0.632352,0.996412,0.164802,0.97787,86,5,1
0x6ec6384D1f8E66076911D077694333DDf4D213F3,0,0.54939,0.328253,0.28176,0.815727,0.333333,0.55951,0,0.595085,25,6,0
0xD143Ed1aE715Fb149cb2356Ca18138E29D308E72,0,0.17492,0.421643,0.548545,0.721738,0.137931,0.682881,0.5,0.20821,8,1,1
0xB55BFea9D8100f953cf051299E0BF59985De5920,0,0.603477,0.002624,0,0.85471,0.038461,0.03157,0,0.548219,2,1,0
0xCe9D5fDc295dA5c25C5b216DEdc30bc4B9247373,0,0.639186,0.031553,0,0.852171,0.305555,0.707653,0,0.710492,22,4,0
0x6bAb0D3CC52d5F8eDAbDfc0d5ff739A3bF4B8B37,0,0.6,0,0,0.843644,0.019607,0,0.000999,0.535419,1,0,1
0x21D2dc7EF3Cd2bfAB9DACaEc1DB4f922d2cad4f2,0,0.820104,0.2685,0,0.5834,0.230769,0.608763,0,0.823689,15,1,0
0x1dfa9C97f70E50ce30430951d73A53ddA32d30e5,0,0.509851,0.050371,0.081225,0.83656,0.056603,0.029691,0,0.462005,3,1,0
0x479283cF80c1E9aFB9a5226Fa3a2b905863829f0,0,0.074905,0.677734,0.778027,0.79876,0.652777,0.984334,0,0.279884,94,1,0
0x184B2aD8a4bf62af79FFfd70deC90545c88a3fe4,0,0.6,0,0,0.767658,0.640287,0.980321,0.947019,0.661708,89,0,2
0xE7db665dC311F125002e2Ea4cBc290b136eafd8c,0,0.947841,0.666743,0,0.656205,0.264705,0.846804,0,0.952302,18,3,0
0xCddB2B749c5E33D0B86e672A950Afae44091A4e4,0,0.6,0,0,0.850372,0.019607,0.000199,0.000999,0.53662,1,0,1
0x773703D93607082709E745B807161580CB72aF2B,0,0.6,0,0,0.841588,0.019607,0,0.000999,0.53506,1,0,1
0xAf2b2585DD5Ec6a9e35EE0E6ff630Af3734bf351,0,0.73149,0.128093,0,0.842068,0.390243,0.687148,0,0.793466,32,3,0
0x07747c59AB5931ae1dB70941d52925957e78a8C0,0,0.759737,0.166286,0,0.656585,0.122807,0.14163,0,0.7063,7,2,0
0x4b997d3943eec724b8Ca989Ba097B65adDBc58bD,0,0.63864,0.031082,0,0.794973,0.056603,0.280057,0,0.610543,3,1,0
0x0887928076bE82eE448Ffe1bA2a6bB330D167cc0,0,0.252758,0.530868,0.61284,0.714829,0.557522,0.733886,0,0.340223,63,3,0
0xc59bEdBE3A27Ed7d67Fc78082b11088E40e28C1C,0,0.928273,0.578594,0,0.825102,0.606299,0.962854,0,0.958084,77,7,0
0x0d3a495e3F087a7E841305BF2D4D1a10276326e7,0,0.6,0,0,0.212929,0.242424,0.052491,0.21011,0.445704,16,0,2
0x7D2036387a3e8dAE72aD7C7cca9C3F78786a6148,0,0.975035,0.818406,0,0.799482,0.965059,0.997766,0,0.982637,1381,1,0
0xbF64Eebadd116f9dC824FC0F22A3d2C990CA39E0,0,0.211113,0.355928,0.479447,0.786275,0.253731,0.770526,0.671592,0.251464,17,1,1
0x29a1c71Ee6E55D24FcaFc491bd8768c29C7D0400,0,0.895786,0.459893,0,0.834839,0.606299,0.86363,0,0.938084,77,3,0
0x81EC2081dfb42C5291C55e6123D527EB744a5fFB,0,0.6,0,0,0.557295,0.960567,0.999432,0,0.751402,1218,0,0
0x4944B51e22d94840B0e86551B4DFb0B67D1CD487,0,0.531121,0.058143,0.076367,0.860969,0.666666,0.978614,0,0.70621,100,4,0
0xcF4cD864a671C36c6CDCe01e3eFd58422d7d222d,0,0.736329,0.134283,0,0.802139,0.230769,0.665283,0,0.774493,15,3,0
0x17ff5E7eb895DfbA1969922F0Be35F039157a123,0,0.452643,0.325486,0.33945,0.841463,0.62406,0.325782,0.283299,0.482825,83,7,1
0xa634c2140B34E13577A0bE1F27347A0CA97B349b,0,0.863115,0.591601,0.165919,0.822314,0.586776,0.957214,0,0.919843,71,6,0
0xC37D6a58CbaC73424c031aF845c30c7C94060523,0,0.858212,0.353311,0,0.622458,0.206349,0.725078,0.454664,0.848975,13,1,1
0xF98239e7e0789b0B4E54d96C2C6312B7CA97E3dC,0,0.779306,0.195973,0,0.81797,0.230769,0.364352,0,0.785879,15,4,0
0x92FE6cF1564D8059e86b93cCDdC992f81A4AE3cC,0,0.6,0,0,0.850424,0.019607,0,0.000999,0.536599,1,0,1
0x624Ba55DB856eAeFD4B275e3Cf2ee96E1083D8D8,0,0.773256,0.186483,0,0.53564,0.090909,0.414999,0,0.73378,5,1,0
0x55b7732eD17681bC9E8cd9f1ceb85e0F8cC4F643,0,0.6,0,0,0.843659,0.019607,0,0.000999,0.535421,1,0,1
0x5F37b1909e35B852EbA7555BeE221139f7a44a6b,0,0.919801,0.544686,0,0.631296,0.726775,0.969568,0.159842,0.948099,133,1,1
0x90153be2aC32633fC9A7Cc53cdF01D348E875555,0,0.6,0,0,0.818232,0.593495,0.987578,0,0.742959,73,0,0
0x6AFB0bd5332F174558c174efD4426606edb073cc,0,0.934869,0.606678,0,0.75541,0.615384,0.952116,0.395743,0.952752,80,5,1
0x15d6C2742fd2576C779f22beF4171ba387c88960,0,0.6,0,0,0.757546,0.074074,0.011075,0,0.530305,4,0,0
0x55F8EABC517dB7C156B5D793110ad71a6ac4C596,0,0.590565,0.004769,0.007924,0.619433,0.122807,0.009508,0,0.504813,7,1,0
0xF0531592b90fd64291540C38D5aa80A2a43e7150,0,0.878019,0.406093,0,0.703529,0.734042,0.961443,0,0.930424,138,2,0
0x7569f80469742748B91E10Ec8fC844FE9d68A420,0,0.924153,0.561816,0,0.849144,0.61832,0.962955,0,0.957041,81,9,0
0xD107bF6d16092E1C341ed7A4b14b9140Ae9Bf5cF,0,0.6,0,0,0.700804,0.166666,0.014001,0,0.534684,10,0,0
0x3D1aE3BD457670c28b10C803e0F29a93d25Ffc15,0,0.6,0,0,0.610617,0.107142,0.981549,0,0.650365,6,0,0
0xAa4481C5ECF7B2ECA73A7Bf0E99333E8032Ca5A4,0,0.767355,0.177501,0,0.542164,0.438202,0.444135,0,0.770412,39,1,0
0x61F4678EA8C4E6402fBD390D58dC59C1aE2DE3A7,0,0.877165,0.403668,0,0.763099,0.739583,0.958534,0,0.932694,142,1,0
0x2014ed9E5CF9B6BB74853eB7aC6A22fF3e655590,0,0.862328,0.363721,0,0.760871,0.21875,0.950519,0,0.898612,14,2,0
0xcB9804aa788Fa653D740a31757aDbB487397D9B8,0,0.930062,0.586062,0,0.756996,0.576271,0.975151,0,0.956604,68,2,0
0x338fe0140e774F8a136fb2f47AF86b49f3E95d5d,0,0.6,0,0,0.84367,0.056603,0,0,0.541039,3,0,0
0x83ba210Bb000A71137B9C5e69A389A2E59ec0e51,0,0.84039,0.311217,0,0.646665,0.193548,0.328227,0,0.823539,12,3,0
0xca6e38Ae84dB107A808AE60032A2f310bA8Cb574,0,0.800382,0.231448,0,0.398335,0.484536,0.518165,0,0.798958,47,2,0
0x2B722891787B9b92143e3e55e34775FF5c9c0439,0,0.890706,0.443814,0,0.759452,0.572649,0.951395,0,0.933882,67,2,0
0x3ACf5EB218580ae9dbbd8bD44232ec91E43B151D,0,0.814632,0.257809,0,0.759245,0.295774,0.937672,0,0.865746,21,1,0
0xe21f8fEc8A23168Bde3ec7e5E4E1C332ACbd2602,0,0.933168,0.599288,0,0.762563,0.264705,0.988707,0,0.950597,18,2,0
0xF843b9f334133ea81913beA5571b690a4793F5f2,0,0.401871,0.128847,0.197758,0.730213,0.242424,0.362326,0,0.417637,16,1,0
0x1Ffc4E8a9a782c57CA7c5EA131217c109aa2110A,0,0.6,0,0,0.84842,0.038461,0.0099,0,0.540637,2,0,0
0x7B3A4a7FCF56f997D8771ed00bcAa866C4ca6dC0,0,0.959429,0.726615,0,0.61059,0.242424,0.952223,0,0.960214,16,2,0
0x9879497017fA2026Dae2F58E5B6A50F96490A034,0,0.894236,0.454925,0,0.75588,0.590163,0.804013,0,0.930989,72,4,0
0x75369E70E619cb7949Bbf37e73633d82025e35Eb,0,0.837692,0.305235,0,0.736739,0.206349,0.727044,0,0.861815,13,3,0
0x057C060DE629a5C548461896b490898432d7F1c4,0,0.6,0,0,0.843659,0.038461,0.025151,0,0.542082,2,0,0
0xeaFc33a17223D30ca4b446AE657d304E2D6742a5,0,0.6,0,0,0.454092,0.074074,0.009704,0,0.477049,4,0,0
0x7472f90F17ca9A3D80DAc83F513DFa63222EFdC8,0,0.808901,0.246959,0,0.830657,0.62406,0.547142,0,0.86277,83,1,0
0x6c59eD8e7B8641f7Abe89B1dBa8C5847799FD6FB,0,0.6,0,0,0.795154,0.230769,0.061032,0.003984,0.567115,15,0,1
0x39cF559d3dE304C06A022EBB380EeD75c06857fC,0,0.776536,0.191592,0,0.619538,0.122807,0.462596,0,0.757553,7,1,0
0xB190A28072Def2b9E7636A019b4d2fD0617834a6,0,0.6,0,0,0.720139,0.242424,0.0392,0,0.553067,16,0,0
0x5F80Aacd63e112265DE61B752019EE35029A17d2,0,0.957246,0.714839,0,0.751127,0.206349,0.976372,0,0.962359,13,3,0
0xEFeb3c96038FB738872880f53940ADC3d2Fd43e2,0,0.6,0,0,0.850397,0.038461,0,0.000999,0.539406,2,0,1
0x0f9d709F7b0ac23464c9d4132DB5735619f56D62,0,0.873301,0.392883,0,0.666101,0.568965,0.636072,0.024977,0.9021,66,3,1
0x37b02945736EC7424b5E886b83401C75473925F3,0,0.6,0,0,0.712663,0.242424,0.023818,0,0.549489,16,0,0
0xcaEd5cb710302d1fA59fE8946EbE8035D6DF1d03,0,0.6,0,0,0.270446,0.206349,0.608242,0.832355,0.471313,13,0,1
0xeF1B0198Ed879A9D833F11567B40b4Dafdc6c378,0,0.965654,0.761557,0,0.759065,0.456521,0.967719,0,0.971378,42,4,0
0x3a12418C207B4ab0F419CbBED8b0F8FA21Bae58f,0,0.73913,0.137931,0,0.544186,0.894736,0.965668,0,0.838397,425,1,0
0x3f3fbeC01Da56297d0a302957D68B855872Fb99a,0,0.858276,0.35347,0,0.620364,0.315068,0.648159,0.312441,0.858345,23,3,1
0xb34c450Ef0D90467B42b54632Ac7d7F584bB9206,0,0.130179,0.519855,0.643431,0.829214,0.39759,0.777461,0,0.265115,33,3,0
0xee30247cE91929Fe08AA3b88c37eA0A4F557b97b,0,0.6,0,0,0.538171,0.107142,0.106823,0.216914,0.489585,6,0,1
0x10634E527e157f03F9BD13FC348a538469672b0b,0,0.935695,0.610308,0,0.833114,0.523809,0.933281,0.460086,0.951523,55,7,2
0xb7505D8BdB63efccfD53Bb3DA8fc7E4CDa43adc7,0,0.774988,0.189171,0,0.755739,0.107142,0.566499,0,0.782212,6,1,0
0xE455517f40B2B53fcAD42B41Dc90F5c18b8Fef6d,0,0.948864,0.671779,0,0.846963,0.444444,0.934119,0.212267,0.961483,40,3,1
0xD11120F24a68BcFAb0eDa20E3aAD31820a3F9940,0,0.875888,0.400072,0,0.809924,0.51923,0.5504,0.441035,0.890579,54,6,1
0xf4b7626d3664090B69b5d9f087CbCA08Dc269114,0,0.6,0,0,0.752988,0.206349,0.009508,0.004975,0.5485,13,0,1
0xC15d74940AdEdD1D45a969D756bf027125dd9BB9,0,0.6,0,0,0.695202,0.107142,0.012443,0,0.524578,6,0,0
0x1170313034adD8c24389550711E86c902cacfB33,0,0.858461,0.353933,0,0.49023,0.390243,0.593595,0,0.864053,32,2,0
0x18Ff5ee2039Fd319EFb0b33cfD6Fc28f9652F6cB,0,0.623366,0.018272,0,0.687991,0.275362,0.094202,0,0.582588,19,1,0
0xCE0099Abc8516fC0ac84dd77B8E0E59e92b9080f,0,0.922407,0.554869,0,0.787546,0.166666,0.987212,0,0.94177,10,1,0
0x710bb887Cb95f4e1c0beE378EC21106DEAa34fff,0,0.6,0,0,0.50658,0.572649,0.925056,0.960845,0.600821,67,0,1
0x83C6149694Cf9cc16c19a3994660b9121B7036E9,0,0.967435,0.771948,0,0.823734,0.828767,0.981497,0.38906,0.975281,242,16,2
0x822A0b15D1eeB7372B62EDBC5ED5060F4DBaeD03,0,0.502864,0.453997,0.424463,0.730819,0.431818,0.786671,0,0.561556,38,2,0
0x3b095A8BA626D6721615829A7A9828cAaAaE99D3,0,0.6,0,0,0.843629,0.019607,0,0.000999,0.535416,1,0,1
0x8b27797208abf6b921856656724eC5B194Ec8c0B,0,0.6,0,0,0.841607,0.038461,0.000799,0,0.538095,2,0,0
0x2B76df2bc9B91E89Bb2065D79d63db6bD7cC7335,0,0.6,0,0,0.779331,0.019607,0,0.000999,0.524204,1,0,1
0x5bCef57F4365b3ABB5f9313255De62F0009de025,0,0.96978,0.785912,0,0.852708,0.541284,0.974389,0.511099,0.970949,59,12,2
0x11D3467fa785C79b07c233815a760cF079924242,0,0.638506,0.030966,0,0.747853,0.038461,0.090578,0,0.572362,2,1,0
0x7dcb4f75FF612Cf94E0b918160cbE55bE1C7b97d,0,0.720167,0.114125,0,0.733619,0.137931,0.269859,0,0.6925,8,1,0
0x9fB041b4d5557C3455F0B7AFFcEA401Eecf55C5d,0,0.58947,0.00533,0.008852,0.841706,0.056603,0,0,0.531331,3,1,0
0x4ECAa3B807909a99B8c07168c927d04048585bDe,0,0.756977,0.162325,0,0.54878,0.647887,0.811313,0.255081,0.802454,92,1,1
0xfbE030C556A06b27aC73360e2959648cd10694D7,0,0.942391,0.640679,0,0.820714,0.81884,0.975624,0,0.969034,226,14,0
0x37A7E0eca16C6d007Bf18d4805f3b17C6125dD8e,0,0.6,0,0,0.727729,0.152542,0,0,0.535175,9,0,0
0x4c53ca026109289AE3c2d33FdCC621288486FC56,0,0.680874,0.070656,0,0.862542,0.418604,0.844314,0,0.774138,36,4,0
0x8FdE332787807da2904c3f5C6fae708Fee0d8e0E,0,0.6,0,0,0.843684,0.038461,0.001597,0,0.538576,2,0,0
0x1f0F0c7446B3BaFCC8bA65F779B92c9564e6536D,0,0.851221,0.33624,0,0.736445,0.166666,0.843779,0.610237,0.850128,10,1,1
0x3fD6cd62528Fd654eB4bE7EeC3902a12A1f7312A,0,0.728799,0.124709,0,0.653554,0.367088,0.284385,0.367684,0.689501,29,1,1
0x23a49A39Ee13ff39744192BC84E3bd37B6BAC323,0,0.6,0,0,0.781475,0.675324,0.854663,0,0.732045,104,0,0
0xb554B9856DFdbf52B98E0e4D2b981C34E20e1dAB,0,0.6,0,0,0.742035,0.68944,0.983531,0,0.743303,111,0,0
0x68348a7fDabF789590BBDA9e3c12357e08e5B116,0,0.717584,0.111036,0,0.714236,0.657534,0.788628,0.258426,0.786724,96,1,2
0x5E780854b63208d820F70560fB8B80562BaB1b0A,0,0.6,0,0,0.836503,0.756097,0.998747,0,0.76467,155,0,0
0x51ae86680dB39A04C7001c4FD008Ebe350C70465,0,0.6,0,0,0.447364,0.462365,0.722669,0.890829,0.551774,43,0,1
0x73Fe186a62180e720287C95C4034AeF989818145,0,0.6,0,0,0.780911,0.166666,0.987137,0,0.685447,10,0,0
0x275D9F71945Fd98ba8076f782CC1B1EbAb328D03,0,0.883192,0.421071,0,0.506202,0.675324,0.580677,0.205908,0.896258,104,4,2
0x08d84B154f55A272048DC1FeB4AEBE1282cF0d55,0,0.951424,0.68458,0,0.727614,0.748743,0.957299,0,0.969294,149,7,0
0x88B4F47ff1d5fCE6A576aD19ac53941fC302CFe2,0,0.624081,0.018855,0,0.855044,0.21875,0.598361,0,0.672978,14,1,0
0x43C3Ecaf74d44700A7821F3EA58cEAe569d7158c,0,0.623991,0.018782,0,0.843589,0.122807,0.25562,0,0.610663,7,2,0
0x40be5e23f9fAC198DF8656e4ee6fa9eaEa49F904,0,0.903081,0.484044,0,0.719721,0.456521,0.977528,0,0.936446,42,1,0
0x2A1855F7E0Df16E35FF2DCa3Ead2935503391a56,0,0.6,0,0,0.854706,0.019607,0,0.000999,0.537344,1,0,1
0x14BE182d570a1057446C8163706e96De86a89074,0,0.6,0,0,0.779457,0.019607,0.019223,0.089253,0.518295,1,0,1
0xAe305EF823ee161667C4be3ddcaB4259C2402CEA,0,0.934151,0.603548,0,0.699669,0.285714,0.918817,0,0.94766,20,4,0
0xe56a14504cd310857C59449587715B2dF64aDBc1,0,0.613309,0.01022,0,0.747938,0.056603,0.010097,0,0.538526,3,1,0
0x763fb7C42c9977B5464696daAEB15A4A2127eC67,0,0.449589,0.418001,0.423319,0.738741,0.484536,0.824005,0.248936,0.505068,47,4,1
0x25328DD73D3384856B4986ade4e1CC385bc886D9,0,0.6,0,0,0.465762,0.090909,0.025151,0,0.483923,5,0,0
0xbE25462ECedEb6043f2d9755BE8B3D96F5C67cC8,0,0.6,0,0,0.841628,0.056603,0.001796,0,0.540952,3,0,0
0xF43F24247cdcc00f999b29AEC62eA4037894ab00,0,0.60059,0.000443,0,0.84934,0.056603,0.000799,0,0.542697,3,1,0
0x93CA87431D36643d1d2Ceed29E83E7aD9D6b66fE,0,0.6,0,0,0.26903,0.038461,0.004182,0,0.438786,2,0,0
0xC02DE365B8Df61c6485BFF3A076BA531a428F7Ca,0,0.6,0,0,0.735585,0.912891,0.836649,0,0.751127,524,0,0
0xCcB5CcAAe09ecC48078cC496058D270dc049E186,0,0.6,0,0,0.454505,0.107142,0.023055,0,0.484074,6,0,0
0x97409C4a899494e7942177D262B73eb3818A5e87,0,0.6,0,0,0.042346,0.090909,0.002195,0.012833,0.406217,5,0,1
0xf2247702f152aDf9161CD23CFaf24be7248444e3,0,0.847025,0.326348,0,0.605468,0.425287,0.856486,0.571448,0.85687,37,2,1
0xdE7667870f823E899b1d21CCe01eD690e4C80f51,0,0.878143,0.406445,0,0.864339,0.659863,0.773857,0.159719,0.923152,97,5,3
0x6DD313D16bcAeAbD10168815eB7303b572DAa3B5,0,0.805143,0.345907,0.064698,0.669034,0.523809,0.764273,0,0.859274,55,3,0
0xC15Ab8DD7DAeEa5F1aA3b56507CAc8A877E21b15,0,0.863613,0.36703,0,0.854152,0.872122,0.99111,0,0.935492,341,11,0
0x773140A6E88a5B9ac8E505280Fe499bA94925f09,0,0.947407,0.664618,0,0.813129,0.823321,0.993798,0,0.971282,233,10,0
0xD806747a4078b2620bE55f5f0565a9374343520C,0,0.883298,0.421384,0,0.740434,0.450549,0.964026,0.422981,0.911297,41,2,1
0xb30d5A15B343eB5f64D5482660b8dCd5b06Bc820,0,0.6,0,0,0.843608,0.019607,0,0.000999,0.535413,1,0,1
0x1c74a472Bb2595b941E5359F325f3201d5988D8B,0,0.714889,0.10785,0,0.686865,0.418604,0.155548,0,0.70124,36,2,0
0xdcC6b8eBC535745D08f4fdD0E3781F3387BAa583,0,0.6,0,0,0.703219,0.193548,0.02629,0,0.540946,12,0,0
0x4e121C9300a12e5CD2149456332Ea72dF4d6Fc57,0,0.489407,0.063487,0.101516,0.851807,0.056603,0.015554,0,0.443454,3,1,0
0xBE9dF1B709258f9a1d912CCcdC7059b78CeA0A0e,0,0.638653,0.031093,0,0.791628,0.358974,0.250824,0,0.648212,28,2,0
0x1b38759Ff583484A6CdcC4F7E09b640f7b300410,0,0.328051,0.199163,0.293031,0.701326,0.090909,0.599903,0.729656,0.290935,5,1,1
0x23dED90AD32d41C7750a6162bb38FA2dA9646359,0,0.446067,0.093814,0.147153,0.526933,0.090909,0.074759,0,0.362457,5,1,0
0x2a7e1FD0CD8DBa607de07868C1b1d09212d9c01d,0,0.6,0,0,0.68674,0.652777,0.838652,0,0.714139,94,0,0
0x9000B2192d3e96Ddad64A5F50Ff2dfe579373901,0,0.887485,0.433917,0,0.73731,0.5,0.795509,0.345088,0.91104,50,2,1
0x9106119769b37c6e0e15dc1Aab1D0ca94BC25515,0,0.6,0,0,0.519587,0.137931,0.034562,0,0.501801,8,0,0
0xF97f8C2d6a22F4FE06274324A43702fef59D4c59,0,0.6,0,0,0.453589,0.038461,0.014195,0,0.472305,2,0,0
0x9DCf00fb8745f042aA8A9C75F64f3C61Cbf87642,0,0.921399,0.550908,0,0.342373,0.679487,0.926246,0.389769,0.929243,106,3,1
0x23f2A9DB75a414dB91Bd2E22D30924Ee61ade4e1,0,0.73791,0.136336,0,0.845866,0.70238,0.903439,0,0.845334,118,3,0
0x6e1eC86933867Cac3b0B509E1510f004653AD9DF,0,0.6,0,0,0.843651,0.074074,0.002394,0,0.543994,4,0,0
0x689593fA39c2E2d69d13F257E39Cd01D37Ec245f,0,0.6,0,0,0.831555,0.038461,0.000399,0,0.536286,2,0,0
0x842810AA9B51BB5771bB918E21A8Ac6eb264F6BD,0,0.745169,0.145956,0,0.833773,0.73262,0.863227,0.820147,0.801198,137,5,2
0x5cB1963E7075cA240d46dfe2B0468356491ae055,0,0.85599,0.347802,0,0.527569,0.152542,0.374452,0,0.829399,9,2,0
0xec8B29FC4260A0b0d23808e4C775E984FfA99dC8,0,0.6,0,0,0.149677,0.038461,0.44432,0.799959,0.404792,2,0,1
0x2a13e9F8c5374d9f8694a8F2E782e62B9D7597d1,0,0.62798,0.022066,0,0.647612,0.090909,0.047074,0,0.54598,5,1,0
0xB733e74F89E438eF78f256eA74Ef7E760bC3E07B,0,0.627642,0.021785,0,0.727778,0.137931,0.010684,0,0.561091,8,2,0
0x3b5BC001FCf1bFD3F2250DcDf14DB1809b4d2d92,0,0.81937,0.267046,0,0.75959,0.253731,0.97207,0,0.868938,17,1,0
0x4b693942aA2CA8bf1b1f126eBdc3464eD1A16b60,0,0.664479,0.05451,0,0.857817,0.253731,0.44034,0,0.693322,17,2,0
0x132c5Fc53A158e0de711E6f69Fa90F34b3D4C9DF,0,0.875561,0.399159,0,0.722302,0.677419,0.949149,0,0.927102,105,1,0
0xC53fe73AAD87029c1CebAEAE149b574B9ecD7F0b,0,0.948617,0.670557,0,0.73013,0.609375,0.987093,0,0.966031,78,2,0
0x360602C8d71f92C0f3d385251bEBF74415aE751E,0,0.6,0,0,0.850368,0.056603,0,0,0.542203,3,0,0
0x99AfD4055940CBABbEC068612BE1c1f712F3A991,0,0.6,0,0,0.853912,0.038461,0.222515,0,0.573054,2,0,0
0x75AB2c8400Da3FE6a3E66215C198bd825585eD78,0,0.850962,0.335621,0,0.729893,0.107142,0.883704,0,0.876675,6,2,0
0x1389473FB7893d38946C6C117A1361ee833Dc968,0,0.6,0,0,0.753177,0.137931,0.008723,0,0.538726,8,0,0
0xe12A1ca6f616979059A4D728Bdf3464074A78CFf,0,0.73484,0.132365,0,0.727638,0.056603,0.615355,0,0.738778,3,1,0
0xc2B5A965F9b0aC245Ce51af57F34aA4E06e059B0,0,0.581423,0.009494,0.015724,0.707375,0.193548,0.039569,0,0.527082,12,2,0
0x720Cf72d5549cA9fCAf01FAA7371a6080E6cba65,0,0.745271,0.146094,0,0.771676,0.350649,0.773252,0,0.80151,27,1,0
0xA3fDbdbaAA8D1bd8f6f640eD0356e7ef3e961C66,0,0.198489,0.377663,0.502836,0.637549,0.894291,0.965013,0,0.383015,423,1,0
0x38F7c894Da08903E4Ed3cD3facAD1306f4A4f25F,0,0.6,0,0,0.843628,0.038461,0,0,0.538328,2,0,0
0xE8a7372C13FDeAa369cB2b6B7470A6D630686F3C,0,0.66023,0.050495,0,0.869523,0.285714,0.428767,0,0.693817,20,3,0
0x1aC82AAa492cD3A453b250d06aADf8E7da7C31aC,0,0.907548,0.499493,0,0.724418,0.62406,0.944145,0,0.943804,83,7,0
0xB897e6AB823aeA003f80D0014dc0b9a9Bd68Ae8D,0,0.6,0,0,0.843641,0.038461,0,0.001996,0.538132,2,0,2
0x169776e472A4D5fC46646063Cd5f6c5F8Dd33a40,0,0.6,0,0,0.861271,0.166666,0.284487,0,0.601945,10,0,0
0x8BcE9018C0941fFe3C748238fe72963415eA2812,0,0.6,0,0,0.729844,0.056603,0.003587,0,0.521737,3,0,0
0x79E607377b072400b4b871471817A603808Cd908,0,0.855969,0.347751,0,0.52098,0.411764,0.506854,0.014464,0.858852,35,2,1
0xD793eA189265aA85D5Be39D5B061bB35d01a27C9,0,0.9415,0.636534,0,0.789753,0.850299,0.997816,0,0.968988,284,4,0
0x4fB28E40e7Bcddf9367deb75CBe55c3FD34bf284,0,0.6,0,0,0.454535,0.107142,0.01536,0,0.482926,6,0,0
0x413BE9d0b2c2709676BDE74CF329da964A0a13c9,0,0.616062,0.012395,0,0.779452,0.056603,0.003785,0,0.54571,3,1,0
0x6D4Aa109708D83c9cb5370DdfE46eabF39697b6b,0,0.742186,0.141963,0,0.610794,0.090909,0.218627,0,0.685322,5,1,0
0x23D7E39aAFabDB161f38a0cf65891dCc7c018f61,0,0.812577,0.253879,0,0.843202,0.431818,0.438706,0.198123,0.833675,38,3,2
0xB299373139F051402DbdC49Ce3b6f45156A31504,0,0.924538,0.563358,0,0.62873,0.390243,0.798435,0,0.9381,32,3,0
0x331937820480275e1aCf67D36f9d9096BC4db1E0,0,0.90345,0.485301,0,0.754782,0.404761,0.942794,0,0.935032,34,4,0
0x8050eb5D11831F1FadA073E897DA3f893112bD54,0,0.6,0,0,0.843643,0.038461,0.000399,0.001996,0.538192,2,0,2
0x4482bd4e05317DE3Fa67bff179E55555aFcD2eF3,0,0.563961,0.018809,0.030961,0.704255,0.193548,0.069767,0,0.515283,12,4,0
0xA626Bd40A8c88F59A4CF9b1821A7bD71faD96285,0,0.979937,0.850328,0,0.854748,0.915254,0.999888,0.562967,0.980351,540,4,1
0xbC90763f478B7664c0c46c02d11f1b0ce3cDaCC7,0,0.612523,0.009602,0,0.849728,0.074074,0.178712,0,0.5828,4,1,0
0xa168fb875150817ae7f8b1882aD122a6D65A7C68,0,0.970692,0.791426,0,0.757416,0.814814,0.99531,0,0.978941,220,3,0
0x4947886508ce5f2abB5A600e1766d68DAa60039F,0,0.610091,0.007704,0,0.854646,0.137931,0,0,0.564499,8,3,0
0x52E6F1C141F3c14917f5C5Db9378B876C4a160aF,0,0.690947,0.081121,0,0.801569,0.565217,0.825692,0.85606,0.724884,65,1,2
0x0812DD390ec028a67e93FaF14aC9A663069EB22b,0,0.6,0,0,0.040249,0.038461,0.003587,0,0.399729,2,0,0
0x9598c1cd261582DECe77A31F51354F49bF2A04bb,0,0.6,0,0,0.727817,0.038461,0.496018,0,0.591496,2,0,0
0x7A4f6f02c4d70A135C420Db380EC4E3Da8b2D3AC,0,0.6,0,0,0.855577,0.074074,0.17328,0,0.571339,4,0,0
0xf997135e71e75e96bbF99F8349429B842dc395AC,0,0.884047,0.4236,0,0.610847,0.438202,0.6439,0,0.901636,39,2,0
0x73d0883565215a32851f7AA8eD652e37c2B6BbD2,0,0.727245,0.122772,0,0.722009,0.285714,0.404974,0,0.732729,20,1,0
0x85d0Fa6c2B5C315b5166138d151538d54161902D,0,0.743214,0.143334,0,0.844003,0.590163,0.954989,0,0.844005,72,5,0
0x3DD8C1c7BC6474724ea845be8648aAc83343b078,0,0.664199,0.054244,0,0.602335,0.074074,0.051773,0,0.573153,4,1,0
0x0E01C694f50E30Ab80d91fA34E579dCDb6e62Ed4,0,0.6,0,0,0.730108,0.450549,0.201277,0,0.608775,41,0,0
0x5FF6ee1D822aC55B25247de7E986a85C082b7a67,0,0.279684,0.25572,0.364124,0.730233,0.193548,0.799132,0,0.355039,12,1,0
0xD5a9F4CE30E0A2c83f75849780C0501571C23a6B,0,0.610755,0.008221,0,0.66015,0.074074,0.018645,0.076642,0.51701,4,1,1
0x909E29d5254eC9E3D41c2674b58Cbbdb51268C9E,0,0.6,0,0,0.75309,0.074074,0.014389,0,0.530023,4,0,0
0x7f3A6bd07f0f32A3F15587Fff3d7751b7553bC62,0,0.501483,0.055654,0.089439,0.817883,0.324324,0.766605,0,0.600125,24,1,0
0x22A2Ca5Fd19963E998032336F14Aa3b8d2De90be,0,0.736226,0.134151,0,0.762795,0.166666,0.198974,0,0.708383,10,2,0
0x2200ac4A1a29d5c52EBd3d347Fe26d4c0B6054fd,0,0.461857,0.309376,0.320123,0.851479,0.758454,0.861863,0.283613,0.595154,157,4,1
0x96d3B897C8C77a17a8bc4dD6Fc5Cd034aeA5a9E3,0,0.30819,0.45976,0.529889,0.747807,0.230769,0.934273,0,0.378209,15,2,0
0x008E6F88AE8c3DFbCC51B0f5064877B4A322EBD9,0,0.930206,0.586669,0,0.715319,0.431818,0.925457,0,0.950223,38,4,0
0xb4E8ef5FcCF78F9F41269C6AA87699239a3781e0,0,0.709919,0.102074,0,0.764858,0.418604,0.509611,0,0.749577,36,1,0
0xae6b473646c256bC931d68A23349a5B5310722Bd,0,0.713878,0.106666,0,0.761931,0.285714,0.763872,0,0.766049,20,2,0
0x5001699817aceb429dfb5e6A334A594F1Fb3F0c0,0,0.601964,0.001478,0,0.795042,0.056603,0,0,0.534424,3,1,0
0x740C2D78F6D3D48Bf062A36699CA86DbC9946893,0,0.6,0,0,0.612057,0.206349,0.689305,0.357739,0.589702,13,0,1
0xCf20A3adca4416562c7Cfc811dcCE6E64A1d1f4E,0,0.878376,0.407109,0,0.401591,0.056603,0.704106,0.534889,0.833449,3,1,1
0x87259de6eC2302D3e801419e27BE24c3C983BF5C,0,0.874806,0.39705,0,0.740126,0.382716,0.957543,0,0.915057,31,2,0
0x7B434E63c8c5Fa69932Bc6c254b5D0274e7422F3,0,0.6,0,0,0.042673,0.090909,0,0.001996,0.407001,5,0,1
0xd025d192cFF8E052AD16D8842F8C27Ad7a45fd62,0,0.526495,0.040199,0.06525,0.639973,0.852941,0.008723,0,0.559083,290,1,0
0x311395F0eE1E84262217a0219db07925369d3497,0,0.921129,0.54985,0,0.529083,0.53271,0.844604,0.177136,0.934052,57,4,1
0x606cD36C9EF16F3A5033A8B2218086175d4aeF8b,0,0.716826,0.110137,0,0.463891,0.180327,0.051952,0,0.622788,11,1,0
0x2D388282Eb7C2223eF73252F9932bA945d9Fbf52,0,0.876231,0.401037,0,0.863257,0.489795,0.438706,0,0.902807,48,4,0
0x7DCC0614eb058ae9583EAA556aC78a1a717498D8,0,0.928394,0.579096,0,0.587805,0.615384,0.934655,0,0.950414,80,3,0
0x7A4018187538D9745Ce4f6F9F62f487f2b3577c6,0,0.6,0,0,0.706072,0.122807,0.205844,0,0.557603,7,0,0
0x91BBFb28dDb6F8fd262d51FA02e9de79Adc5A77B,0,0.708205,0.10011,0,0.777445,0.230769,0.167637,0.304635,0.658646,15,1,2
0x32e299191636507aDdF4F5978FA4d52C85DB1188,0,0.6,0,0,0.610293,0.038461,0,0,0.497571,2,0,0
0x0b7B8c32A3E52FeE150E078a9ed014Ab3EedCC7B,0,0.6,0,0,0.873354,0.122807,0.559121,0,0.636569,7,0,0
0x50cd4B5C684F72B7651CE30E85DE75Ec6D8f395F,0,0.870663,0.385679,0,0.698216,0.479166,0.697812,0.247011,0.892313,46,3,2
0x92Ba20d7077412773FF8D48cc95D4b12e4b5157b,0,0.605551,0.004204,0,0.859177,0.107142,0.253285,0,0.593567,6,1,0
0xf13891426ECC002D9B3c9C293bCc176E3CEB04E7,0,0.952616,0.690646,0,0.785971,0.789029,0.996042,0,0.972288,187,2,0
0x11009F2bAb6589e745d9D9E835c781E69cf8ce80,0,0.771391,0.183617,0,0.650615,0.180327,0.402628,0,0.755818,11,1,0
0x738832A20bcF0A1fe96aA6B00993FBB6c368DE85,0,0.593976,0.003033,0.005045,0.7198,0.152542,0.000599,0.000999,0.528425,9,1,1
0x0006C3a51d493FD32F52dbcfbE26215E077Ef1Bd,0,0.602028,0.001526,0,0.855328,0.137931,0.003785,0,0.557599,8,3,0
0x26ED116FCbfbeb9ab12AD8ABe1c4e088192Bae30,0,0.977937,0.837109,0,0.786419,0.579831,0.996739,0,0.979108,69,8,0
0x3179b3a2aD2572BFb77c38262e3637de5D292DD0,0,0.6,0,0,0.851774,0.019607,0,0.000999,0.536834,1,0,1
0xC22DC4650bc94400C42eb38Ebcf899161e34dCc8,0,0.320878,0.206953,0.303103,0.730942,0.193548,0.391134,0,0.338197,12,1,0
0x197a6d54C921174b14659EE58515FD0500F5f15C,0,0.751683,0.154873,0,0.46457,0.206349,0.576809,0.437281,0.697529,13,1,1
0xcf58445788527655C17f7cAe55Ca86231A340Cd2,0,0.595494,0.006463,0.006595,0.870255,0.152542,0.241964,0,0.591554,9,2,0
0x0725f933274D21dF320698F6D7e594427cf021af,0,0.6,0,0,0.756105,0.107142,0.00537,0,0.534141,6,0,0
0x5B36afd474b2ED43Ae6bf7926E939cA5f6EC1A64,0,0.591863,0.004107,0.006826,0.851771,0.056603,0,0.000999,0.535121,3,1,1
0x90A7C62ee5C0EF8D2F039060A264855577d07369,0,0.767446,0.177639,0,0.782299,0.107142,0.722484,0,0.793742,6,2,0
0x0c9A2C621BC7Bae524143C515c78A6fD09A1D8bF,0,0.789489,0.212624,0,0.580242,0.180327,0.413145,0,0.767427,11,1,0
0xE04B83aa59778Aa331612b79f6f634066b4b427c,0,0.590707,0.004697,0.007804,0.853827,0.206349,0.143835,0,0.577998,13,1,0
0xF6aa21248fF1AbBFE8B9169C246DAF1E34f581dD,0,0.6,0,0,0.854652,0.090909,0,0.002991,0.547754,5,0,3
0x2CE6a6abbaDC7e65Be350b1B5CDA61A81E846Ead,0,0.977654,0.835261,0,0.749009,0.342105,0.99684,0,0.975238,26,2,0
0xdD7dAc56683c4E7651956E568dCcC7c9A790A923,0,0.6,0,0,0.610101,0.180327,0.056247,0,0.527226,11,0,0
0x26DD45CCA41DfB0e4537E107948E03c1E68A47Ce,0,0.882326,0.418528,0,0.774791,0.751243,0.936692,0.018062,0.935271,151,3,1
0xB8eEb7EF3072D17760B06A56A3b26B95b8fc7D08,0,0.710731,0.10301,0,0.619178,0.074074,0.133148,0,0.637763,4,1,0
0x4B9C7B69Ff270B12FAa0Db2D007E64DE89e4552a,0,0.6,0,0,0.374329,0.056603,0.691662,0.891504,0.473622,3,0,1
0xb0194fe58D27D49f83166933569bAafa069EDB9E,0,0.960939,0.734902,0,0.700114,0.740932,0.989157,0,0.973173,143,3,0
0x5865150447729524c7961b01Ee3801eE940C0437,0,0.916325,0.531423,0,0.854447,0.944873,0.998317,0,0.962079,857,12,0
0x1Fda01f5EcDD93AC9F20b760c9AA94D1245a5FE3,0,0.6,0,0,0.750329,0.074074,0.364675,0,0.581389,4,0,0
0xEEF697ac272B913Ce523f1364253F90C8a8C005f,0,0.6,0,0,0.851901,0.038461,0.750162,0,0.647827,2,0,0
0x60A0019F67ca72EfA41d8B6cA06a25ED5c7D1c44,0,0.706635,0.098325,0,0.87491,0.462365,0.900933,0,0.805155,43,11,0
0xED363ccA463dA9f58bf014832a66Ff93C07Aa3bC,0,0.6,0,0,0.701317,0.056603,0.019223,0.055712,0.513529,3,0,2
0xfc69509696EA9a56740B8cbd2E4a8aB5E02Cd6a3,0,0.6,0,0,0.853892,0.038461,0.066815,0,0.550054,2,0,0
0xa078a0601AA35871e002614afdbF7a487579e6c9,0,0.698626,0.0894,0,0.757847,0.305555,0.562133,0.594788,0.682238,22,2,2
0x5f45B85b6616205E357A24C79263Fe8631e1492e,0,0.639403,0.031741,0,0.747666,0.21875,0.194328,0.440448,0.571812,14,1,2
0x584fffDa63364695006032D0364Bf2eec2A0B6c5,0,0.602178,0.00164,0,0.851774,0.107142,0,0,0.552002,6,1,0
0xB134a7810E851b03672ba1E743D850a669333c69,0,0.6,0,0,0.550983,0.090909,0.067685,0.084249,0.496787,5,0,1
0x656778615380C2aa1BdE225E6635036941c11f5E,0,0.862731,0.364757,0,0.789909,0.468085,0.9718,0,0.91435,44,3,0
0x509eA9FcBC75c95011a381Ee859f47bf2b7B6831,0,0.642702,0.034613,0,0.769751,0.230769,0.118787,0.24967,0.588158,15,2,1
0x05ba962a811490C5c60f944AC898Fbfb390aa952,0,0.6,0,0,0.693058,0.137931,0.014778,0,0.529158,8,0,0
0x28188aBE76b42768134d6DB57924584b0DEE6910,0,0.6,0,0,0.402597,0.122807,0.034003,0.074074,0.471599,7,0,1
0x61ecB8aEE98876969658B3BB998a5Af26A401520,0,0.752321,0.155761,0,0.824283,0.206349,0.970446,0,0.817856,13,1,0
0x5Ff3AdCBBa86B2781dD8D8fd8e45D1d51256e6fc,0,0.693702,0.213108,0.083747,0.690256,0.242424,0.257168,0,0.677132,16,4,0
0xF76B1eD3e35C6E7c04aB2098001BF7909FD252a3,0,0.929513,0.583757,0,0.836569,0.514563,0.998525,0,0.957666,53,4,0
0x289711b554B4fCEB1740581ab710Bd36839460eF,0,0.297241,0.339851,0.429991,0.793314,0.438202,0.556619,0,0.368567,39,5,0
0xF4Be22AdFA24bC56Ab297d6b3C1E642483AcA148,0,0.6,0,0,0.646245,0.074074,0.245396,0.619482,0.484071,4,0,2
0xE2163d3001eC6E548634feFB48ecbfFA2B5fe336,0,0.6,0,0,0.707804,0.166666,0.081894,0,0.546018,10,0,0
0xAa806F0CC57E8c533c84c84FBf97Ab3386eFCFAb,0,0.689946,0.080062,0,0.850374,0.122807,0.677523,0.831187,0.657919,7,2,1
0xD4e09fD8A5db0189566E8270a214C03fd567ED5C,0,0.863313,0.366255,0,0.756146,0.285714,0.813502,0,0.895179,20,2,0
0xeFd5Afc167ff383Ad78EbAd942f9b71cF677b2E8,0,0.6,0,0,0.324283,0.074074,0.006951,0,0.454035,4,0,0
0x68e3584F564Ae6F0bE7daA1B21cE822B3e777cdD,0,0.898907,0.470065,0,0.789526,0.473684,0.986837,0,0.937735,45,2,0
0x9602579fd928C62a0D0B55cBA840D03d8586AE21,0,0.6,0,0,0.854668,0.038461,0.000199,0,0.540277,2,0,0
0x9f07Dc88Dc450978e5DDF973f6a0236A7cFBF99a,0,0.6,0,0,0.619973,0.285714,0.997732,0,0.67788,20,0,0
0x9c66E78F9387c35538CB8552bB1C8092E40F24D0,0,0.595612,0.002205,0.00367,0.779432,0.152542,0.041594,0,0.546468,9,1,0
0x7e928D516034A0B8B7627EB8AF5D72e42a1D77EF,0,0.842851,0.316757,0,0.610185,0.090909,0.615325,0,0.838102,5,1,0
0x367b22f56F3b01A4c90D508F9388e9C7Ac06ED67,0,0.6,0,0,0.757827,0.382716,0.998128,0,0.710741,31,0,0
0x8B859122cFa9A808cB60f8DBd2AF0f8952ED4ad9,0,0.823312,0.274923,0,0.797937,0.553571,0.887392,0,0.888422,62,2,0
0xf82Ec3d837777D5BF2FB4698142C7B213ed921C9,0,0.938375,0.622253,0,0.544159,0.922839,0.996503,0.574342,0.954407,598,2,1
0x6C577c35F1db2fA9F26ee2C97E1c001d5D0178A2,0,0.600249,0.000187,0,0.853947,0.038461,0,0,0.540356,2,1,0
0xf68cBD21BBF70f78401e5A7720Fcd94F4f215FBd,0,0.365846,0.16108,0.242433,0.7604,0.264705,0.874645,0,0.466347,18,1,0
0xCdC220820fA49998194B5f934849c267c554B009,0,0.604251,0.003212,0,0.849454,0.122807,0.023246,0,0.559308,7,3,0
0x0Ea35Fc9F0b9d49CDba3580102519915DE119209,0,0.6,0,0,0.082218,0.019607,0.004777,0.023437,0.401988,1,0,1
0xD5AdbB77C1141695692497A7E185eF631B049062,0,0.6,0,0,0.442743,0.253731,0.708675,0,0.605243,17,0,0
0x47a24A2B6Ecd50054f64D669896CF265D4ED5231,0,0.808387,0.246002,0,0.56291,0.350649,0.130585,0,0.774468,27,4,0
0x3AF8bC947F092A20A020f3d442Fd2E8a7909a6aC,0,0.6,0,0,0.411126,0.166666,0.012052,0,0.483761,10,0,0
0x9D5bcA1D46eE491eBAfBBffDf532ae7d313D91D5,0,0.926079,0.56959,0,0.562722,0.849397,0.971943,0,0.955648,282,3,0
0x3C1DECFF66A495E503F829deec6933314E4d8E96,0,0.981724,0.862375,0,0.697084,0.805447,0.995612,0,0.981833,207,2,0
0x0ABf993d89fBF99e28F4aC47E9d8c4b4e0E64922,0,0.892879,0.450619,0,0.533497,0.315068,0.764672,0.55001,0.883325,23,3,1
0x5e00377AA4ba08b207d934aAB0289042De741543,0,0.6,0,0,0.851872,0.122807,0,0,0.552306,7,0,0
0xdccb8Ce76bA233Ce3314440eB87901EF1A4AbEaD,0,0.618028,0.013962,0,0.734869,0.21875,0.272938,0.621428,0.542399,14,1,4
0xD7486952C6862EAf14Bf5C28b7375479ee5d031f,0,0.902517,0.48213,0,0.639985,0.253731,0.919249,0,0.922147,17,1,0
0x0CeDF62232aC8Bea6Ba8083696A6CA0e33Edb2AF,0,0.6,0,0,0.818057,0.074074,0,0,0.539189,4,0,0
0xBE682fed068cc8DEB7339255c7f6d4E7cE5A482E,0,0.923109,0.557651,0,0.836305,0.868421,0.969626,0,0.962176,330,11,0
0x45De8ebc6345D389a6fC603b4469374941Bb4DbD,0,0.6,0,0,0.794957,0.019607,0,0.000999,0.526932,1,0,1
0x31B31F97FAcFE8E64fC42a04ebF9c5c9eb5c2732,0,0.6,0,0,0.851774,0.038461,0,0.001996,0.539546,2,0,2
0xEccF3Cb26Db51A6315a0b89823fFd27DF8fc4b83,0,0.6,0,0,0.859602,0.074074,0,0.002991,0.54611,4,0,3
0xd06141409150cdbcaCA25Fe572f3195579Cf82D0,0,0.907418,0.499037,0,0.651132,0.166666,0.806419,0.487461,0.901708,10,1,1
0xd1EFc843D9067D87200108C5B66ddab35A991912,0,0.633432,0.511467,0.383823,0.82453,0.642857,0.914376,0,0.740836,90,7,0
0x8925C7B27ecEa9b45D90A993a15778aD92a62b89,0,0.797221,0.225873,0,0.833939,0.295774,0.684183,0,0.839044,21,5,0
0x255cf343479561055Fae10Ed7a844EE53e31a8dB,0,0.603477,0.002624,0,0.854702,0.038461,0.031195,0,0.548162,2,1,0
0x0f8127DA6def3d555F6EF8630A15Fe06ffef0b81,0,0.581423,0.009494,0.015724,0.70886,0.137931,0.023437,0,0.5166,8,2,0
0xA898201182ff5A10Bf90e7Ef48422beA0C2ecE12,0,0.85858,0.35423,0,0.638614,0.206349,0.802434,0,0.877522,13,1,0
0xb7Ef26944894D13500eCBC571C701fA46259A0b7,0,0.600267,0.0002,0,0.869561,0.122807,0.000199,0.000998,0.555545,7,1,1
0x2d8FeDb175fd645595FfD95D3432b0A1e93f82b1,0,0.975378,0.820588,0,0.746683,0.5,0.995054,0,0.976441,50,5,0
0x9DC275dae19f3b816bCEB77E1663945F01997B2d,0,0.6,0,0,0.619201,0.056603,0.194847,0,0.531037,3,0,0
0x139B3F8938D2C57730B6D654178a7159D0dBc8E8,0,0.635151,0.028091,0,0.818304,0.074074,0.799967,0.880982,0.603927,4,1,1
0xB6629cf07b7Ac26b7DC8bbbFfB0e039cDef95830,0,0.963322,0.748221,0,0.788126,0.853801,0.995529,0.040264,0.976934,292,3,1
0x6355a9FBcA21D56756E1A9657216456BD6538368,0,0.6,0,0,0.843603,0.019607,0,0.000999,0.535412,1,0,1
0x4eEEa9D3ad1e0067D90B17Aa0f32592f2Eb77700,0,0.909764,0.507354,0,0.669224,0.350649,0.976634,0,0.934732,27,1,0
0x7cf1A015152B2e85a55Ed74Ffbc3C2EEf9C440c3,0,0.798513,0.228141,0,0.705794,0.253731,0.363867,0,0.794479,17,4,0
0xEbD1bE9734fdbc2A28ca6a8Ed0984f3B16d03Dc0,0,0.6,0,0,0.641792,0.21875,0.848457,0,0.652393,14,0,0
0x72346232A044Ac852FC7E7482E62C6E692D99FD4,0,0.78203,0.200342,0,0.479923,0.315068,0.225286,0,0.740173,23,2,0
0x6A406Dd1C9D6F7651025b80B705195AE56942085,0,0.6,0,0,0.843655,0.074074,0.002394,0,0.543995,4,0,0
0x39974D2b414e0eD5E7898A85bc4113A108ac76e5,0,0.6,0,0,0.610164,0.038461,0.004777,0,0.498265,2,0,0
0x2e49378F19D8dBaFe777d1888e0098ed20538E2c,0,0.990313,0.923598,0,0.612326,0.561403,0.997176,0,0.98119,64,3,0
0xd2808A68b0E7a85963E65e390EB881d388CeecD7,0,0.572559,0.014174,0.023402,0.706051,0.180327,0.244484,0,0.547484,11,3,0
0xFE88Afc32D905b81C1199a346AE63553A4216748,0,0.6,0,0,0.581562,0.122807,0.300405,0,0.550086,7,0,0
0x35B0F80AD2b6c9353efbE4c949B602fA8fe90B19,0,0.6,0,0,0.740048,0.137931,0.305169,0,0.580272,8,0,0
0x2A03B4492DDb31a2213C4Ca8d58956E5E53fF5ad,0,0.782477,0.201065,0,0.569883,0.450549,0.639457,0.806741,0.753913,41,2,3
0xD294441e6527cc4F02b8c4a1b560f58B477fB310,0,0.713449,0.106164,0,0.758319,0.122807,0.551891,0,0.722441,7,1,0
0x7C0cE0aBC10E8b0907E4ae8d9835029f0112080e,0,0.838109,0.306153,0,0.750589,0.39759,0.469889,0,0.858597,33,2,0
0xf3506dc5544326bDeeAE4A49799a3ad7f275f67e,0,0.304227,0.225803,0.327098,0.691616,0.122807,0.411418,0.199359,0.293721,7,1,1
0xC164111D12Ded6A9DD5D6C532727bd5C10CD89Dd,0,0.816275,0.45119,0.125571,0.767214,0.793388,0.720451,0.04823,0.8875,192,12,1
0x5320438976D7B6D5Ed686655aAa6C1F054438bd8,0,0.910561,0.510214,0,0.583558,0.230769,0.753561,0,0.917184,15,2,0
0x4168dCc5b64EFf83b624bd236c0f57a54d94bb99,0,0.71601,0.109171,0,0.736575,0.358974,0.306422,0,0.720749,28,2,0
0xDDcF322339c32f29c350234f4A8196A986FeA514,0,0.728775,0.124679,0,0.699533,0.137931,0.13897,0,0.679654,8,2,0
0x0b0bca989785d148bB2b2F6E66D5c4329942b4f8,0,0.6,0,0,0.520012,0.019607,0.000599,0.002991,0.478747,1,0,1
0x854e5258494456858147DfF41d315e1A1ad4701a,0,0.609697,0.007398,0,0.875352,0.285714,0.142808,0,0.609872,20,3,0
0x62f4Dd8B542b7c949AC86C7f1Dc5c68655E0fB34,0,0.983482,0.87445,0,0.621289,0.615384,0.991784,0.503306,0.974732,80,2,1
0x99CB01B50B45C2FA9d73D1EA54AC41635bFcAE4B,0,0.845005,0.321676,0,0.724931,0.180327,0.399615,0,0.840924,11,2,0
0x40f7645d96Ade7066E329bC48729AaaD7F901973,0,0.6,0,0,0.699567,0.137931,0.743009,0.935321,0.545903,8,0,3
0xc0b7B4F02C2B90fC47F6642DE8B10d00605F881A,0,0.62592,0.020363,0,0.843696,0.107142,0.514798,0.38031,0.611062,6,1,1
0x6eD8e69F0f8359f076299F2Ea38f2Bd63939776c,0,0.941882,0.638307,0,0.777872,0.137931,0.973015,0,0.952412,8,2,0
0x0335f428955506D0c06D18b8Fa5a8AaBf7462E59,0,0.435311,0.335631,0.358069,0.743064,0.541284,0.625608,0,0.5083,59,4,0
0x97aE271CDaEFd56FBe40fC8DD625Ca1D57429B22,0,0.753352,0.359196,0.133261,0.73378,0.21875,0.550682,0,0.775259,14,2,0
0xA7bAa84d5475463d2985d2328F6399C68DEdBC91,0,0.6,0,0,0.659962,0.019607,0.840515,0.963438,0.533119,1,0,1
0x54fc56E485c98dFF1f5A4b56A7094263f6aC50C7,0,0.603464,0.002614,0,0.8546,0.038461,0.031007,0,0.548104,2,1,0
0xcd043F2196ee3D679688A976Fa2F28e455D47727,0,0.9061,0.49443,0,0.723533,0.880668,0.971232,0,0.951444,369,6,0
0x19B520AB390a955bbcf13eF69006Fa598e12315b,0,0.855396,0.346343,0,0.531039,0.21875,0.55048,0,0.848691,14,1,0
0x5a2079450f5D9abdEA4996E88E6710F86838FE0b,0,0.613952,0.010725,0,0.854608,0.038461,0.013612,0,0.555467,2,1,0
0x5a70378EFF3146ABA0B60C268C30f177BF7A67A9,0,0.6,0,0,0.465648,0.019607,0.166527,0.499749,0.444662,1,0,1
0xaDDD2127a96F7D84a4A21b7780B1534f5451E79a,0,0.6,0,0,0.533679,0.122807,0.945351,0.988571,0.539676,7,0,1
0x84c2fA2213267163b515A046a343eEb5B99cAfC7,0,0.736672,0.134728,0,0.85065,0.509803,0.845935,0,0.824247,52,4,0
0xbAbE4A0Dc9412f73Aa0e4bC4a076428dFC27E69B,0,0.932645,0.597036,0,0.615429,0.193548,0.968382,0,0.942273,12,1,0
0xDcA40dF4Fb441FCd2E720cBE2f27136E8F7DdeB9,0,0.6,0,0,0.851776,0.038461,0.0099,0,0.54122,2,0,0
0x35ecBE55F382ed5B62a9c7F464B79278Ca68795b,0,0.253034,0.359683,0.46604,0.731787,0.342105,0.530075,0,0.306697,26,3,0
0x111084f441C6704DDfd7e6B7d7AaF6f81C54994f,0,0.757798,0.258037,0.057925,0.764799,0.709302,0.706469,0,0.841175,122,4,0
0xC0D6A0aE5041A7Fe2d451C4E21744dBa96751e4E,0,0.318902,0.378602,0.4542,0.699641,0.166666,0.553372,0,0.328383,10,2,0
0xcbbbEfcac8B3613C1a3F6b3A9e918C73311addD1,0,0.784152,0.203788,0,0.533607,0.253731,0.216178,0,0.741701,17,1,0
0x1e567b7A92D3dc290F9aD3A82eaCB8b9Fa4201Cb,0,0.991514,0.932619,0,0.59742,0.509803,0.998507,0,0.980897,52,2,0
0x24d1c8230Eaa71a316A0069B47e6b9984dd7F652,0,0.715872,0.109009,0,0.760087,0.242424,0.409681,0.315191,0.696339,16,2,1
0x1Dcfc6DeBC873023dA39a8a227d7A23636Fab1A1,0,0.6,0,0,0.757673,0.019607,0.051952,0.21507,0.506818,1,0,1
0x2946fd461f84111f2ba62dD05CAb9a16a39b201D,0,0.546649,0.028445,0.046526,0.856221,0.152542,0.001996,0,0.509744,9,2,0
0xC42fA49C60adDb120ec98BC1EBfc488A107339E5,0,0.833363,0.295839,0,0.210328,0.038461,0.285714,0,0.743591,2,1,0
0xd0BF1231d7E15C433a654949383923fFfb6B1A52,0,0.6,0,0,0.75773,0.056603,0.909089,0,0.656971,3,0,0
0x8B28fe7B8629AF4d268Da42bf8058de875c6284d,0,0.848639,0.330122,0,0.670477,0.390243,0.36094,0.113464,0.847144,32,3,1
0xC2Ec157be7921E9bA1D9754444F381A2f0c19562,0,0.837968,0.305843,0,0.7462,0.152542,0.873038,0,0.86926,9,2,0
0x7822159ee394D14745Cde63a706F965fB73c7Ac8,0,0.927728,0.576345,0,0.755008,0.523809,0.997986,0.923617,0.935577,55,1,2
0xe88AB6Fa7F02C3ED96985dE5e50Cca7CEeA54D4e,0,0.896859,0.463365,0,0.834053,0.655172,0.998723,0.705982,0.92799,95,1,1
0xAe24B4BDAD4633f0961dc66A491473d6BC8E5BA0,0,0.824599,0.277533,0,0.757928,0.484536,0.936695,0,0.885325,47,2,0
0x11E470cC39E65cB9DBB785f4Eef87e2Ce8111eb2,0,0.6,0,0,0.84358,0.038461,0,0,0.538319,2,0,0
0x53982608b053663753EDd19360d99d164268BB30,0,0.692391,0.082658,0,0.617008,0.230769,0.407442,0.486772,0.632349,15,1,1
0x00F25B1C2410cEdf130Cc622618Ba8d03C24dE3e,0,0.625611,0.020109,0,0.837257,0.090909,0.282742,0,0.610449,5,1,0
0x5d4a62fB87C3D926a2F8Bfd5171C49eE4dA3d5A0,0,0.642853,0.034746,0,0.733532,0.056603,0.082905,0,0.575777,3,1,0
0x996C21916a63EceBD36F57051D900ff0b3030210,0,0.856767,0.34972,0,0.7665,0.489795,0.832434,0,0.90309,48,3,0
0x4bd29E0bE4E645156506fC0f89cfAa6FFB3a632B,0,0.6,0,0,0.853927,0.019607,0,0.000999,0.537209,1,0,1
0x8B047665d9B75Cfa54274540C4eE70c9110a4DBf,0,0.897667,0.465997,0,0.697029,0.712643,0.821211,0.300335,0.928153,124,4,1
0xfCD968F78cf4631394Beb3F50310C0aBE62FC7D6,0,0.6,0,0,0.717466,0.090909,0.034376,0.076638,0.521671,5,0,2
0x1b6Cd4bd588d02Fb9e8a67D52b2Dbc4B2478d691,0,0.811727,0.252265,0,0.824604,0.315068,0.891728,0,0.866948,23,1,0
0xeE1d92ed36721Ee4A24ada4359169f1634871D8b,0,0.6,0,0,0.536884,0.849397,0.994371,0.938279,0.656282,282,0,1
0x62473ECB19a28f0Fcb0253818A8e583b999974a7,0,0.6,0,0,0.512067,0.802371,0.998849,0,0.726945,203,0,0
0xF10BE32C82bE762d23608cC5C21638127f0D54BC,0,0.857875,0.35247,0,0.619705,0.038461,0.801886,0,0.864025,2,1,0
0x9A8E17813B98b97f989CAd119D9E5F0B1671c70F,0,0.6,0,0,0.705835,0.253731,0.21433,0,0.578085,17,0,0
0x731be2092fdB93A6bA50be5FF2eAB0b3b25AA945,0,0.443222,0.247601,0.277334,0.784267,0.315068,0.715682,0,0.514468,23,3,0
0x0A0AE914771Ec0a5851049864cCC27B1bAa8CD43,0,0.986282,0.894154,0,0.820597,0.915254,0.998799,0.369653,0.983444,540,6,2
0x7fd1dBcBf10e20fC80475F596DE39fea707Ce675,0,0.663409,0.053492,0,0.861862,0.315068,0.377877,0.342313,0.662923,23,5,2
0x55B99f6F09892d08C5f3F9771E6023067Eb2875d,0,0.749679,0.1521,0,0.707153,0.056603,0.610318,0,0.750222,3,1,0
0xb8A67198aDD38f515e7c9866B1dB94C3890d6655,0,0.6,0,0,0.85396,0.019607,0,0.000999,0.537215,1,0,1
0x90884bfE42016A76451c40F74936D971279413B6,0,0.403939,0.297655,0.341693,0.830596,0.647887,0.946815,0,0.563144,92,4,0
0xB72C8Bf1Ca1714753AB376b53000Db917964Dc28,0,0.842221,0.315331,0,0.842889,0.557522,0.979522,0,0.908942,63,6,0
0x79d792b073fA2600654eE78A325A8150B9bed726,0,0.6,0,0,0.758738,0.107142,0.682459,0,0.632946,6,0,0
0x7Ec62A6855193FE0C2a7f98ab2f31d4F1f972E7d,0,0.6,0,0,0.449623,0.074074,0.003785,0,0.475383,4,0,0
0xf412ac1e7a156149c6Ec02De8D399dFc52ECBff2,0,0.6,0,0,0.627483,0.107142,0.008723,0,0.512186,6,0,0
0x0C650F6fc9eC00eAB93D28674524d49A9e90BF3A,0,0.6,0,0,0.72593,0.253731,0.107939,0.298245,0.536399,17,0,2
0xDcDDC13826717f855C3f5532AFbd95421f8Fe5AE,0,0.605777,0.004377,0,0.851875,0.107142,0.085254,0,0.567993,6,1,0
0xBB95F2771672E06e6a614D39361C90e3Cf37037C,0,0.146266,0.482035,0.608005,0.784094,0.743589,0.933161,0,0.334009,145,7,0
0x41dfed8a4Cd602e2868b9d7606aA13e622762a99,0,0.942884,0.642985,0,0.69848,0.657534,0.95546,0,0.962877,96,5,0
0xF9321aD87606D3b4B9C7A11E14beFB9743e70E04,0,0.71199,0.104466,0,0.528953,0.107142,0.146612,0,0.630989,6,1,0
0x112447617df6e1a54d50eeF8AAcA1194E3438321,0,0.926151,0.569882,0,0.810715,0.671052,0.818168,0.296195,0.949162,102,7,2
0xfD81B27D9796a1BA7d7171eA70010c9befB2a62a,0,0.976656,0.828788,0,0.733592,0.792531,0.998944,0,0.980469,191,4,0
0xbDB4BcE725C50240b90687aF10Ef29525432b052,0,0.6,0,0,0.745856,0.038461,0.002991,0,0.521728,2,0,0
0x8b10665d86305A1b3C4A0825a9A5A04C90B32c69,0,0.6,0,0,0.844398,0.056603,0,0,0.541166,3,0,0
0xcED3c0723f9cc8A6160604cB61F9877161283AA4,0,0.65603,0.046591,0,0.651181,0.193548,0.087924,0,0.595715,12,1,0
0x00205Dc9a8c3D6cE3AcB2584130cFB7993Ce209C,0,0.953047,0.692854,0,0.840275,0.772727,0.942974,0,0.972362,170,14,0
0x3A43Ff2Cc59Cfd34B2E8872d56BAaAbD6428644F,0,0.61211,0.009279,0,0.84843,0.038461,0.176141,0,0.576608,2,1,0
0xE57650a82E96186518D71cf566276b0F8f66d593,0,0.6,0,0,0.854637,0.019607,0,0.000999,0.537333,1,0,1
0x0fa06F493a512C1840b13FdDf6BF1852Fbf02ce1,0,0.901991,0.480354,0,0.398574,0.242424,0.609497,0.431793,0.873482,16,3,2
0x5fB168c075cEb144e90ac1F775700024514b40b4,0,0.58947,0.00533,0.008852,0.841579,0.038461,0,0,0.528597,2,1,0
0xB44aE70Ac0099019efd8Adc2cB35c21522001840,0,0.6,0,0,0.712019,0.242424,0.080206,0,0.557738,16,0,0
